question_id,course_code,intent,difficulty,english_question,bangla_question,banglish_question,ground_truth_answer_en,ground_truth_answer_bn,ground_truth_answer_banglish,expected_source,expected_page,ground_truth_status,notes
Q001,GENERAL,prospectus_metadata,medium,What is the title of the undergraduate prospectus?,আন্ডারগ্র্যাজুয়েট প্রসপেক্টাসটির শিরোনাম কী?,Undergraduate prospectus-tar title ki?,"The title is Prospectus (Undergraduate Program) 2017-18 for the Department of Computer Science & Engineering, UAP.",শিরোনামটি হলো UAP-এর Department of Computer Science & Engineering-এর Prospectus (Undergraduate Program) 2017-18।,Title holo UAP-er Department of Computer Science & Engineering-er Prospectus (Undergraduate Program) 2017-18.,curricula_BSc-Curriculum-New.pdf,1,verified,Imported from uap_cse_multilingual_rag_dataset.xlsx.
Q002,GENERAL,publisher,medium,Who published the prospectus?,প্রসপেক্টাসটি কে প্রকাশ করেছে?,Prospectus-ta ke publish koreche?,"The prospectus was published by the Department of Computer Science & Engineering, University of Asia Pacific.",প্রসপেক্টাসটি University of Asia Pacific-এর Department of Computer Science & Engineering প্রকাশ করেছে।,Prospectus-ta University of Asia Pacific-er Department of Computer Science & Engineering publish koreche.,curricula_BSc-Curriculum-New.pdf,2,verified,Imported from uap_cse_multilingual_rag_dataset.xlsx.
Q003,GENERAL,edition,medium,What edition and date are listed for the prospectus?,প্রসপেক্টাসে কোন সংস্করণ ও তারিখ দেওয়া আছে?,Prospectus-e kon edition ar date deya ache?,"The prospectus is the 13th Edition, July 2017.","প্রসপেক্টাসটি 13th Edition, July 2017।","Prospectus-ta 13th Edition, July 2017.",curricula_BSc-Curriculum-New.pdf,2,verified,Imported from uap_cse_multilingual_rag_dataset.xlsx.
Q004,GENERAL,general,medium,What email address is listed for correspondence with the CSE Head?,CSE Head-এর সঙ্গে যোগাযোগের জন্য কোন ইমেইল দেওয়া আছে?,CSE Head-er sathe correspondence-er jonno kon email deya ache?,The correspondence email for the CSE Head is headcse@uap-bd.edu.,CSE Head-এর যোগাযোগের ইমেইল হলো headcse@uap-bd.edu।,CSE Head-er correspondence email holo headcse@uap-bd.edu.,curricula_BSc-Curriculum-New.pdf,2,verified,Imported from uap_cse_multilingual_rag_dataset.xlsx.
Q005,GENERAL,general,medium,What does the disclaimer say about the prospectus information?,প্রসপেক্টাসের তথ্য সম্পর্কে ডিসক্লেইমারে কী বলা হয়েছে?,Prospectus-er information niye disclaimer-e ki bola hoyeche?,"The information in the prospectus is subject to change at the discretion of the Department of CSE, UAP.","প্রসপেক্টাসের তথ্য Department of CSE, UAP-এর বিবেচনায় পরিবর্তনযোগ্য।","Prospectus-er information Department of CSE, UAP-er discretion-e change hote pare.",curricula_BSc-Curriculum-New.pdf,3,verified,Imported from uap_cse_multilingual_rag_dataset.xlsx.
Q006,GENERAL,general,medium,When was UAP established?,UAP কখন প্রতিষ্ঠিত হয়?,UAP kobe established hoy?,UAP was established in 1996.,UAP 1996 সালে প্রতিষ্ঠিত হয়।,UAP 1996 shale established hoy.,curricula_BSc-Curriculum-New.pdf,4,verified,Imported from uap_cse_multilingual_rag_dataset.xlsx.
Q007,GENERAL,general,medium,Which two bachelor degree programs did UAP initially offer?,UAP শুরুতে কোন দুইটি ব্যাচেলর ডিগ্রি প্রোগ্রাম অফার করেছিল?,UAP shurute kon duita bachelor degree program offer korechilo?,UAP initially offered four-year bachelor degree programs in Computer Science & Engineering and Business Administration.,UAP শুরুতে Computer Science & Engineering এবং Business Administration-এ চার বছরের ব্যাচেলর ডিগ্রি প্রোগ্রাম অফার করেছিল।,UAP shurute Computer Science & Engineering ebong Business Administration-e four-year bachelor degree program offer korechilo.,curricula_BSc-Curriculum-New.pdf,4,verified,Imported from uap_cse_multilingual_rag_dataset.xlsx.
Q008,GENERAL,general,medium,How many B.Sc.Engg. graduates had received degrees according to the prospectus?,প্রসপেক্টাস অনুযায়ী কতজন B.Sc.Engg. গ্র্যাজুয়েট ডিগ্রি পেয়েছে?,Prospectus onujayi kotojon B.Sc.Engg. graduate degree peyechilo?,"According to the prospectus, B.Sc.Engg. degrees had been conferred on 2200 graduates.",প্রসপেক্টাস অনুযায়ী 2200 জন গ্র্যাজুয়েটকে B.Sc.Engg. ডিগ্রি দেওয়া হয়েছে।,Prospectus onujayi 2200 graduate-ke B.Sc.Engg. degree deya hoyeche.,curricula_BSc-Curriculum-New.pdf,4,verified,Imported from uap_cse_multilingual_rag_dataset.xlsx.
Q009,GENERAL,general,medium,What accreditation did the CSE Department receive from IEB?,CSE Department IEB থেকে কী স্বীকৃতি পেয়েছে?,CSE Department IEB theke ki accreditation peyechhe?,The CSE Department received IEB accreditation for the BSc in CSE program starting from August 2014.,CSE Department August 2014 থেকে BSc in CSE প্রোগ্রামের জন্য IEB accreditation পেয়েছে।,CSE Department August 2014 theke BSc in CSE program-er jonno IEB accreditation peyechhe.,curricula_BSc-Curriculum-New.pdf,6,verified,Imported from uap_cse_multilingual_rag_dataset.xlsx.
Q010,GENERAL,topics,medium,Under which act did UAP start its operation?,UAP কোন আইনের অধীনে কার্যক্রম শুরু করেছিল?,UAP kon act-er odhine operation start korechilo?,UAP started its operation under the Private University Act 1992.,UAP Private University Act 1992-এর অধীনে কার্যক্রম শুরু করেছিল।,UAP Private University Act 1992-er odhine operation start korechilo.,curricula_BSc-Curriculum-New.pdf,8,verified,Imported from uap_cse_multilingual_rag_dataset.xlsx.
Q011,GENERAL,topics,medium,How many undergraduate and postgraduate disciplines does UAP offer according to the introduction?,ভূমিকায় UAP কয়টি আন্ডারগ্র্যাজুয়েট ও পোস্টগ্র্যাজুয়েট ডিসিপ্লিন অফার করে বলা হয়েছে?,Introduction-e UAP koyta undergraduate ar postgraduate discipline offer kore bola hoyeche?,The introduction says UAP offers undergraduate programs in nine disciplines and post-graduate programs in eight disciplines.,ভূমিকায় বলা হয়েছে UAP নয়টি ডিসিপ্লিনে আন্ডারগ্র্যাজুয়েট এবং আটটি ডিসিপ্লিনে পোস্টগ্র্যাজুয়েট প্রোগ্রাম অফার করে।,Introduction-e bola hoyeche UAP nine discipline-e undergraduate ar eight discipline-e post-graduate program offer kore.,curricula_BSc-Curriculum-New.pdf,8,verified,Imported from uap_cse_multilingual_rag_dataset.xlsx.
Q012,GENERAL,general,medium,Who is named as the Vice-Chancellor in the prospectus?,প্রসপেক্টাসে Vice-Chancellor হিসেবে কার নাম দেওয়া আছে?,Prospectus-e Vice-Chancellor hisebe kar naam deya ache?,Prof. Dr. Jamilur Reza Choudhury is named as the Vice-Chancellor.,Prof. Dr. Jamilur Reza Choudhury-কে Vice-Chancellor হিসেবে উল্লেখ করা হয়েছে।,Prof. Dr. Jamilur Reza Choudhury-ke Vice-Chancellor hisebe mention kora hoyeche.,curricula_BSc-Curriculum-New.pdf,8,verified,Imported from uap_cse_multilingual_rag_dataset.xlsx.
Q013,GENERAL,general,medium,Where is the UAP Administration located?,UAP Administration কোথায় অবস্থিত?,UAP Administration kothay located?,"UAP Administration is located at 74/A, Green Road, Farmgate, Dhaka-1215, Bangladesh.","UAP Administration 74/A, Green Road, Farmgate, Dhaka-1215, Bangladesh-এ অবস্থিত।","UAP Administration 74/A, Green Road, Farmgate, Dhaka-1215, Bangladesh-e located.",curricula_BSc-Curriculum-New.pdf,11,verified,Imported from uap_cse_multilingual_rag_dataset.xlsx.
Q014,GENERAL,general,medium,What is the admission office email address?,Admission Office-এর ইমেইল ঠিকানা কী?,Admission Office-er email address ki?,The admission office email addresses are admission@uap-bd.edu and registrar@uap-bd.edu.,Admission Office-এর ইমেইল ঠিকানা হলো admission@uap-bd.edu এবং registrar@uap-bd.edu।,Admission Office-er email address holo admission@uap-bd.edu ebong registrar@uap-bd.edu.,curricula_BSc-Curriculum-New.pdf,11,verified,Imported from uap_cse_multilingual_rag_dataset.xlsx.
Q015,GENERAL,semester_plan,medium,How many regular semesters are there in an academic year?,একটি শিক্ষাবর্ষে কয়টি নিয়মিত সেমিস্টার থাকে?,Ek academic year-e koyta regular semester thake?,There are two regular semesters in an academic year: Fall and Spring.,একটি শিক্ষাবর্ষে দুটি নিয়মিত সেমিস্টার থাকে: Fall এবং Spring।,Ek academic year-e duita regular semester thake: Fall ar Spring.,curricula_BSc-Curriculum-New.pdf,17,verified,Imported from uap_cse_multilingual_rag_dataset.xlsx.
Q016,GENERAL,semester_plan,medium,How long is a regular semester?,একটি নিয়মিত সেমিস্টারের মোট মেয়াদ কত?,Ekta regular semester-er total duration koto?,A regular semester totals 18 weeks.,একটি নিয়মিত সেমিস্টারের মোট মেয়াদ 18 সপ্তাহ।,Ekta regular semester total 18 weeks.,curricula_BSc-Curriculum-New.pdf,17,verified,Imported from uap_cse_multilingual_rag_dataset.xlsx.
Q017,GENERAL,semester_plan,medium,How many weeks of classes are in a regular semester?,নিয়মিত সেমিস্টারে ক্লাস কত সপ্তাহ হয়?,Regular semester-e class koy shoptaho hoy?,A regular semester has 15 weeks of classes.,নিয়মিত সেমিস্টারে 15 সপ্তাহ ক্লাস হয়।,Regular semester-e 15 weeks class hoy.,curricula_BSc-Curriculum-New.pdf,17,verified,Imported from uap_cse_multilingual_rag_dataset.xlsx.
Q018,GENERAL,course_credit,medium,How is one credit assigned for theoretical courses?,থিওরেটিক্যাল কোর্সে এক ক্রেডিট কীভাবে নির্ধারিত হয়?,Theoretical course-e one credit kivabe assigned hoy?,"For theoretical courses, one lecture per week per semester is equivalent to one credit.",থিওরেটিক্যাল কোর্সে প্রতি সেমিস্টারে প্রতি সপ্তাহে এক লেকচার এক ক্রেডিটের সমান।,Theoretical course-e per week per semester one lecture one credit-er equivalent.,curricula_BSc-Curriculum-New.pdf,17,verified,Imported from uap_cse_multilingual_rag_dataset.xlsx.
Q019,GENERAL,general,medium,What is Category 1 in the registration process?,রেজিস্ট্রেশন প্রক্রিয়ায় Category 1 কী?,Registration process-e Category 1 ki?,Category 1 is for students who passed all prescribed semester courses and have no backlog.,Category 1 হলো যারা সেমিস্টারের সব নির্ধারিত কোর্সে পাস করেছে এবং কোনো backlog নেই।,Category 1 holo students jara semester-er shob prescribed course pass koreche ebong kono backlog nei.,curricula_BSc-Curriculum-New.pdf,18,verified,Imported from uap_cse_multilingual_rag_dataset.xlsx.
Q020,GENERAL,mark_distribution,medium,What is the mark distribution for a theoretical course?,থিওরেটিক্যাল কোর্সে মার্কস বণ্টন কী?,Theoretical course-e marks distribution ki?,"The distribution is Assessment 30%, Mid Semester 20%, and Final Exam 50%.","বণ্টন হলো Assessment 30%, Mid Semester 20%, এবং Final Exam 50%।","Distribution holo Assessment 30%, Mid Semester 20%, ar Final Exam 50%.",curricula_BSc-Curriculum-New.pdf,18,verified,Imported from uap_cse_multilingual_rag_dataset.xlsx.
Q021,GENERAL,assessment,medium,What numeric mark earns an A+ grade?,কত নম্বর পেলে A+ গ্রেড হয়?,Koto marks pele A+ grade hoy?,A numeric grade of 80% and above earns A+ with grade point 4.00.,80% বা তার বেশি নম্বরে A+ গ্রেড এবং grade point 4.00 হয়।,80% and above marks-e A+ grade ar grade point 4.00 hoy.,curricula_BSc-Curriculum-New.pdf,19,verified,Imported from uap_cse_multilingual_rag_dataset.xlsx.
Q022,GENERAL,general,medium,What happens if a student gets less than 40% in a course?,কোনো কোর্সে 40%-এর কম পেলে কী হয়?,Kono course-e 40%-er kom pele ki hoy?,Less than 40% results in an F grade with grade point 0.00.,40%-এর কম নম্বরে F গ্রেড এবং grade point 0.00 হয়।,40%-er kom marks-e F grade ar grade point 0.00 hoy.,curricula_BSc-Curriculum-New.pdf,19,verified,Imported from uap_cse_multilingual_rag_dataset.xlsx.
Q023,GENERAL,general,medium,What attendance is required to sit for the final examination?,ফাইনাল পরীক্ষায় বসতে কত উপস্থিতি দরকার?,Final exam-e boshte koto attendance dorkar?,A student must attend at least 70% of all classes held in every course to sit for the final examination.,ফাইনাল পরীক্ষায় বসতে প্রত্যেক কোর্সে অনুষ্ঠিত ক্লাসের অন্তত 70% উপস্থিতি দরকার।,Final exam-e boshte prottek course-e held classes-er at least 70% attendance dorkar.,curricula_BSc-Curriculum-New.pdf,20,verified,Imported from uap_cse_multilingual_rag_dataset.xlsx.
Q024,GENERAL,general,medium,What CGPA is required for a degree with honors?,ডিগ্রি উইথ অনার্সের জন্য কত CGPA দরকার?,Degree with honors-er jonno koto CGPA dorkar?,A candidate is awarded a degree with honors if the CGPA is 3.75 or above.,CGPA 3.75 বা তার বেশি হলে degree with honors দেওয়া হয়।,CGPA 3.75 or above hole degree with honors deya hoy.,curricula_BSc-Curriculum-New.pdf,20,verified,Imported from uap_cse_multilingual_rag_dataset.xlsx.
Q025,GENERAL,general,medium,What CGPA is considered normal progress toward a degree?,ডিগ্রির দিকে normal progress হিসেবে কত CGPA ধরা হয়?,Degree-r dike normal progress hisebe koto CGPA dhora hoy?,A CGPA of 2.25 or better is considered normal progress toward a degree.,CGPA 2.25 বা তার বেশি হলে ডিগ্রির দিকে normal progress ধরা হয়।,CGPA 2.25 or better hole degree-r dike normal progress dhora hoy.,curricula_BSc-Curriculum-New.pdf,20,verified,Imported from uap_cse_multilingual_rag_dataset.xlsx.
Q026,GENERAL,general,medium,What is the fee for re-examination of a final answer script?,ফাইনাল answer script re-examination-এর ফি কত?,Final answer script re-examination-er fee koto?,The re-examination fee is Taka 200 per script.,প্রতি script re-examination-এর ফি Taka 200।,Per script re-examination fee Taka 200.,curricula_BSc-Curriculum-New.pdf,20,verified,Imported from uap_cse_multilingual_rag_dataset.xlsx.
Q027,GENERAL,general,medium,Within how many working days must a re-examination application be submitted?,Re-examination application কত working day-এর মধ্যে জমা দিতে হয়?,Re-examination application koto working day-er moddhe submit korte hoy?,The application must be submitted within 7 working days from publication of final results.,ফাইনাল ফল প্রকাশের 7 working day-এর মধ্যে application জমা দিতে হয়।,Final result publish howar 7 working day-er moddhe application submit korte hoy.,curricula_BSc-Curriculum-New.pdf,20,verified,Imported from uap_cse_multilingual_rag_dataset.xlsx.
Q028,GENERAL,general,medium,When is a student allowed to appear at a repeat examination?,কখন একজন শিক্ষার্থী repeat examination দিতে পারে?,Kokhon ekjon student repeat examination dite pare?,"A student may appear at a repeat examination if they fail in three theory courses or less, not exceeding 10 credit hours.",তিনটি বা তার কম theory course-এ ফেল করলে এবং তা 10 credit hour-এর বেশি না হলে repeat examination দেওয়া যায়।,"Tin ta ba tar kom theory course-e fail korle, 10 credit hour exceed na korle, repeat examination deya jay.",curricula_BSc-Curriculum-New.pdf,20,verified,Imported from uap_cse_multilingual_rag_dataset.xlsx.
Q029,GENERAL,general,medium,What is the fee for a repeat examination course?,Repeat examination-এর প্রতি কোর্সের ফি কত?,Repeat examination-er per course fee koto?,The repeat examination fee is Taka 3000 per course.,Repeat examination-এর ফি প্রতি course Taka 3000।,Repeat examination-er fee per course Taka 3000.,curricula_BSc-Curriculum-New.pdf,21,verified,Imported from uap_cse_multilingual_rag_dataset.xlsx.
Q030,GENERAL,assessment,medium,How many courses can a student repeat for grade improvement?,Grade improvement-এর জন্য একজন শিক্ষার্থী সর্বোচ্চ কয়টি কোর্স repeat করতে পারে?,Grade improvement-er jonno ekjon student maximum koyta course repeat korte pare?,"For grade improvement, a student may repeat a maximum of four courses.",Grade improvement-এর জন্য একজন শিক্ষার্থী সর্বোচ্চ চারটি course repeat করতে পারে।,Grade improvement-er jonno ekjon student maximum four courses repeat korte pare.,curricula_BSc-Curriculum-New.pdf,21,verified,Imported from uap_cse_multilingual_rag_dataset.xlsx.
Q031,GENERAL,mark_distribution,medium,What percentage of total seats is reserved for children of Freedom Fighters?,Freedom Fighters-এর সন্তানদের জন্য মোট আসনের কত শতাংশ সংরক্ষিত?,Freedom Fighters-er children-der jonno total seats-er koto percent reserved?,3% of total seats are reserved for the children of Freedom Fighters.,Freedom Fighters-এর সন্তানদের জন্য মোট আসনের 3% সংরক্ষিত।,Freedom Fighters-er children-der jonno total seats-er 3% reserved.,curricula_BSc-Curriculum-New.pdf,22,verified,Imported from uap_cse_multilingual_rag_dataset.xlsx.
Q032,CSE 101,course_credit,medium,How many credits is CSE 101 Introduction to Computer Science & Programming Methodology?,CSE 101 Introduction to Computer Science & Programming Methodology কোর্সটির ক্রেডিট কত?,CSE 101 Introduction to Computer Science & Programming Methodology course-er credit koto?,CSE 101 Introduction to Computer Science & Programming Methodology is a 3.00-credit course.,CSE 101 Introduction to Computer Science & Programming Methodology 3.00 ক্রেডিটের কোর্স।,CSE 101 Introduction to Computer Science & Programming Methodology 3.00-credit course.,curricula_BSc-Curriculum-New.pdf,51,verified,Imported from uap_cse_multilingual_rag_dataset.xlsx.
Q033,CSE 102,course_credit,medium,How many credits is CSE 102 Introduction to Computer Sc. & Programming Methodology Lab?,CSE 102 Introduction to Computer Sc. & Programming Methodology Lab কোর্সটির ক্রেডিট কত?,CSE 102 Introduction to Computer Sc. & Programming Methodology Lab course-er credit koto?,CSE 102 Introduction to Computer Sc. & Programming Methodology Lab is a 1.50-credit course.,CSE 102 Introduction to Computer Sc. & Programming Methodology Lab 1.50 ক্রেডিটের কোর্স।,CSE 102 Introduction to Computer Sc. & Programming Methodology Lab 1.50-credit course.,curricula_BSc-Curriculum-New.pdf,51,verified,Imported from uap_cse_multilingual_rag_dataset.xlsx.
Q034,HSS 101,course_credit,medium,How many credits is HSS 101 English I: Written and Spoken English?,HSS 101 English I: Written and Spoken English কোর্সটির ক্রেডিট কত?,HSS 101 English I: Written and Spoken English course-er credit koto?,HSS 101 English I: Written and Spoken English is a 3.00-credit course.,HSS 101 English I: Written and Spoken English 3.00 ক্রেডিটের কোর্স।,HSS 101 English I: Written and Spoken English 3.00-credit course.,curricula_BSc-Curriculum-New.pdf,51,verified,Imported from uap_cse_multilingual_rag_dataset.xlsx.
Q035,HSS 111,course_credit,medium,How many credits is HSS 111(A) Bangladesh Studies: Society and Culture?,HSS 111(A) Bangladesh Studies: Society and Culture কোর্সটির ক্রেডিট কত?,HSS 111(A) Bangladesh Studies: Society and Culture course-er credit koto?,HSS 111(A) Bangladesh Studies: Society and Culture is a 2.00-credit course.,HSS 111(A) Bangladesh Studies: Society and Culture 2.00 ক্রেডিটের কোর্স।,HSS 111(A) Bangladesh Studies: Society and Culture 2.00-credit course.,curricula_BSc-Curriculum-New.pdf,51,verified,Imported from uap_cse_multilingual_rag_dataset.xlsx.
Q036,HSS 111,course_credit,medium,How many credits is HSS 111(B) Bangladesh Studies: Bangladesh History?,HSS 111(B) Bangladesh Studies: Bangladesh History কোর্সটির ক্রেডিট কত?,HSS 111(B) Bangladesh Studies: Bangladesh History course-er credit koto?,HSS 111(B) Bangladesh Studies: Bangladesh History is a 2.00-credit course.,HSS 111(B) Bangladesh Studies: Bangladesh History 2.00 ক্রেডিটের কোর্স।,HSS 111(B) Bangladesh Studies: Bangladesh History 2.00-credit course.,curricula_BSc-Curriculum-New.pdf,51,verified,Imported from uap_cse_multilingual_rag_dataset.xlsx.
Q037,PHY 101,course_credit,medium,How many credits is PHY 101 Physics?,PHY 101 Physics কোর্সটির ক্রেডিট কত?,PHY 101 Physics course-er credit koto?,PHY 101 Physics is a 3.00-credit course.,PHY 101 Physics 3.00 ক্রেডিটের কোর্স।,PHY 101 Physics 3.00-credit course.,curricula_BSc-Curriculum-New.pdf,51,verified,Imported from uap_cse_multilingual_rag_dataset.xlsx.
Q038,PHY 102,course_credit,medium,How many credits is PHY 102 Physics Lab?,PHY 102 Physics Lab কোর্সটির ক্রেডিট কত?,PHY 102 Physics Lab course-er credit koto?,PHY 102 Physics Lab is a 1.50-credit course.,PHY 102 Physics Lab 1.50 ক্রেডিটের কোর্স।,PHY 102 Physics Lab 1.50-credit course.,curricula_BSc-Curriculum-New.pdf,51,verified,Imported from uap_cse_multilingual_rag_dataset.xlsx.
Q039,MTH 101,course_credit,medium,"How many credits is MTH 101 Math I: Basic Calculus, Co-ordinate Geometry?","MTH 101 Math I: Basic Calculus, Co-ordinate Geometry কোর্সটির ক্রেডিট কত?","MTH 101 Math I: Basic Calculus, Co-ordinate Geometry course-er credit koto?","MTH 101 Math I: Basic Calculus, Co-ordinate Geometry is a 3.00-credit course.","MTH 101 Math I: Basic Calculus, Co-ordinate Geometry 3.00 ক্রেডিটের কোর্স।","MTH 101 Math I: Basic Calculus, Co-ordinate Geometry 3.00-credit course.",curricula_BSc-Curriculum-New.pdf,51,verified,Imported from uap_cse_multilingual_rag_dataset.xlsx.
Q040,CSE 103,course_credit,medium,How many credits is CSE 103 Structured Programming?,CSE 103 Structured Programming কোর্সটির ক্রেডিট কত?,CSE 103 Structured Programming course-er credit koto?,CSE 103 Structured Programming is a 3.00-credit course.,CSE 103 Structured Programming 3.00 ক্রেডিটের কোর্স।,CSE 103 Structured Programming 3.00-credit course.,curricula_BSc-Curriculum-New.pdf,52,verified,Imported from uap_cse_multilingual_rag_dataset.xlsx.
Q041,CSE 104,course_credit,medium,How many credits is CSE 104 Structured Programming Lab?,CSE 104 Structured Programming Lab কোর্সটির ক্রেডিট কত?,CSE 104 Structured Programming Lab course-er credit koto?,CSE 104 Structured Programming Lab is a 1.50-credit course.,CSE 104 Structured Programming Lab 1.50 ক্রেডিটের কোর্স।,CSE 104 Structured Programming Lab 1.50-credit course.,curricula_BSc-Curriculum-New.pdf,52,verified,Imported from uap_cse_multilingual_rag_dataset.xlsx.
Q042,CSE 105,course_credit,medium,How many credits is CSE 105 Discrete Mathematics?,CSE 105 Discrete Mathematics কোর্সটির ক্রেডিট কত?,CSE 105 Discrete Mathematics course-er credit koto?,CSE 105 Discrete Mathematics is a 3.00-credit course.,CSE 105 Discrete Mathematics 3.00 ক্রেডিটের কোর্স।,CSE 105 Discrete Mathematics 3.00-credit course.,curricula_BSc-Curriculum-New.pdf,52,verified,Imported from uap_cse_multilingual_rag_dataset.xlsx.
Q043,EEE 121,course_credit,medium,How many credits is EEE 121 Electrical & Electronic Engineering I?,EEE 121 Electrical & Electronic Engineering I কোর্সটির ক্রেডিট কত?,EEE 121 Electrical & Electronic Engineering I course-er credit koto?,EEE 121 Electrical & Electronic Engineering I is a 3.00-credit course.,EEE 121 Electrical & Electronic Engineering I 3.00 ক্রেডিটের কোর্স।,EEE 121 Electrical & Electronic Engineering I 3.00-credit course.,curricula_BSc-Curriculum-New.pdf,52,verified,Imported from uap_cse_multilingual_rag_dataset.xlsx.
Q044,EEE 122,course_credit,medium,How many credits is EEE 122 Electrical & Electronic Engineering I Lab?,EEE 122 Electrical & Electronic Engineering I Lab কোর্সটির ক্রেডিট কত?,EEE 122 Electrical & Electronic Engineering I Lab course-er credit koto?,EEE 122 Electrical & Electronic Engineering I Lab is a 1.50-credit course.,EEE 122 Electrical & Electronic Engineering I Lab 1.50 ক্রেডিটের কোর্স।,EEE 122 Electrical & Electronic Engineering I Lab 1.50-credit course.,curricula_BSc-Curriculum-New.pdf,52,verified,Imported from uap_cse_multilingual_rag_dataset.xlsx.
Q045,MTH 103,course_credit,medium,How many credits is MTH 103 Math II: Linear Algebra?,MTH 103 Math II: Linear Algebra কোর্সটির ক্রেডিট কত?,MTH 103 Math II: Linear Algebra course-er credit koto?,MTH 103 Math II: Linear Algebra is a 3.00-credit course.,MTH 103 Math II: Linear Algebra 3.00 ক্রেডিটের কোর্স।,MTH 103 Math II: Linear Algebra 3.00-credit course.,curricula_BSc-Curriculum-New.pdf,52,verified,Imported from uap_cse_multilingual_rag_dataset.xlsx.
Q046,CHEM 111,course_credit,medium,How many credits is CHEM 111 Chemistry?,CHEM 111 Chemistry কোর্সটির ক্রেডিট কত?,CHEM 111 Chemistry course-er credit koto?,CHEM 111 Chemistry is a 3.00-credit course.,CHEM 111 Chemistry 3.00 ক্রেডিটের কোর্স।,CHEM 111 Chemistry 3.00-credit course.,curricula_BSc-Curriculum-New.pdf,52,verified,Imported from uap_cse_multilingual_rag_dataset.xlsx.
Q047,CHEM 112,course_credit,medium,How many credits is CHEM 112 Chemistry Lab?,CHEM 112 Chemistry Lab কোর্সটির ক্রেডিট কত?,CHEM 112 Chemistry Lab course-er credit koto?,CHEM 112 Chemistry Lab is a 1.50-credit course.,CHEM 112 Chemistry Lab 1.50 ক্রেডিটের কোর্স।,CHEM 112 Chemistry Lab 1.50-credit course.,curricula_BSc-Curriculum-New.pdf,52,verified,Imported from uap_cse_multilingual_rag_dataset.xlsx.
Q048,CSE 203,course_credit,medium,How many credits is CSE 203 Object Oriented Programming I: Java?,CSE 203 Object Oriented Programming I: Java কোর্সটির ক্রেডিট কত?,CSE 203 Object Oriented Programming I: Java course-er credit koto?,CSE 203 Object Oriented Programming I: Java is a 3.00-credit course.,CSE 203 Object Oriented Programming I: Java 3.00 ক্রেডিটের কোর্স।,CSE 203 Object Oriented Programming I: Java 3.00-credit course.,curricula_BSc-Curriculum-New.pdf,52,verified,Imported from uap_cse_multilingual_rag_dataset.xlsx.
Q049,CSE 204,course_credit,medium,How many credits is CSE 204 Object Oriented Programming I Lab: Java Lab?,CSE 204 Object Oriented Programming I Lab: Java Lab কোর্সটির ক্রেডিট কত?,CSE 204 Object Oriented Programming I Lab: Java Lab course-er credit koto?,CSE 204 Object Oriented Programming I Lab: Java Lab is a 1.50-credit course.,CSE 204 Object Oriented Programming I Lab: Java Lab 1.50 ক্রেডিটের কোর্স।,CSE 204 Object Oriented Programming I Lab: Java Lab 1.50-credit course.,curricula_BSc-Curriculum-New.pdf,52,verified,Imported from uap_cse_multilingual_rag_dataset.xlsx.
Q050,CSE 205,course_credit,medium,How many credits is CSE 205 Data Structures?,CSE 205 Data Structures কোর্সটির ক্রেডিট কত?,CSE 205 Data Structures course-er credit koto?,CSE 205 Data Structures is a 3.00-credit course.,CSE 205 Data Structures 3.00 ক্রেডিটের কোর্স।,CSE 205 Data Structures 3.00-credit course.,curricula_BSc-Curriculum-New.pdf,52,verified,Imported from uap_cse_multilingual_rag_dataset.xlsx.
Q051,CSE 206,course_credit,medium,How many credits is CSE 206 Data Structures Lab?,CSE 206 Data Structures Lab কোর্সটির ক্রেডিট কত?,CSE 206 Data Structures Lab course-er credit koto?,CSE 206 Data Structures Lab is a 1.50-credit course.,CSE 206 Data Structures Lab 1.50 ক্রেডিটের কোর্স।,CSE 206 Data Structures Lab 1.50-credit course.,curricula_BSc-Curriculum-New.pdf,52,verified,Imported from uap_cse_multilingual_rag_dataset.xlsx.
Q052,MTH 201,course_credit,medium,How many credits is MTH 201 Math III: Multivariable Calculus?,MTH 201 Math III: Multivariable Calculus কোর্সটির ক্রেডিট কত?,MTH 201 Math III: Multivariable Calculus course-er credit koto?,MTH 201 Math III: Multivariable Calculus is a 3.00-credit course.,MTH 201 Math III: Multivariable Calculus 3.00 ক্রেডিটের কোর্স।,MTH 201 Math III: Multivariable Calculus 3.00-credit course.,curricula_BSc-Curriculum-New.pdf,52,verified,Imported from uap_cse_multilingual_rag_dataset.xlsx.
Q053,EEE 221,course_credit,medium,How many credits is EEE 221 Electrical & Electronic Engineering II?,EEE 221 Electrical & Electronic Engineering II কোর্সটির ক্রেডিট কত?,EEE 221 Electrical & Electronic Engineering II course-er credit koto?,EEE 221 Electrical & Electronic Engineering II is a 4.00-credit course.,EEE 221 Electrical & Electronic Engineering II 4.00 ক্রেডিটের কোর্স।,EEE 221 Electrical & Electronic Engineering II 4.00-credit course.,curricula_BSc-Curriculum-New.pdf,52,verified,Imported from uap_cse_multilingual_rag_dataset.xlsx.
Q054,EEE 222,course_credit,medium,How many credits is EEE 222 Electrical & Electronic Engineering II Lab?,EEE 222 Electrical & Electronic Engineering II Lab কোর্সটির ক্রেডিট কত?,EEE 222 Electrical & Electronic Engineering II Lab course-er credit koto?,EEE 222 Electrical & Electronic Engineering II Lab is a 1.50-credit course.,EEE 222 Electrical & Electronic Engineering II Lab 1.50 ক্রেডিটের কোর্স।,EEE 222 Electrical & Electronic Engineering II Lab 1.50-credit course.,curricula_BSc-Curriculum-New.pdf,52,verified,Imported from uap_cse_multilingual_rag_dataset.xlsx.
Q055,MTH 203,course_credit,medium,How many credits is MTH 203 Probability & Statistics?,MTH 203 Probability & Statistics কোর্সটির ক্রেডিট কত?,MTH 203 Probability & Statistics course-er credit koto?,MTH 203 Probability & Statistics is a 3.00-credit course.,MTH 203 Probability & Statistics 3.00 ক্রেডিটের কোর্স।,MTH 203 Probability & Statistics 3.00-credit course.,curricula_BSc-Curriculum-New.pdf,52,verified,Imported from uap_cse_multilingual_rag_dataset.xlsx.
Q056,CSE 207,course_credit,medium,How many credits is CSE 207 Algorithms?,CSE 207 Algorithms কোর্সটির ক্রেডিট কত?,CSE 207 Algorithms course-er credit koto?,CSE 207 Algorithms is a 3.00-credit course.,CSE 207 Algorithms 3.00 ক্রেডিটের কোর্স।,CSE 207 Algorithms 3.00-credit course.,curricula_BSc-Curriculum-New.pdf,53,verified,Imported from uap_cse_multilingual_rag_dataset.xlsx.
Q057,CSE 208,course_credit,medium,How many credits is CSE 208 Algorithms Lab?,CSE 208 Algorithms Lab কোর্সটির ক্রেডিট কত?,CSE 208 Algorithms Lab course-er credit koto?,CSE 208 Algorithms Lab is a 1.50-credit course.,CSE 208 Algorithms Lab 1.50 ক্রেডিটের কোর্স।,CSE 208 Algorithms Lab 1.50-credit course.,curricula_BSc-Curriculum-New.pdf,53,verified,Imported from uap_cse_multilingual_rag_dataset.xlsx.
Q058,CSE 209,course_credit,medium,How many credits is CSE 209 Digital Logic & System Design?,CSE 209 Digital Logic & System Design কোর্সটির ক্রেডিট কত?,CSE 209 Digital Logic & System Design course-er credit koto?,CSE 209 Digital Logic & System Design is a 4.00-credit course.,CSE 209 Digital Logic & System Design 4.00 ক্রেডিটের কোর্স।,CSE 209 Digital Logic & System Design 4.00-credit course.,curricula_BSc-Curriculum-New.pdf,53,verified,Imported from uap_cse_multilingual_rag_dataset.xlsx.
Q059,CSE 210,course_credit,medium,How many credits is CSE 210 Digital Logic & System Design Lab?,CSE 210 Digital Logic & System Design Lab কোর্সটির ক্রেডিট কত?,CSE 210 Digital Logic & System Design Lab course-er credit koto?,CSE 210 Digital Logic & System Design Lab is a 1.50-credit course.,CSE 210 Digital Logic & System Design Lab 1.50 ক্রেডিটের কোর্স।,CSE 210 Digital Logic & System Design Lab 1.50-credit course.,curricula_BSc-Curriculum-New.pdf,53,verified,Imported from uap_cse_multilingual_rag_dataset.xlsx.
Q060,CSE 211,course_credit,medium,How many credits is CSE 211 Database Systems?,CSE 211 Database Systems কোর্সটির ক্রেডিট কত?,CSE 211 Database Systems course-er credit koto?,CSE 211 Database Systems is a 3.00-credit course.,CSE 211 Database Systems 3.00 ক্রেডিটের কোর্স।,CSE 211 Database Systems 3.00-credit course.,curricula_BSc-Curriculum-New.pdf,53,verified,Imported from uap_cse_multilingual_rag_dataset.xlsx.
Q061,CSE 212,course_credit,medium,How many credits is CSE 212 Database Systems Lab?,CSE 212 Database Systems Lab কোর্সটির ক্রেডিট কত?,CSE 212 Database Systems Lab course-er credit koto?,CSE 212 Database Systems Lab is a 1.50-credit course.,CSE 212 Database Systems Lab 1.50 ক্রেডিটের কোর্স।,CSE 212 Database Systems Lab 1.50-credit course.,curricula_BSc-Curriculum-New.pdf,53,verified,Imported from uap_cse_multilingual_rag_dataset.xlsx.
Q062,MTH 205,course_credit,medium,How many credits is MTH 205 Math IV: Differential Equations and Fourier and Laplace Transformations?,MTH 205 Math IV: Differential Equations and Fourier and Laplace Transformations কোর্সটির ক্রেডিট কত?,MTH 205 Math IV: Differential Equations and Fourier and Laplace Transformations course-er credit koto?,MTH 205 Math IV: Differential Equations and Fourier and Laplace Transformations is a 3.00-credit course.,MTH 205 Math IV: Differential Equations and Fourier and Laplace Transformations 3.00 ক্রেডিটের কোর্স।,MTH 205 Math IV: Differential Equations and Fourier and Laplace Transformations 3.00-credit course.,curricula_BSc-Curriculum-New.pdf,53,verified,Imported from uap_cse_multilingual_rag_dataset.xlsx.
Q063,ECN 201,course_credit,medium,How many credits is ECN 201 Economics?,ECN 201 Economics কোর্সটির ক্রেডিট কত?,ECN 201 Economics course-er credit koto?,ECN 201 Economics is a 2.00-credit course.,ECN 201 Economics 2.00 ক্রেডিটের কোর্স।,ECN 201 Economics 2.00-credit course.,curricula_BSc-Curriculum-New.pdf,53,verified,Imported from uap_cse_multilingual_rag_dataset.xlsx.
Q064,CSE 303,course_credit,medium,How many credits is CSE 303 Data Communications?,CSE 303 Data Communications কোর্সটির ক্রেডিট কত?,CSE 303 Data Communications course-er credit koto?,CSE 303 Data Communications is a 3.00-credit course.,CSE 303 Data Communications 3.00 ক্রেডিটের কোর্স।,CSE 303 Data Communications 3.00-credit course.,curricula_BSc-Curriculum-New.pdf,53,verified,Imported from uap_cse_multilingual_rag_dataset.xlsx.
Q065,CSE 304,course_credit,medium,How many credits is CSE 304 Data Communications Lab?,CSE 304 Data Communications Lab কোর্সটির ক্রেডিট কত?,CSE 304 Data Communications Lab course-er credit koto?,CSE 304 Data Communications Lab is a 0.75-credit course.,CSE 304 Data Communications Lab 0.75 ক্রেডিটের কোর্স।,CSE 304 Data Communications Lab 0.75-credit course.,curricula_BSc-Curriculum-New.pdf,53,verified,Imported from uap_cse_multilingual_rag_dataset.xlsx.
Q066,CSE 305,course_credit,medium,How many credits is CSE 305 System Analysis and Design?,CSE 305 System Analysis and Design কোর্সটির ক্রেডিট কত?,CSE 305 System Analysis and Design course-er credit koto?,CSE 305 System Analysis and Design is a 3.00-credit course.,CSE 305 System Analysis and Design 3.00 ক্রেডিটের কোর্স।,CSE 305 System Analysis and Design 3.00-credit course.,curricula_BSc-Curriculum-New.pdf,53,verified,Imported from uap_cse_multilingual_rag_dataset.xlsx.
Q067,CSE 306,course_credit,medium,How many credits is CSE 306 System Analysis & Design Lab?,CSE 306 System Analysis & Design Lab কোর্সটির ক্রেডিট কত?,CSE 306 System Analysis & Design Lab course-er credit koto?,CSE 306 System Analysis & Design Lab is a 0.75-credit course.,CSE 306 System Analysis & Design Lab 0.75 ক্রেডিটের কোর্স।,CSE 306 System Analysis & Design Lab 0.75-credit course.,curricula_BSc-Curriculum-New.pdf,53,verified,Imported from uap_cse_multilingual_rag_dataset.xlsx.
Q068,CSE 307,course_credit,medium,How many credits is CSE 307 Theory of Computation?,CSE 307 Theory of Computation কোর্সটির ক্রেডিট কত?,CSE 307 Theory of Computation course-er credit koto?,CSE 307 Theory of Computation is a 3.00-credit course.,CSE 307 Theory of Computation 3.00 ক্রেডিটের কোর্স।,CSE 307 Theory of Computation 3.00-credit course.,curricula_BSc-Curriculum-New.pdf,53,verified,Imported from uap_cse_multilingual_rag_dataset.xlsx.
Q069,CSE 309,course_credit,medium,How many credits is CSE 309 Object Oriented Programming II: Visual and Web Programming?,CSE 309 Object Oriented Programming II: Visual and Web Programming কোর্সটির ক্রেডিট কত?,CSE 309 Object Oriented Programming II: Visual and Web Programming course-er credit koto?,CSE 309 Object Oriented Programming II: Visual and Web Programming is a 3.00-credit course.,CSE 309 Object Oriented Programming II: Visual and Web Programming 3.00 ক্রেডিটের কোর্স।,CSE 309 Object Oriented Programming II: Visual and Web Programming 3.00-credit course.,curricula_BSc-Curriculum-New.pdf,53,verified,Imported from uap_cse_multilingual_rag_dataset.xlsx.
Q070,CSE 310,course_credit,medium,How many credits is CSE 310 Object Oriented Programming II Lab: Visual and Web Programming Lab?,CSE 310 Object Oriented Programming II Lab: Visual and Web Programming Lab কোর্সটির ক্রেডিট কত?,CSE 310 Object Oriented Programming II Lab: Visual and Web Programming Lab course-er credit koto?,CSE 310 Object Oriented Programming II Lab: Visual and Web Programming Lab is a 1.50-credit course.,CSE 310 Object Oriented Programming II Lab: Visual and Web Programming Lab 1.50 ক্রেডিটের কোর্স।,CSE 310 Object Oriented Programming II Lab: Visual and Web Programming Lab 1.50-credit course.,curricula_BSc-Curriculum-New.pdf,53,verified,Imported from uap_cse_multilingual_rag_dataset.xlsx.
Q071,CSE 311,course_credit,medium,How many credits is CSE 311 Microprocessors & Assembly Language?,CSE 311 Microprocessors & Assembly Language কোর্সটির ক্রেডিট কত?,CSE 311 Microprocessors & Assembly Language course-er credit koto?,CSE 311 Microprocessors & Assembly Language is a 3.00-credit course.,CSE 311 Microprocessors & Assembly Language 3.00 ক্রেডিটের কোর্স।,CSE 311 Microprocessors & Assembly Language 3.00-credit course.,curricula_BSc-Curriculum-New.pdf,53,verified,Imported from uap_cse_multilingual_rag_dataset.xlsx.
Q072,CSE 312,course_credit,medium,How many credits is CSE 312 Microprocessors & Assembly Lab?,CSE 312 Microprocessors & Assembly Lab কোর্সটির ক্রেডিট কত?,CSE 312 Microprocessors & Assembly Lab course-er credit koto?,CSE 312 Microprocessors & Assembly Lab is a 1.50-credit course.,CSE 312 Microprocessors & Assembly Lab 1.50 ক্রেডিটের কোর্স।,CSE 312 Microprocessors & Assembly Lab 1.50-credit course.,curricula_BSc-Curriculum-New.pdf,54,verified,Imported from uap_cse_multilingual_rag_dataset.xlsx.
Q073,HSS 301,course_credit,medium,How many credits is HSS 301 English II: English for Communications?,HSS 301 English II: English for Communications কোর্সটির ক্রেডিট কত?,HSS 301 English II: English for Communications course-er credit koto?,HSS 301 English II: English for Communications is a 2.00-credit course.,HSS 301 English II: English for Communications 2.00 ক্রেডিটের কোর্স।,HSS 301 English II: English for Communications 2.00-credit course.,curricula_BSc-Curriculum-New.pdf,54,verified,Imported from uap_cse_multilingual_rag_dataset.xlsx.
Q074,CSE 313,course_credit,medium,How many credits is CSE 313 Numerical Methods?,CSE 313 Numerical Methods কোর্সটির ক্রেডিট কত?,CSE 313 Numerical Methods course-er credit koto?,CSE 313 Numerical Methods is a 3.00-credit course.,CSE 313 Numerical Methods 3.00 ক্রেডিটের কোর্স।,CSE 313 Numerical Methods 3.00-credit course.,curricula_BSc-Curriculum-New.pdf,54,verified,Imported from uap_cse_multilingual_rag_dataset.xlsx.
Q075,CSE 314,course_credit,medium,How many credits is CSE 314 Numerical Methods Lab?,CSE 314 Numerical Methods Lab কোর্সটির ক্রেডিট কত?,CSE 314 Numerical Methods Lab course-er credit koto?,CSE 314 Numerical Methods Lab is a 0.75-credit course.,CSE 314 Numerical Methods Lab 0.75 ক্রেডিটের কোর্স।,CSE 314 Numerical Methods Lab 0.75-credit course.,curricula_BSc-Curriculum-New.pdf,54,verified,Imported from uap_cse_multilingual_rag_dataset.xlsx.
Q076,CSE 315,course_credit,medium,How many credits is CSE 315 Peripheral & Interfacing?,CSE 315 Peripheral & Interfacing কোর্সটির ক্রেডিট কত?,CSE 315 Peripheral & Interfacing course-er credit koto?,CSE 315 Peripheral & Interfacing is a 3.00-credit course.,CSE 315 Peripheral & Interfacing 3.00 ক্রেডিটের কোর্স।,CSE 315 Peripheral & Interfacing 3.00-credit course.,curricula_BSc-Curriculum-New.pdf,54,verified,Imported from uap_cse_multilingual_rag_dataset.xlsx.
Q077,CSE 316,course_credit,medium,How many credits is CSE 316 Peripheral & Interfacing Lab?,CSE 316 Peripheral & Interfacing Lab কোর্সটির ক্রেডিট কত?,CSE 316 Peripheral & Interfacing Lab course-er credit koto?,CSE 316 Peripheral & Interfacing Lab is a 1.50-credit course.,CSE 316 Peripheral & Interfacing Lab 1.50 ক্রেডিটের কোর্স।,CSE 316 Peripheral & Interfacing Lab 1.50-credit course.,curricula_BSc-Curriculum-New.pdf,54,verified,Imported from uap_cse_multilingual_rag_dataset.xlsx.
Q078,CSE 317,course_credit,medium,How many credits is CSE 317 Computer Architecture?,CSE 317 Computer Architecture কোর্সটির ক্রেডিট কত?,CSE 317 Computer Architecture course-er credit koto?,CSE 317 Computer Architecture is a 3.00-credit course.,CSE 317 Computer Architecture 3.00 ক্রেডিটের কোর্স।,CSE 317 Computer Architecture 3.00-credit course.,curricula_BSc-Curriculum-New.pdf,54,verified,Imported from uap_cse_multilingual_rag_dataset.xlsx.
Q079,CSE 319,course_credit,medium,How many credits is CSE 319 Computer Networks?,CSE 319 Computer Networks কোর্সটির ক্রেডিট কত?,CSE 319 Computer Networks course-er credit koto?,CSE 319 Computer Networks is a 3.00-credit course.,CSE 319 Computer Networks 3.00 ক্রেডিটের কোর্স।,CSE 319 Computer Networks 3.00-credit course.,curricula_BSc-Curriculum-New.pdf,54,verified,Imported from uap_cse_multilingual_rag_dataset.xlsx.
Q080,CSE 320,course_credit,medium,How many credits is CSE 320 Computer Networks Lab?,CSE 320 Computer Networks Lab কোর্সটির ক্রেডিট কত?,CSE 320 Computer Networks Lab course-er credit koto?,CSE 320 Computer Networks Lab is a 1.50-credit course.,CSE 320 Computer Networks Lab 1.50 ক্রেডিটের কোর্স।,CSE 320 Computer Networks Lab 1.50-credit course.,curricula_BSc-Curriculum-New.pdf,54,verified,Imported from uap_cse_multilingual_rag_dataset.xlsx.
Q081,CSE 101,prerequisite,medium,What prerequisite is listed for CSE 101 Introduction to Computer Science & Programming Methodology?,CSE 101 Introduction to Computer Science & Programming Methodology কোর্সের prerequisite কী দেওয়া আছে?,CSE 101 Introduction to Computer Science & Programming Methodology course-er prerequisite ki deya ache?,No prerequisite is listed for CSE 101 Introduction to Computer Science & Programming Methodology.,CSE 101 Introduction to Computer Science & Programming Methodology কোর্সের জন্য কোনো prerequisite দেওয়া নেই।,CSE 101 Introduction to Computer Science & Programming Methodology course-er jonno kono prerequisite deya nei.,curricula_BSc-Curriculum-New.pdf,51,verified,Imported from uap_cse_multilingual_rag_dataset.xlsx.
Q082,CSE 102,prerequisite,medium,What prerequisite is listed for CSE 102 Introduction to Computer Sc. & Programming Methodology Lab?,CSE 102 Introduction to Computer Sc. & Programming Methodology Lab কোর্সের prerequisite কী দেওয়া আছে?,CSE 102 Introduction to Computer Sc. & Programming Methodology Lab course-er prerequisite ki deya ache?,No prerequisite is listed for CSE 102 Introduction to Computer Sc. & Programming Methodology Lab.,CSE 102 Introduction to Computer Sc. & Programming Methodology Lab কোর্সের জন্য কোনো prerequisite দেওয়া নেই।,CSE 102 Introduction to Computer Sc. & Programming Methodology Lab course-er jonno kono prerequisite deya nei.,curricula_BSc-Curriculum-New.pdf,51,verified,Imported from uap_cse_multilingual_rag_dataset.xlsx.
Q083,HSS 101,prerequisite,medium,What prerequisite is listed for HSS 101 English I: Written and Spoken English?,HSS 101 English I: Written and Spoken English কোর্সের prerequisite কী দেওয়া আছে?,HSS 101 English I: Written and Spoken English course-er prerequisite ki deya ache?,No prerequisite is listed for HSS 101 English I: Written and Spoken English.,HSS 101 English I: Written and Spoken English কোর্সের জন্য কোনো prerequisite দেওয়া নেই।,HSS 101 English I: Written and Spoken English course-er jonno kono prerequisite deya nei.,curricula_BSc-Curriculum-New.pdf,51,verified,Imported from uap_cse_multilingual_rag_dataset.xlsx.
Q084,HSS 111,prerequisite,medium,What prerequisite is listed for HSS 111(A) Bangladesh Studies: Society and Culture?,HSS 111(A) Bangladesh Studies: Society and Culture কোর্সের prerequisite কী দেওয়া আছে?,HSS 111(A) Bangladesh Studies: Society and Culture course-er prerequisite ki deya ache?,No prerequisite is listed for HSS 111(A) Bangladesh Studies: Society and Culture.,HSS 111(A) Bangladesh Studies: Society and Culture কোর্সের জন্য কোনো prerequisite দেওয়া নেই।,HSS 111(A) Bangladesh Studies: Society and Culture course-er jonno kono prerequisite deya nei.,curricula_BSc-Curriculum-New.pdf,51,verified,Imported from uap_cse_multilingual_rag_dataset.xlsx.
Q085,HSS 111,prerequisite,medium,What prerequisite is listed for HSS 111(B) Bangladesh Studies: Bangladesh History?,HSS 111(B) Bangladesh Studies: Bangladesh History কোর্সের prerequisite কী দেওয়া আছে?,HSS 111(B) Bangladesh Studies: Bangladesh History course-er prerequisite ki deya ache?,No prerequisite is listed for HSS 111(B) Bangladesh Studies: Bangladesh History.,HSS 111(B) Bangladesh Studies: Bangladesh History কোর্সের জন্য কোনো prerequisite দেওয়া নেই।,HSS 111(B) Bangladesh Studies: Bangladesh History course-er jonno kono prerequisite deya nei.,curricula_BSc-Curriculum-New.pdf,51,verified,Imported from uap_cse_multilingual_rag_dataset.xlsx.
Q086,PHY 101,prerequisite,medium,What prerequisite is listed for PHY 101 Physics?,PHY 101 Physics কোর্সের prerequisite কী দেওয়া আছে?,PHY 101 Physics course-er prerequisite ki deya ache?,No prerequisite is listed for PHY 101 Physics.,PHY 101 Physics কোর্সের জন্য কোনো prerequisite দেওয়া নেই।,PHY 101 Physics course-er jonno kono prerequisite deya nei.,curricula_BSc-Curriculum-New.pdf,51,verified,Imported from uap_cse_multilingual_rag_dataset.xlsx.
Q087,PHY 102,prerequisite,medium,What prerequisite is listed for PHY 102 Physics Lab?,PHY 102 Physics Lab কোর্সের prerequisite কী দেওয়া আছে?,PHY 102 Physics Lab course-er prerequisite ki deya ache?,No prerequisite is listed for PHY 102 Physics Lab.,PHY 102 Physics Lab কোর্সের জন্য কোনো prerequisite দেওয়া নেই।,PHY 102 Physics Lab course-er jonno kono prerequisite deya nei.,curricula_BSc-Curriculum-New.pdf,51,verified,Imported from uap_cse_multilingual_rag_dataset.xlsx.
Q088,MTH 101,prerequisite,medium,"What prerequisite is listed for MTH 101 Math I: Basic Calculus, Co-ordinate Geometry?","MTH 101 Math I: Basic Calculus, Co-ordinate Geometry কোর্সের prerequisite কী দেওয়া আছে?","MTH 101 Math I: Basic Calculus, Co-ordinate Geometry course-er prerequisite ki deya ache?","No prerequisite is listed for MTH 101 Math I: Basic Calculus, Co-ordinate Geometry.","MTH 101 Math I: Basic Calculus, Co-ordinate Geometry কোর্সের জন্য কোনো prerequisite দেওয়া নেই।","MTH 101 Math I: Basic Calculus, Co-ordinate Geometry course-er jonno kono prerequisite deya nei.",curricula_BSc-Curriculum-New.pdf,51,verified,Imported from uap_cse_multilingual_rag_dataset.xlsx.
Q089,CSE 103,prerequisite,medium,What prerequisite is listed for CSE 103 Structured Programming?,CSE 103 Structured Programming কোর্সের prerequisite কী দেওয়া আছে?,CSE 103 Structured Programming course-er prerequisite ki deya ache?,The listed prerequisite for CSE 103 Structured Programming is CSE 101.,CSE 103 Structured Programming কোর্সের prerequisite হিসেবে CSE 101 দেওয়া আছে।,CSE 103 Structured Programming course-er prerequisite hisebe CSE 101 deya ache.,curricula_BSc-Curriculum-New.pdf,52,verified,Imported from uap_cse_multilingual_rag_dataset.xlsx.
Q090,CSE 104,prerequisite,medium,What prerequisite is listed for CSE 104 Structured Programming Lab?,CSE 104 Structured Programming Lab কোর্সের prerequisite কী দেওয়া আছে?,CSE 104 Structured Programming Lab course-er prerequisite ki deya ache?,No prerequisite is listed for CSE 104 Structured Programming Lab.,CSE 104 Structured Programming Lab কোর্সের জন্য কোনো prerequisite দেওয়া নেই।,CSE 104 Structured Programming Lab course-er jonno kono prerequisite deya nei.,curricula_BSc-Curriculum-New.pdf,52,verified,Imported from uap_cse_multilingual_rag_dataset.xlsx.
Q091,CSE 105,prerequisite,medium,What prerequisite is listed for CSE 105 Discrete Mathematics?,CSE 105 Discrete Mathematics কোর্সের prerequisite কী দেওয়া আছে?,CSE 105 Discrete Mathematics course-er prerequisite ki deya ache?,No prerequisite is listed for CSE 105 Discrete Mathematics.,CSE 105 Discrete Mathematics কোর্সের জন্য কোনো prerequisite দেওয়া নেই।,CSE 105 Discrete Mathematics course-er jonno kono prerequisite deya nei.,curricula_BSc-Curriculum-New.pdf,52,verified,Imported from uap_cse_multilingual_rag_dataset.xlsx.
Q092,EEE 121,prerequisite,medium,What prerequisite is listed for EEE 121 Electrical & Electronic Engineering I?,EEE 121 Electrical & Electronic Engineering I কোর্সের prerequisite কী দেওয়া আছে?,EEE 121 Electrical & Electronic Engineering I course-er prerequisite ki deya ache?,No prerequisite is listed for EEE 121 Electrical & Electronic Engineering I.,EEE 121 Electrical & Electronic Engineering I কোর্সের জন্য কোনো prerequisite দেওয়া নেই।,EEE 121 Electrical & Electronic Engineering I course-er jonno kono prerequisite deya nei.,curricula_BSc-Curriculum-New.pdf,52,verified,Imported from uap_cse_multilingual_rag_dataset.xlsx.
Q093,EEE 122,prerequisite,medium,What prerequisite is listed for EEE 122 Electrical & Electronic Engineering I Lab?,EEE 122 Electrical & Electronic Engineering I Lab কোর্সের prerequisite কী দেওয়া আছে?,EEE 122 Electrical & Electronic Engineering I Lab course-er prerequisite ki deya ache?,No prerequisite is listed for EEE 122 Electrical & Electronic Engineering I Lab.,EEE 122 Electrical & Electronic Engineering I Lab কোর্সের জন্য কোনো prerequisite দেওয়া নেই।,EEE 122 Electrical & Electronic Engineering I Lab course-er jonno kono prerequisite deya nei.,curricula_BSc-Curriculum-New.pdf,52,verified,Imported from uap_cse_multilingual_rag_dataset.xlsx.
Q094,MTH 103,prerequisite,medium,What prerequisite is listed for MTH 103 Math II: Linear Algebra?,MTH 103 Math II: Linear Algebra কোর্সের prerequisite কী দেওয়া আছে?,MTH 103 Math II: Linear Algebra course-er prerequisite ki deya ache?,No prerequisite is listed for MTH 103 Math II: Linear Algebra.,MTH 103 Math II: Linear Algebra কোর্সের জন্য কোনো prerequisite দেওয়া নেই।,MTH 103 Math II: Linear Algebra course-er jonno kono prerequisite deya nei.,curricula_BSc-Curriculum-New.pdf,52,verified,Imported from uap_cse_multilingual_rag_dataset.xlsx.
Q095,CHEM 111,prerequisite,medium,What prerequisite is listed for CHEM 111 Chemistry?,CHEM 111 Chemistry কোর্সের prerequisite কী দেওয়া আছে?,CHEM 111 Chemistry course-er prerequisite ki deya ache?,No prerequisite is listed for CHEM 111 Chemistry.,CHEM 111 Chemistry কোর্সের জন্য কোনো prerequisite দেওয়া নেই।,CHEM 111 Chemistry course-er jonno kono prerequisite deya nei.,curricula_BSc-Curriculum-New.pdf,52,verified,Imported from uap_cse_multilingual_rag_dataset.xlsx.
Q096,CHEM 112,prerequisite,medium,What prerequisite is listed for CHEM 112 Chemistry Lab?,CHEM 112 Chemistry Lab কোর্সের prerequisite কী দেওয়া আছে?,CHEM 112 Chemistry Lab course-er prerequisite ki deya ache?,No prerequisite is listed for CHEM 112 Chemistry Lab.,CHEM 112 Chemistry Lab কোর্সের জন্য কোনো prerequisite দেওয়া নেই।,CHEM 112 Chemistry Lab course-er jonno kono prerequisite deya nei.,curricula_BSc-Curriculum-New.pdf,52,verified,Imported from uap_cse_multilingual_rag_dataset.xlsx.
Q097,CSE 203,prerequisite,medium,What prerequisite is listed for CSE 203 Object Oriented Programming I: Java?,CSE 203 Object Oriented Programming I: Java কোর্সের prerequisite কী দেওয়া আছে?,CSE 203 Object Oriented Programming I: Java course-er prerequisite ki deya ache?,The listed prerequisite for CSE 203 Object Oriented Programming I: Java is CSE 103.,CSE 203 Object Oriented Programming I: Java কোর্সের prerequisite হিসেবে CSE 103 দেওয়া আছে।,CSE 203 Object Oriented Programming I: Java course-er prerequisite hisebe CSE 103 deya ache.,curricula_BSc-Curriculum-New.pdf,52,verified,Imported from uap_cse_multilingual_rag_dataset.xlsx.
Q098,CSE 204,prerequisite,medium,What prerequisite is listed for CSE 204 Object Oriented Programming I Lab: Java Lab?,CSE 204 Object Oriented Programming I Lab: Java Lab কোর্সের prerequisite কী দেওয়া আছে?,CSE 204 Object Oriented Programming I Lab: Java Lab course-er prerequisite ki deya ache?,No prerequisite is listed for CSE 204 Object Oriented Programming I Lab: Java Lab.,CSE 204 Object Oriented Programming I Lab: Java Lab কোর্সের জন্য কোনো prerequisite দেওয়া নেই।,CSE 204 Object Oriented Programming I Lab: Java Lab course-er jonno kono prerequisite deya nei.,curricula_BSc-Curriculum-New.pdf,52,verified,Imported from uap_cse_multilingual_rag_dataset.xlsx.
Q099,CSE 205,prerequisite,medium,What prerequisite is listed for CSE 205 Data Structures?,CSE 205 Data Structures কোর্সের prerequisite কী দেওয়া আছে?,CSE 205 Data Structures course-er prerequisite ki deya ache?,"The listed prerequisite for CSE 205 Data Structures is CSE 101, CSE 103, CSE 105.","CSE 205 Data Structures কোর্সের prerequisite হিসেবে CSE 101, CSE 103, CSE 105 দেওয়া আছে।","CSE 205 Data Structures course-er prerequisite hisebe CSE 101, CSE 103, CSE 105 deya ache.",curricula_BSc-Curriculum-New.pdf,52,verified,Imported from uap_cse_multilingual_rag_dataset.xlsx.
Q100,CSE 206,prerequisite,medium,What prerequisite is listed for CSE 206 Data Structures Lab?,CSE 206 Data Structures Lab কোর্সের prerequisite কী দেওয়া আছে?,CSE 206 Data Structures Lab course-er prerequisite ki deya ache?,No prerequisite is listed for CSE 206 Data Structures Lab.,CSE 206 Data Structures Lab কোর্সের জন্য কোনো prerequisite দেওয়া নেই।,CSE 206 Data Structures Lab course-er jonno kono prerequisite deya nei.,curricula_BSc-Curriculum-New.pdf,52,verified,Imported from uap_cse_multilingual_rag_dataset.xlsx.
