evaluation_id,language,answerability_status,answerability_reason,error_category,error
Q001:english,english,GENERATION_REJECTED,GENERATION_GROUNDING_FAILURE,UNKNOWN,
Q001:bangla,bangla,INSUFFICIENT_EVIDENCE,FIELD_NOT_SUPPORTED,UNKNOWN,
Q001:banglish,banglish,GENERATION_REJECTED,GENERATION_GROUNDING_FAILURE,UNKNOWN,
Q002:bangla,bangla,INSUFFICIENT_EVIDENCE,FIELD_NOT_SUPPORTED,RETRIEVAL_MISS,
Q004:english,english,INSUFFICIENT_EVIDENCE,FIELD_NOT_SUPPORTED,UNKNOWN,
Q006:bangla,bangla,INSUFFICIENT_EVIDENCE,FIELD_NOT_SUPPORTED,RETRIEVAL_MISS,
Q006:banglish,banglish,GENERATION_REJECTED,GENERATION_GROUNDING_FAILURE,GROUNDING_REJECTION,
Q008:english,english,GENERATION_REJECTED,GENERATION_GROUNDING_FAILURE,GROUNDING_REJECTION,
Q008:bangla,bangla,INSUFFICIENT_EVIDENCE,FIELD_NOT_SUPPORTED,RANKING_MISS,
Q008:banglish,banglish,GENERATION_REJECTED,GENERATION_SEMANTIC_FAILURE,GROUNDING_REJECTION,
Q012:english,english,INSUFFICIENT_EVIDENCE,FIELD_NOT_SUPPORTED,UNKNOWN,
Q012:bangla,bangla,INSUFFICIENT_EVIDENCE,FIELD_NOT_SUPPORTED,UNKNOWN,
Q016:english,english,GENERATION_REJECTED,GENERATION_GROUNDING_FAILURE,UNKNOWN,
Q016:bangla,bangla,RETRIEVAL_UNCERTAIN,RELATION_NOT_SUPPORTED,UNKNOWN,
Q016:banglish,banglish,GENERATION_REJECTED,GENERATION_SEMANTIC_FAILURE,UNKNOWN,
Q017:english,english,GENERATION_REJECTED,GENERATION_GROUNDING_FAILURE,UNKNOWN,
Q017:bangla,bangla,GENERATION_REJECTED,GENERATION_GROUNDING_FAILURE,UNKNOWN,
Q017:banglish,banglish,GENERATION_REJECTED,GENERATION_GROUNDING_FAILURE,UNKNOWN,
Q018:bangla,bangla,GENERATION_REJECTED,GENERATION_GROUNDING_FAILURE,GROUNDING_REJECTION,
Q021:bangla,bangla,GENERATION_REJECTED,GENERATION_SEMANTIC_FAILURE,UNKNOWN,
Q021:banglish,banglish,GENERATION_REJECTED,GENERATION_GROUNDING_FAILURE,UNKNOWN,
Q022:english,english,RETRIEVAL_UNCERTAIN,ENTITY_OWNERSHIP_UNCERTAIN,RANKING_MISS,
Q022:bangla,bangla,GENERATION_REJECTED,GENERATION_GROUNDING_FAILURE,UNKNOWN,
Q022:banglish,banglish,GENERATION_REJECTED,GENERATION_GROUNDING_FAILURE,UNKNOWN,
Q024:bangla,bangla,GENERATION_REJECTED,GENERATION_GROUNDING_FAILURE,UNKNOWN,
Q028:english,english,GENERATION_REJECTED,GENERATION_GROUNDING_FAILURE,UNKNOWN,
Q028:bangla,bangla,GENERATION_REJECTED,GENERATION_GROUNDING_FAILURE,GROUNDING_REJECTION,
Q028:banglish,banglish,GENERATION_REJECTED,GENERATION_GROUNDING_FAILURE,GROUNDING_REJECTION,
Q029:english,english,GENERATION_REJECTED,GENERATION_SEMANTIC_FAILURE,GROUNDING_REJECTION,
Q029:bangla,bangla,GENERATION_REJECTED,GENERATION_GROUNDING_FAILURE,GROUNDING_REJECTION,
Q029:banglish,banglish,GENERATION_REJECTED,GENERATION_SEMANTIC_FAILURE,GROUNDING_REJECTION,
Q031:english,english,GENERATION_REJECTED,GENERATION_GROUNDING_FAILURE,UNKNOWN,
Q031:bangla,bangla,GENERATION_REJECTED,GENERATION_SEMANTIC_FAILURE,UNKNOWN,
Q031:banglish,banglish,GENERATION_REJECTED,GENERATION_SEMANTIC_FAILURE,UNKNOWN,
Q034:english,english,CONFLICTING_EVIDENCE,CONFLICTING_VALUES,SOURCE_CONFLICT,
Q034:bangla,bangla,CONFLICTING_EVIDENCE,CONFLICTING_VALUES,SOURCE_CONFLICT,
Q034:banglish,banglish,CONFLICTING_EVIDENCE,CONFLICTING_VALUES,SOURCE_CONFLICT,
Q065:english,english,CONFLICTING_EVIDENCE,CONFLICTING_VALUES,SOURCE_CONFLICT,
Q065:bangla,bangla,CONFLICTING_EVIDENCE,CONFLICTING_VALUES,SOURCE_CONFLICT,
Q065:banglish,banglish,CONFLICTING_EVIDENCE,CONFLICTING_VALUES,SOURCE_CONFLICT,
