review_id,evaluation_id,base_question_id,language,question,reference_answer,final_answer,answer_strategy,answerability_status,intent,difficulty,cross_lingual_fallback_used,source,page,supporting_excerpt,reviewer_id,correctness,relevance,groundedness,completeness,naturalness,semantic_consistency,overall_acceptability,review_notes
R00001,Q007:bangla,Q007,bangla,UAP শুরুতে কোন দুইটি ব্যাচেলর ডিগ্রি প্রোগ্রাম অফার করেছিল?,UAP শুরুতে Computer Science & Engineering এবং Business Administration-এ চার বছরের ব্যাচেলর ডিগ্রি প্রোগ্রাম অফার করেছিল।,UAP শুরুতে Computer Science & Technology এবং Business Administration—এই দুইটি ব্যাচেলর ডিগ্রি প্রোগ্রাম চালু করেছিল।,semi_structured_relation,SUPPORTED,general,medium,True,curricula_BSc-Curriculum-New.pdf,8,"1. Introduction University of Asia Pacific (UAP) was established in 1996 with a vision to enhance the opportunities for higher education in Bangladesh. The University, under the Private University Act 1992, started its operation in 1996 by offering four -year Bachelor Degree Programs in Computer Science & Technology and Business Administration only. Now UAP offers undergraduate programs in nine disciplines and post-graduate programs in eight disciplines. Its curriculum has been approved by the University Grants Commission of the Government of the People's Republic of Bangladesh. UAP is sponsored by University of Asia Pacific Foundation, a non -profitable, non-commercial organization based in Dhaka, Bangladesh. The Foundation has been established in 1995 by a group of eminent educationalists, Industrialists and administrators who share the same vision and social commitments to promote improve and innovative educational opportunities to the society. UAP is the pr oject of such noble goals. Mr. Qayum Reza Chowdhury is the current Chairperson of this foundation.",,,,,,,,,
R00002,Q001:bangla,Q001,bangla,আন্ডারগ্র্যাজুয়েট প্রসপেক্টাসটির শিরোনাম কী?,শিরোনামটি হলো UAP-এর Department of Computer Science & Engineering-এর Prospectus (Undergraduate Program) 2017-18।,বিশ্ববিদ্যালয়ের নথিতে নির্ভরযোগ্যভাবে উত্তর দেওয়ার মতো পর্যাপ্ত তথ্য পাওয়া যায়নি।,unsupported,INSUFFICIENT_EVIDENCE,prospectus_metadata,medium,True,,,,,,,,,,,,
R00003,Q065:english,Q065,english,How many credits is CSE 304 Data Communications Lab?,CSE 304 Data Communications Lab is a 0.75-credit course.,The university documents contain conflicting information about this.,conflicting,CONFLICTING_EVIDENCE,course_credit,medium,False,curricula_BSc-Curriculum-New.pdf,53,CSE 304 Data Communications Lab 0.75 Nil,,,,,,,,,
R00004,Q017:english,Q017,english,How many weeks of classes are in a regular semester?,A regular semester has 15 weeks of classes.,"Relevant information was found, but I couldn't produce a reliable answer.",generation_rejected,GENERATION_REJECTED,semester_plan,medium,False,curricula_BSc-Curriculum-New.pdf,17,Classes 15 Weeks Recess before examination 1 Week Semester final examination 2 Weeks,,,,,,,,,
R00005,Q011:bangla,Q011,bangla,ভূমিকায় UAP কয়টি আন্ডারগ্র্যাজুয়েট ও পোস্টগ্র্যাজুয়েট ডিসিপ্লিন অফার করে বলা হয়েছে?,ভূমিকায় বলা হয়েছে UAP নয়টি ডিসিপ্লিনে আন্ডারগ্র্যাজুয়েট এবং আটটি ডিসিপ্লিনে পোস্টগ্র্যাজুয়েট প্রোগ্রাম অফার করে।,UAP 9টি আন্ডারগ্র্যাজুয়েট এবং 8টি পোস্টগ্র্যাজুয়েট ডিসিপ্লিনে প্রোগ্রাম অফার করে।,semi_structured_relation,SUPPORTED,topics,medium,True,curricula_BSc-Curriculum-New.pdf,8,"1. Introduction University of Asia Pacific (UAP) was established in 1996 with a vision to enhance the opportunities for higher education in Bangladesh. The University, under the Private University Act 1992, started its operation in 1996 by offering four -year Bachelor Degree Programs in Computer Science & Technology and Business Administration only. Now UAP offers undergraduate programs in nine disciplines and post-graduate programs in eight disciplines. Its curriculum has been approved by the University Grants Commission of the Government of the People's Republic of Bangladesh. UAP is sponsored by University of Asia Pacific Foundation, a non -profitable, non-commercial organization based in Dhaka, Bangladesh. The Foundation has been established in 1995 by a group of eminent educationalists, Industrialists and administrators who share the same vision and social commitments to promote improve and innovative educational opportunities to the society. UAP is the pr oject of such noble goals. Mr. Qayum Reza Chowdhury is the current Chairperson of this foundation.",,,,,,,,,
R00006,Q016:bangla,Q016,bangla,একটি নিয়মিত সেমিস্টারের মোট মেয়াদ কত?,একটি নিয়মিত সেমিস্টারের মোট মেয়াদ 18 সপ্তাহ।,"সম্পর্কিত তথ্য পাওয়া গেছে, কিন্তু তা এই নির্দিষ্ট প্রশ্নের উত্তর কি না নিশ্চিত করা যায়নি।",supported,RETRIEVAL_UNCERTAIN,semester_plan,medium,False,curricula_BSc-Curriculum-New.pdf,17,"Semester System There will be two semesters- Fall and Spring Semester in an academic year. In addition to these two regular semesters, there may be a short semester (Summer) in the intervening period between the e nd of Spring Semester and commencement of Fall Semester. Regular Semester",,,,,,,,,
R00007,Q002:bangla,Q002,bangla,প্রসপেক্টাসটি কে প্রকাশ করেছে?,প্রসপেক্টাসটি University of Asia Pacific-এর Department of Computer Science & Engineering প্রকাশ করেছে।,বিশ্ববিদ্যালয়ের নথিতে নির্ভরযোগ্যভাবে উত্তর দেওয়ার মতো পর্যাপ্ত তথ্য পাওয়া যায়নি।,unsupported,INSUFFICIENT_EVIDENCE,publisher,medium,True,,,,,,,,,,,,
R00008,Q099:bangla,Q099,bangla,CSE 205 Data Structures কোর্সের prerequisite কী দেওয়া আছে?,"CSE 205 Data Structures কোর্সের prerequisite হিসেবে CSE 101, CSE 103, CSE 105 দেওয়া আছে।","CSE 205 কোর্সটির prerequisite হলো CSE 101, CSE 103, CSE 105।",structured_exact,SUPPORTED,prerequisite,medium,False,curricula_BSc-Curriculum-New.pdf,68,"Course Code: CSE 205 Course Title: Data Structures Credits: 3.00 Prerequisite: CSE 101, CSE 103, CSE 105 Introduction to Data Structures, Purposes of data stru cture, operations. Complexity of Algorithms: Asymptotic Notation and Runtime Analysis of Algorithms, Array: Insertion, Deletion, Matrix representation of arrays, Multidimensional arrays, Pointers arrays, Record structures, Representation of records in memory; parallel arrays. Sparse matrices. Usefulness of sparse matrices. Strings: implementations and developing algorithms using strings. Linked List: Singly Linked Lists, Doubly Linked Lists and Circular Linked Lists. Basic Operations on Linked List (Insertion, Deletion, Searching, Sorting and Traverse). Stack: Basic Stack Operations (Push and Pop Operations), Infix, Postfix and Prefix Notation of Arithmetic Expressions, Conversions and Evaluations of Arithmetic Expressions Using Stack, Recursion: Direct and indirect recursion, Simulation of recursion, Depth of recursion, Removal of recursion. Towers of Hanoi using recursion. Queue: Basic Queue Operations (Insertion and Deletion), types of Queue, Linear Queue, Priority Queue, Circular Queue and Double-ended Queue, Searching – Sequential Searching, Binary Searching, Basic Sorting: Quick Sort, Merge Sort, Selection Sort, Inserting Sort, Radix Sort, Counting Sort, External Sort, Trees: Basic terminology, Binary Tree: Binary tree representation, Traversal of Binary Tree (Inorder, Preorder and Postorder), Application of Binary Trees. Set Representation, Counting Binary Trees, Binary Search Tree: BST representation, Basic",,,,,,,,,
R00009,Q031:bangla,Q031,bangla,Freedom Fighters-এর সন্তানদের জন্য মোট আসনের কত শতাংশ সংরক্ষিত?,Freedom Fighters-এর সন্তানদের জন্য মোট আসনের 3% সংরক্ষিত।,"প্রাসঙ্গিক তথ্য পাওয়া গেছে, কিন্তু নির্ভরযোগ্য উত্তর তৈরি করা যায়নি।",generation_rejected,GENERATION_REJECTED,mark_distribution,medium,False,curricula_BSc-Curriculum-New.pdf,22,Waiver Policy 3% of total seats are reserved for the children of Freedom Fighters and another 3% for meritorious but poor students from remote areas of Bangladesh. They will be offered full free education opportunity. 1. Top 3% students in each department will be offered 100% tuition waiver based on semester results. 2. Vice Chancellor‘s special tuition fee waiver will be offered in amount 10%-100% to poor but meritorious students. 3. 50% waiver for students with individual GP A of 5.00 in S.S.C and H.S.C. 4. 25% waiver for students with individual GPA of 4.50 in S.S.C and H.S.C.,,,,,,,,,
R00010,Q013:bangla,Q013,bangla,UAP Administration কোথায় অবস্থিত?,"UAP Administration 74/A, Green Road, Farmgate, Dhaka-1215, Bangladesh-এ অবস্থিত।","UAP Administration 74/A, Green Road, Farmgate, Dhaka - 1215, Bangladesh-এ অবস্থিত।",gguf_generation,SUPPORTED,general,medium,False,curricula_BSc-Curriculum-New.pdf,11,"1.6 The Campus UAP Administration 74/A, Green Road, Farmgate, Dhaka - 1215, Bangladesh PABX:+8802-58157091-4, +8802-58157096 Ext: 107, 114 FAX:+8802-58157097 Email: registrar@uap-bd.edu",,,,,,,,,
R00011,Q021:english,Q021,english,What numeric mark earns an A+ grade?,A numeric grade of 80% and above earns A+ with grade point 4.00.,80% and above is awarded grade A+.,structured_exact,SUPPORTED,assessment,medium,False,curricula_BSc-Curriculum-New.pdf,19,Numeric Grade Letter Grade Grade Point 80% and above A+ 4.00 75% to less than 80% A 3.75 70% to less than 75% A- 3.50 65% to less than 70% B+ 3.25 60% to less than 65% B 3.00 55% to less than 60% B- 2.75 50% to less than 55% C+ 2.50 45% to less than 50% C 2.25 40% to less than 45% D 2.00 Less than 40% F 0.00,,,,,,,,,
R00012,Q034:bangla,Q034,bangla,HSS 101 English I: Written and Spoken English কোর্সটির ক্রেডিট কত?,HSS 101 English I: Written and Spoken English 3.00 ক্রেডিটের কোর্স।,বিশ্ববিদ্যালয়ের নথিতে এই বিষয়ে পরস্পরবিরোধী তথ্য রয়েছে।,conflicting,CONFLICTING_EVIDENCE,course_credit,medium,False,curricula_BSc-Curriculum-New.pdf,61,"Course Code: HSS 101 Course Title: English I: Written and Spoken English Credits: 1.50 A. Written English: Writing Mechanics & Grammar: Spelling, Capitalization, Punctuation, Vocabulary Writing skills for formal and i nformal communications: Paragraph/ Essay/ Story Writing, Opinion Writing, Letter Writing – Formal and Informal, Memo Writing, Report Writing, E-mail Writing, Web Content Writing. Editing & Proofreading:…",,,,,,,,,
R00013,Q003:english,Q003,english,What edition and date are listed for the prospectus?,"The prospectus is the 13th Edition, July 2017.",The prospectus lists 13th Edition and the date July 2017.,semi_structured_relation,SUPPORTED,edition,medium,False,curricula_BSc-Curriculum-New.pdf,2,"Published by Department of Computer Science & Engineering University of Asia Pacific 74/A, Green Road, Dhaka-1215 Edition 13th Edition, July 2017 Address of Correspondence",,,,,,,,,
R00014,Q012:bangla,Q012,bangla,প্রসপেক্টাসে Vice-Chancellor হিসেবে কার নাম দেওয়া আছে?,Prof. Dr. Jamilur Reza Choudhury-কে Vice-Chancellor হিসেবে উল্লেখ করা হয়েছে।,বিশ্ববিদ্যালয়ের নথিতে নির্ভরযোগ্যভাবে উত্তর দেওয়ার মতো পর্যাপ্ত তথ্য পাওয়া যায়নি।,unsupported,INSUFFICIENT_EVIDENCE,general,medium,True,,,,,,,,,,,,
R00015,Q001:english,Q001,english,What is the title of the undergraduate prospectus?,"The title is Prospectus (Undergraduate Program) 2017-18 for the Department of Computer Science & Engineering, UAP.","Relevant information was found, but I couldn't produce a reliable answer.",generation_rejected,GENERATION_REJECTED,prospectus_metadata,medium,False,curricula_BSc-Curriculum-New.pdf,51,"4. Summary of Undergraduate Course The undergraduate students of different years of the Department of Computer Science and Engineering have to follow the course schedule given below. The letter prefix in any course number indic ates the discipline/subject offering the course viz. HSS for Humanities and Social Science, Business, Management Studies, Language etc., PHY for Physics, CHEM for Chemistry, MTH for Mathematics , ECN for Economics, ACN for Accounting and CSE for Computer Sc ience and Engineering. The first digit in the number indicates the year/level for which the course is intended; the second digit is assigned by the department and the last digit, if odd, indicates a theory course and if even, indicates a laboratory course. Core Courses First Year First Semester Course Code Course Title Credits Pre- Requisite",,,,,,,,,
R00016,Q034:english,Q034,english,How many credits is HSS 101 English I: Written and Spoken English?,HSS 101 English I: Written and Spoken English is a 3.00-credit course.,The university documents contain conflicting information about this.,conflicting,CONFLICTING_EVIDENCE,course_credit,medium,False,curricula_BSc-Curriculum-New.pdf,61,"Course Code: HSS 101 Course Title: English I: Written and Spoken English Credits: 1.50 A. Written English: Writing Mechanics & Grammar: Spelling, Capitalization, Punctuation, Vocabulary Writing skills for formal and i nformal communications: Paragraph/ Essay/ Story Writing, Opinion Writing, Letter Writing – Formal and Informal, Memo Writing, Report Writing, E-mail Writing, Web Content Writing. Editing & Proofreading:…",,,,,,,,,
R00017,Q031:banglish,Q031,banglish,Freedom Fighters-er children-der jonno total seats-er koto percent reserved?,Freedom Fighters-er children-der jonno total seats-er 3% reserved.,"Relevant tothyo paoa geche, kintu reliable uttor toiri kora jayni.",generation_rejected,GENERATION_REJECTED,mark_distribution,medium,False,curricula_BSc-Curriculum-New.pdf,22,Waiver Policy 3% of total seats are reserved for the children of Freedom Fighters and another 3% for meritorious but poor students from remote areas of Bangladesh. They will be offered full free education opportunity. 1. Top 3% students in each department will be offered 100% tuition waiver based on semester results. 2. Vice Chancellor‘s special tuition fee waiver will be offered in amount 10%-100% to poor but meritorious students. 3. 50% waiver for students with individual GP A of 5.00 in S.S.C and H.S.C. 4. 25% waiver for students with individual GPA of 4.50 in S.S.C and H.S.C.,,,,,,,,,
R00018,Q022:english,Q022,english,What happens if a student gets less than 40% in a course?,Less than 40% results in an F grade with grade point 0.00.,"I found related information, but couldn't verify that it answers this specific question.",unsupported,RETRIEVAL_UNCERTAIN,general,medium,False,,,,,,,,,,,,
R00019,Q082:banglish,Q082,banglish,CSE 102 Introduction to Computer Sc. & Programming Methodology Lab course-er prerequisite ki deya ache?,CSE 102 Introduction to Computer Sc. & Programming Methodology Lab course-er jonno kono prerequisite deya nei.,CSE 102 course-er kono prerequisite deya nei.,structured_exact,SUPPORTED,prerequisite,medium,False,curricula_BSc-Curriculum-New.pdf,61,Course Code: CSE 102 Course Title: Introduction to Computer Science & Programming Methodology Lab Credits: 1.50 Prerequisite: None Objective: Laboratory works and assignments will be based on CSE-101,,,,,,,,,
R00020,Q021:banglish,Q021,banglish,Koto marks pele A+ grade hoy?,80% and above marks-e A+ grade ar grade point 4.00 hoy.,"Relevant tothyo paoa geche, kintu reliable uttor toiri kora jayni.",generation_rejected,GENERATION_REJECTED,assessment,medium,False,curricula_BSc-Curriculum-New.pdf,19,"S –– Exempted (For credit transfer courses) E –– Grade ‗F‘: If a student fails to achieve at least 40% marks in a course, he/she will get ‗F‘ grade in that course. B esides, absence in final examination at the end of each academic semester will also result ‗F‘ grade. Grade ‗E‘: A student transferred to UAP from another university or academic institution will earn ‗E‘ grades in the courses exempted at UAP. Grade ‗I‘ : Grade ‗I‘ may be given when a course, according to the syllabus is extended to two consecutive semesters and grade ‗S‘ is given in the first semester to mean satisfactory progression.",,,,,,,,,
R00021,Q011:banglish,Q011,banglish,Introduction-e UAP koyta undergraduate ar postgraduate discipline offer kore bola hoyeche?,Introduction-e bola hoyeche UAP nine discipline-e undergraduate ar eight discipline-e post-graduate program offer kore.,UAP 9ta undergraduate ar 8ta postgraduate discipline-e program offer kore.,semi_structured_relation,SUPPORTED,topics,medium,False,curricula_BSc-Curriculum-New.pdf,14,"1.8 Academic and Technical Collaborations 1. Foreign Academic and Technical collaborations With increasing internationalization of educati on, particularly at the university level, there is a strong compulsion to promote interaction, especially with institution of higher education in the industrial countries. Such interaction provides access to ever -changing scenarios of modern education deli very system and the most up -to-date innovative developments in teaching -learning methodology. Recognizing this imperative, UAP has already initiated a number of collaborative programs with universities in the USA, Australia and Canada. An agreement betwee n the University of Baltimore, USA and University of Asia Pacific has already been signed to collaborate in a joint undergraduate studies program in Business Administration. The objective of this program is to offer a collaboration baccalaureate degree to students of UAP through a course of studies pursued at UAP and in the USA at the University of Baltimore. An exchange program and academic cooperation agreement has been signed with Virginia Polytechnic Institute (VPI) and State University (SU), USA, whic h provides for exchange of students and visits of faculty members between UAP and VPI, SU; transfer of credits for courses taken by UAP students: undertaking joint research programs and joint supervision. Under the agreement, UAP students may pursue their studies as exchange students or seek transfer to VPI and SU after studying two years at UAP. Similar agreements for academic collaboration had been undertaken with South Dakota School of Mines and Technology (SDSMT) in the USA and University of Western Sydney and University of Canberra in Australia. An exchange program and studying two years at UAP. Similar agreements for academic collaboration had been undertaken with South Dakota School of Mines and Technology (SDSMT) in the USA and University of Western Sydney and University of Canberra in Australia. An exchange program and academic cooperation agreement has already been signed with Griffith College Dublin, Ireland. Recently, another MOU has been signed with Purdue University Calumet, USA, to provide for an exchange of faculties and students and other collaborations. Discussions are continuing with few other universities in Australia, Canada. UK and USA. It is expected that the arrangement for credit transfer, technical collaboration etc., with some of them will be finalized in near future.",,,,,,,,,
R00022,Q018:english,Q018,english,How is one credit assigned for theoretical courses?,"For theoretical courses, one lecture per week per semester is equivalent to one credit.",One lecture per week per semester is equivalent to one credit for theoretical courses.,gguf_generation,SUPPORTED,course_credit,medium,False,curricula_BSc-Curriculum-New.pdf,17,"Total 18 Weeks Course Pattern and Credit Structure The entire undergraduate program is c overed through a set of theoretical and laboratory courses, fieldwork, design and project/thesis work. Assignment of Credits: Theoretical Courses: One lecture per week per semester will be equivalent to one credit. Thus, a three (3) credit hour course wi ll have three (3) lectures per week throughout the semester. Laboratory/Field/Design/Project/Thesis Work: Credits for laboratory/field work or design work usually will be half of the class hours per week per semester. Credits are also assigned to project a nd thesis work taken by the students. The amount of credits assigned to each of these may vary from discipline to discipline. Type of Courses: Core Courses: In each discipline, a number of compulsory courses will be identified as core courses, which form the nucleus of the bachelor degree program. Optional Courses : Apart form the core courses, students will have to complete a number of courses, which are optional in nature. Hence students may have some choices in selecting courses from a specific group o r a number of courses.",,,,,,,,,
R00023,Q002:banglish,Q002,banglish,Prospectus-ta ke publish koreche?,Prospectus-ta University of Asia Pacific-er Department of Computer Science & Engineering publish koreche.,Prospectus-ta Department of Computer Science & Engineering University of Asia Pacific publish koreche.,semi_structured_relation,SUPPORTED,publisher,medium,False,curricula_BSc-Curriculum-New.pdf,2,"Published by Department of Computer Science & Engineering University of Asia Pacific 74/A, Green Road, Dhaka-1215 Edition 13th Edition, July 2017 Address of Correspondence",,,,,,,,,
R00024,Q003:banglish,Q003,banglish,Prospectus-e kon edition ar date deya ache?,"Prospectus-ta 13th Edition, July 2017.",Prospectus-e 13th Edition ar July 2017 date deya ache.,semi_structured_relation,SUPPORTED,edition,medium,False,curricula_BSc-Curriculum-New.pdf,2,"Published by Department of Computer Science & Engineering University of Asia Pacific 74/A, Green Road, Dhaka-1215 Edition 13th Edition, July 2017 Address of Correspondence",,,,,,,,,
R00025,Q065:banglish,Q065,banglish,CSE 304 Data Communications Lab course-er credit koto?,CSE 304 Data Communications Lab 0.75-credit course.,University document-gulote ei bishoye conflicting tothyo ache.,conflicting,CONFLICTING_EVIDENCE,course_credit,medium,False,curricula_BSc-Curriculum-New.pdf,78,Course Code: CSE 304 Course Title: Data Communications Lab Credits: 3.00 Prerequisite: None Laboratory works based on theory classes,,,,,,,,,
R00026,Q088:english,Q088,english,"What prerequisite is listed for MTH 101 Math I: Basic Calculus, Co-ordinate Geometry?","No prerequisite is listed for MTH 101 Math I: Basic Calculus, Co-ordinate Geometry.",MTH 101 has no listed prerequisite.,structured_exact,SUPPORTED,prerequisite,medium,False,curricula_BSc-Curriculum-New.pdf,51,"MTH 101 Math I: Basic Calcu lus, Coordinate Geometry 3.00 Nil Total 19.00",,,,,,,,,
R00027,Q017:banglish,Q017,banglish,Regular semester-e class koy shoptaho hoy?,Regular semester-e 15 weeks class hoy.,"Relevant tothyo paoa geche, kintu reliable uttor toiri kora jayni.",generation_rejected,GENERATION_REJECTED,semester_plan,medium,False,curricula_BSc-Curriculum-New.pdf,17,"Semester System There will be two semesters- Fall and Spring Semester in an academic year. In addition to these two regular semesters, there may be a short semester (Summer) in the intervening period between the e nd of Spring Semester and commencement of Fall Semester. Regular Semester",,,,,,,,,
R00028,Q004:english,Q004,english,What email address is listed for correspondence with the CSE Head?,The correspondence email for the CSE Head is headcse@uap-bd.edu.,I couldn't find enough information in the university documents to answer reliably.,unsupported,INSUFFICIENT_EVIDENCE,general,medium,False,,,,,,,,,,,,
R00029,Q001:banglish,Q001,banglish,Undergraduate prospectus-tar title ki?,Title holo UAP-er Department of Computer Science & Engineering-er Prospectus (Undergraduate Program) 2017-18.,"Relevant tothyo paoa geche, kintu reliable uttor toiri kora jayni.",generation_rejected,GENERATION_REJECTED,prospectus_metadata,medium,False,curricula_BSc-Curriculum-New.pdf,51,"4. Summary of Undergraduate Course The undergraduate students of different years of the Department of Computer Science and Engineering have to follow the course schedule given below. The letter prefix in any course number indic ates the discipline/subject offering the course viz. HSS for Humanities and Social Science, Business, Management Studies, Language etc., PHY for Physics, CHEM for Chemistry, MTH for Mathematics , ECN for Economics, ACN for Accounting and CSE for Computer Sc ience and Engineering. The first digit in the number indicates the year/level for which the course is intended; the second digit is assigned by the department and the last digit, if odd, indicates a theory course and if even, indicates a laboratory course. Core Courses First Year First Semester Course Code Course Title Credits Pre- Requisite",,,,,,,,,
R00030,Q013:banglish,Q013,banglish,UAP Administration kothay located?,"UAP Administration 74/A, Green Road, Farmgate, Dhaka-1215, Bangladesh-e located.","UAP Administration 74/A, Green Road, Farmgate, Dhaka - 1215, Bangladesh-e located.",gguf_generation,SUPPORTED,general,medium,False,curricula_BSc-Curriculum-New.pdf,11,"1.6 The Campus UAP Administration 74/A, Green Road, Farmgate, Dhaka - 1215, Bangladesh PABX:+8802-58157091-4, +8802-58157096 Ext: 107, 114 FAX:+8802-58157097 Email: registrar@uap-bd.edu",,,,,,,,,
