base_question_id,category,english_status,bangla_status,banglish_status,equivalent_primary_evidence,equivalent_numeric_values,equivalent_extracted_values
Q001,NONE_SUPPORTED,GENERATION_REJECTED,INSUFFICIENT_EVIDENCE,GENERATION_REJECTED,NOT_AVAILABLE,NOT_AVAILABLE,NOT_AVAILABLE
Q002,ENGLISH_AND_BANGLISH,SUPPORTED,INSUFFICIENT_EVIDENCE,SUPPORTED,NOT_AVAILABLE,NOT_AVAILABLE,NOT_AVAILABLE
Q003,ALL_THREE_SUPPORTED,SUPPORTED,SUPPORTED,SUPPORTED,True,True,True
Q004,BANGLA_AND_BANGLISH,INSUFFICIENT_EVIDENCE,SUPPORTED,SUPPORTED,NOT_AVAILABLE,NOT_AVAILABLE,NOT_AVAILABLE
Q005,ALL_THREE_SUPPORTED,SUPPORTED,SUPPORTED,SUPPORTED,True,NOT_AVAILABLE,True
Q006,ENGLISH_ONLY,SUPPORTED,INSUFFICIENT_EVIDENCE,GENERATION_REJECTED,NOT_AVAILABLE,NOT_AVAILABLE,NOT_AVAILABLE
Q007,ALL_THREE_SUPPORTED,SUPPORTED,SUPPORTED,SUPPORTED,True,NOT_AVAILABLE,True
Q008,NONE_SUPPORTED,GENERATION_REJECTED,INSUFFICIENT_EVIDENCE,GENERATION_REJECTED,NOT_AVAILABLE,NOT_AVAILABLE,NOT_AVAILABLE
Q009,ALL_THREE_SUPPORTED,SUPPORTED,SUPPORTED,SUPPORTED,True,True,NOT_AVAILABLE
Q010,ALL_THREE_SUPPORTED,SUPPORTED,SUPPORTED,SUPPORTED,True,True,True
Q011,ALL_THREE_SUPPORTED,SUPPORTED,SUPPORTED,SUPPORTED,False,True,True
Q012,BANGLISH_ONLY,INSUFFICIENT_EVIDENCE,INSUFFICIENT_EVIDENCE,SUPPORTED,NOT_AVAILABLE,NOT_AVAILABLE,NOT_AVAILABLE
Q013,ALL_THREE_SUPPORTED,SUPPORTED,SUPPORTED,SUPPORTED,True,True,NOT_AVAILABLE
Q014,ALL_THREE_SUPPORTED,SUPPORTED,SUPPORTED,SUPPORTED,True,NOT_AVAILABLE,NOT_AVAILABLE
Q015,ALL_THREE_SUPPORTED,SUPPORTED,SUPPORTED,SUPPORTED,False,True,True
Q016,NONE_SUPPORTED,GENERATION_REJECTED,RETRIEVAL_UNCERTAIN,GENERATION_REJECTED,NOT_AVAILABLE,NOT_AVAILABLE,NOT_AVAILABLE
Q017,NONE_SUPPORTED,GENERATION_REJECTED,GENERATION_REJECTED,GENERATION_REJECTED,NOT_AVAILABLE,NOT_AVAILABLE,NOT_AVAILABLE
Q018,ENGLISH_AND_BANGLISH,SUPPORTED,GENERATION_REJECTED,SUPPORTED,NOT_AVAILABLE,NOT_AVAILABLE,NOT_AVAILABLE
Q019,ALL_THREE_SUPPORTED,SUPPORTED,SUPPORTED,SUPPORTED,True,False,True
Q020,ALL_THREE_SUPPORTED,SUPPORTED,SUPPORTED,SUPPORTED,True,True,True
Q021,ENGLISH_ONLY,SUPPORTED,GENERATION_REJECTED,GENERATION_REJECTED,NOT_AVAILABLE,NOT_AVAILABLE,NOT_AVAILABLE
Q022,NONE_SUPPORTED,RETRIEVAL_UNCERTAIN,GENERATION_REJECTED,GENERATION_REJECTED,NOT_AVAILABLE,NOT_AVAILABLE,NOT_AVAILABLE
Q023,ALL_THREE_SUPPORTED,SUPPORTED,SUPPORTED,SUPPORTED,True,True,True
Q024,ENGLISH_AND_BANGLISH,SUPPORTED,GENERATION_REJECTED,SUPPORTED,NOT_AVAILABLE,NOT_AVAILABLE,NOT_AVAILABLE
Q025,ALL_THREE_SUPPORTED,SUPPORTED,SUPPORTED,SUPPORTED,True,True,True
Q026,ALL_THREE_SUPPORTED,SUPPORTED,SUPPORTED,SUPPORTED,True,True,NOT_AVAILABLE
Q027,ALL_THREE_SUPPORTED,SUPPORTED,SUPPORTED,SUPPORTED,True,True,True
Q028,NONE_SUPPORTED,GENERATION_REJECTED,GENERATION_REJECTED,GENERATION_REJECTED,NOT_AVAILABLE,NOT_AVAILABLE,NOT_AVAILABLE
Q029,NONE_SUPPORTED,GENERATION_REJECTED,GENERATION_REJECTED,GENERATION_REJECTED,NOT_AVAILABLE,NOT_AVAILABLE,NOT_AVAILABLE
Q030,ALL_THREE_SUPPORTED,SUPPORTED,SUPPORTED,SUPPORTED,True,True,True
Q031,NONE_SUPPORTED,GENERATION_REJECTED,GENERATION_REJECTED,GENERATION_REJECTED,NOT_AVAILABLE,NOT_AVAILABLE,NOT_AVAILABLE
Q032,ALL_THREE_SUPPORTED,SUPPORTED,SUPPORTED,SUPPORTED,True,True,True
Q033,ALL_THREE_SUPPORTED,SUPPORTED,SUPPORTED,SUPPORTED,True,True,NOT_AVAILABLE
Q034,NONE_SUPPORTED,CONFLICTING_EVIDENCE,CONFLICTING_EVIDENCE,CONFLICTING_EVIDENCE,NOT_AVAILABLE,NOT_AVAILABLE,NOT_AVAILABLE
Q035,ALL_THREE_SUPPORTED,SUPPORTED,SUPPORTED,SUPPORTED,True,True,True
Q036,ALL_THREE_SUPPORTED,SUPPORTED,SUPPORTED,SUPPORTED,True,True,True
Q037,ALL_THREE_SUPPORTED,SUPPORTED,SUPPORTED,SUPPORTED,False,True,True
Q038,ALL_THREE_SUPPORTED,SUPPORTED,SUPPORTED,SUPPORTED,False,True,True
Q039,ALL_THREE_SUPPORTED,SUPPORTED,SUPPORTED,SUPPORTED,False,True,NOT_AVAILABLE
Q040,ALL_THREE_SUPPORTED,SUPPORTED,SUPPORTED,SUPPORTED,True,True,True
Q041,ALL_THREE_SUPPORTED,SUPPORTED,SUPPORTED,SUPPORTED,True,True,True
Q042,ALL_THREE_SUPPORTED,SUPPORTED,SUPPORTED,SUPPORTED,True,True,True
Q043,ALL_THREE_SUPPORTED,SUPPORTED,SUPPORTED,SUPPORTED,True,True,True
Q044,ALL_THREE_SUPPORTED,SUPPORTED,SUPPORTED,SUPPORTED,True,True,True
Q045,ALL_THREE_SUPPORTED,SUPPORTED,SUPPORTED,SUPPORTED,False,True,True
Q046,ALL_THREE_SUPPORTED,SUPPORTED,SUPPORTED,SUPPORTED,True,True,True
Q047,ALL_THREE_SUPPORTED,SUPPORTED,SUPPORTED,SUPPORTED,True,True,NOT_AVAILABLE
Q048,ALL_THREE_SUPPORTED,SUPPORTED,SUPPORTED,SUPPORTED,True,True,True
Q049,ALL_THREE_SUPPORTED,SUPPORTED,SUPPORTED,SUPPORTED,False,True,True
Q050,ALL_THREE_SUPPORTED,SUPPORTED,SUPPORTED,SUPPORTED,False,True,NOT_AVAILABLE
Q051,ALL_THREE_SUPPORTED,SUPPORTED,SUPPORTED,SUPPORTED,True,True,NOT_AVAILABLE
Q052,ALL_THREE_SUPPORTED,SUPPORTED,SUPPORTED,SUPPORTED,True,True,NOT_AVAILABLE
Q053,ALL_THREE_SUPPORTED,SUPPORTED,SUPPORTED,SUPPORTED,True,True,True
Q054,ALL_THREE_SUPPORTED,SUPPORTED,SUPPORTED,SUPPORTED,True,True,True
Q055,ALL_THREE_SUPPORTED,SUPPORTED,SUPPORTED,SUPPORTED,True,True,NOT_AVAILABLE
Q056,ALL_THREE_SUPPORTED,SUPPORTED,SUPPORTED,SUPPORTED,True,True,NOT_AVAILABLE
Q057,ALL_THREE_SUPPORTED,SUPPORTED,SUPPORTED,SUPPORTED,True,True,NOT_AVAILABLE
Q058,ALL_THREE_SUPPORTED,SUPPORTED,SUPPORTED,SUPPORTED,True,True,True
Q059,ALL_THREE_SUPPORTED,SUPPORTED,SUPPORTED,SUPPORTED,True,True,True
Q060,ALL_THREE_SUPPORTED,SUPPORTED,SUPPORTED,SUPPORTED,True,True,True
Q061,ALL_THREE_SUPPORTED,SUPPORTED,SUPPORTED,SUPPORTED,True,True,True
Q062,ALL_THREE_SUPPORTED,SUPPORTED,SUPPORTED,SUPPORTED,True,True,NOT_AVAILABLE
Q063,ALL_THREE_SUPPORTED,SUPPORTED,SUPPORTED,SUPPORTED,True,True,NOT_AVAILABLE
Q064,ALL_THREE_SUPPORTED,SUPPORTED,SUPPORTED,SUPPORTED,True,True,NOT_AVAILABLE
Q065,NONE_SUPPORTED,CONFLICTING_EVIDENCE,CONFLICTING_EVIDENCE,CONFLICTING_EVIDENCE,NOT_AVAILABLE,NOT_AVAILABLE,NOT_AVAILABLE
Q066,ALL_THREE_SUPPORTED,SUPPORTED,SUPPORTED,SUPPORTED,False,True,True
Q067,ALL_THREE_SUPPORTED,SUPPORTED,SUPPORTED,SUPPORTED,False,True,True
Q068,ALL_THREE_SUPPORTED,SUPPORTED,SUPPORTED,SUPPORTED,True,True,True
Q069,ALL_THREE_SUPPORTED,SUPPORTED,SUPPORTED,SUPPORTED,True,True,NOT_AVAILABLE
Q070,ALL_THREE_SUPPORTED,SUPPORTED,SUPPORTED,SUPPORTED,False,True,True
Q071,ALL_THREE_SUPPORTED,SUPPORTED,SUPPORTED,SUPPORTED,True,True,True
Q072,ALL_THREE_SUPPORTED,SUPPORTED,SUPPORTED,SUPPORTED,False,True,True
Q073,ALL_THREE_SUPPORTED,SUPPORTED,SUPPORTED,SUPPORTED,True,True,NOT_AVAILABLE
Q074,ALL_THREE_SUPPORTED,SUPPORTED,SUPPORTED,SUPPORTED,True,True,NOT_AVAILABLE
Q075,ALL_THREE_SUPPORTED,SUPPORTED,SUPPORTED,SUPPORTED,False,True,True
Q076,ALL_THREE_SUPPORTED,SUPPORTED,SUPPORTED,SUPPORTED,False,True,NOT_AVAILABLE
Q077,ALL_THREE_SUPPORTED,SUPPORTED,SUPPORTED,SUPPORTED,False,True,NOT_AVAILABLE
Q078,ALL_THREE_SUPPORTED,SUPPORTED,SUPPORTED,SUPPORTED,True,True,True
Q079,ALL_THREE_SUPPORTED,SUPPORTED,SUPPORTED,SUPPORTED,True,True,NOT_AVAILABLE
Q080,ALL_THREE_SUPPORTED,SUPPORTED,SUPPORTED,SUPPORTED,True,True,True
Q081,ALL_THREE_SUPPORTED,SUPPORTED,SUPPORTED,SUPPORTED,True,True,True
Q082,ALL_THREE_SUPPORTED,SUPPORTED,SUPPORTED,SUPPORTED,False,True,NOT_AVAILABLE
Q083,ALL_THREE_SUPPORTED,SUPPORTED,SUPPORTED,SUPPORTED,True,True,True
Q084,ALL_THREE_SUPPORTED,SUPPORTED,SUPPORTED,SUPPORTED,True,True,True
Q085,ALL_THREE_SUPPORTED,SUPPORTED,SUPPORTED,SUPPORTED,True,True,True
Q086,ALL_THREE_SUPPORTED,SUPPORTED,SUPPORTED,SUPPORTED,True,True,True
Q087,ALL_THREE_SUPPORTED,SUPPORTED,SUPPORTED,SUPPORTED,True,True,True
Q088,ALL_THREE_SUPPORTED,SUPPORTED,SUPPORTED,SUPPORTED,False,True,NOT_AVAILABLE
Q089,ALL_THREE_SUPPORTED,SUPPORTED,SUPPORTED,SUPPORTED,False,True,True
Q090,ALL_THREE_SUPPORTED,SUPPORTED,SUPPORTED,SUPPORTED,True,True,True
Q091,ALL_THREE_SUPPORTED,SUPPORTED,SUPPORTED,SUPPORTED,True,True,True
Q092,ALL_THREE_SUPPORTED,SUPPORTED,SUPPORTED,SUPPORTED,True,True,True
Q093,ALL_THREE_SUPPORTED,SUPPORTED,SUPPORTED,SUPPORTED,True,True,True
Q094,ALL_THREE_SUPPORTED,SUPPORTED,SUPPORTED,SUPPORTED,True,True,True
Q095,ALL_THREE_SUPPORTED,SUPPORTED,SUPPORTED,SUPPORTED,True,True,True
Q096,ALL_THREE_SUPPORTED,SUPPORTED,SUPPORTED,SUPPORTED,True,True,NOT_AVAILABLE
Q097,ALL_THREE_SUPPORTED,SUPPORTED,SUPPORTED,SUPPORTED,True,True,True
Q098,ALL_THREE_SUPPORTED,SUPPORTED,SUPPORTED,SUPPORTED,True,True,True
Q099,ALL_THREE_SUPPORTED,SUPPORTED,SUPPORTED,SUPPORTED,True,True,NOT_AVAILABLE
Q100,ALL_THREE_SUPPORTED,SUPPORTED,SUPPORTED,SUPPORTED,True,True,True
