intent,n,safe_answer_coverage,abstention_rate,unsafe_returned_answer_count,hit_1,hit_3,mrr_3,source_accuracy,page_accuracy,entity_hit_1,entity_hit_3,field_hit_1,field_hit_3,supportable_1,supportable_3,latency_mean_seconds,latency_p95_seconds
assessment,6,0.0,1.0,0,0.5,0.5,0.5,1.0,0.5,NOT_AVAILABLE,NOT_AVAILABLE,0.8333333333333334,1.0,0.8333333333333334,1.0,0.03640438333339565,0.05692429999999149
course_credit,150,0.94,0.06,0,0.4266666666666667,0.98,0.6766666666666666,0.9933333333333333,0.4266666666666667,1.0,1.0,0.9933333333333333,0.9933333333333333,0.64,0.9333333333333333,0.04260494533334774,0.06044109999993452
edition,3,0.6666666666666666,0.3333333333333333,0,0.0,0.6666666666666666,0.2222222222222222,0.6666666666666666,0.0,NOT_AVAILABLE,NOT_AVAILABLE,0.6666666666666666,0.6666666666666666,0.0,0.6666666666666666,0.02946293333328261,0.03612399999974514
general,54,0.4444444444444444,0.5555555555555556,0,0.6666666666666666,0.7962962962962963,0.7314814814814815,0.9629629629629629,0.6666666666666666,1.0,1.0,0.7878787878787878,0.9090909090909091,0.7592592592592593,0.7962962962962963,0.03731004074074917,0.05510440000034578
mark_distribution,6,0.5,0.5,0,0.5,0.5,0.5,1.0,0.5,NOT_AVAILABLE,NOT_AVAILABLE,1.0,1.0,1.0,1.0,0.0417963500000648,0.06241860000000088
prerequisite,60,1.0,0.0,0,0.18333333333333332,0.9666666666666667,0.5527777777777778,1.0,0.18333333333333332,1.0,1.0,0.9833333333333333,1.0,0.85,0.85,0.04833120166667868,0.06436399999984133
prospectus_metadata,3,0.0,1.0,0,0.3333333333333333,0.6666666666666666,0.5,0.6666666666666666,0.3333333333333333,NOT_AVAILABLE,NOT_AVAILABLE,0.0,0.3333333333333333,0.0,0.3333333333333333,0.02723523333315825,0.032314299999598006
publisher,3,0.3333333333333333,0.6666666666666666,0,0.0,0.3333333333333333,0.16666666666666666,0.6666666666666666,0.0,NOT_AVAILABLE,NOT_AVAILABLE,0.3333333333333333,0.6666666666666666,0.0,0.3333333333333333,0.020919199999904475,0.025924799999756942
semester_plan,9,0.2222222222222222,0.7777777777777778,0,0.5555555555555556,0.6666666666666666,0.5925925925925926,0.6666666666666666,0.5555555555555556,NOT_AVAILABLE,NOT_AVAILABLE,0.6666666666666666,0.6666666666666666,0.6666666666666666,0.6666666666666666,0.03166467777767442,0.038353599999936705
topics,6,0.6666666666666666,0.3333333333333333,0,0.16666666666666666,0.6666666666666666,0.3333333333333333,1.0,0.16666666666666666,NOT_AVAILABLE,NOT_AVAILABLE,NOT_AVAILABLE,NOT_AVAILABLE,0.5,0.6666666666666666,0.04553529999998318,0.05476150000004054
