course_code,n,safe_answer_coverage,abstention_rate,unsafe_returned_answer_count,hit_1,hit_3,mrr_3,source_accuracy,page_accuracy,entity_hit_1,entity_hit_3,field_hit_1,field_hit_3,supportable_1,supportable_3,latency_mean_seconds,latency_p95_seconds
CHEM 111,6,1.0,0.0,0,0.16666666666666666,1.0,0.5833333333333334,1.0,0.16666666666666666,1.0,1.0,1.0,1.0,0.8333333333333334,1.0,0.03727125000007921,0.045166599999902246
CHEM 112,6,1.0,0.0,0,1.0,1.0,1.0,1.0,1.0,1.0,1.0,1.0,1.0,1.0,1.0,0.0404222333333261,0.04620160000013129
CSE 101,6,1.0,0.0,0,0.16666666666666666,1.0,0.5833333333333334,1.0,0.16666666666666666,1.0,1.0,1.0,1.0,0.8333333333333334,1.0,0.05135961666648351,0.05716409999968164
CSE 102,6,1.0,0.0,0,0.3333333333333333,1.0,0.6666666666666666,1.0,0.3333333333333333,1.0,1.0,1.0,1.0,0.6666666666666666,1.0,0.05364758333325881,0.06436399999984133
CSE 103,6,1.0,0.0,0,0.16666666666666666,0.8333333333333334,0.5,1.0,0.16666666666666666,1.0,1.0,1.0,1.0,0.8333333333333334,1.0,0.03865893333340864,0.045994600000085484
CSE 104,6,1.0,0.0,0,0.16666666666666666,1.0,0.5833333333333334,1.0,0.16666666666666666,1.0,1.0,1.0,1.0,0.8333333333333334,1.0,0.04208345000006375,0.04844109999976354
CSE 105,6,1.0,0.0,0,0.16666666666666666,1.0,0.5833333333333334,1.0,0.16666666666666666,1.0,1.0,1.0,1.0,0.8333333333333334,1.0,0.03855445000006815,0.04592460000003484
CSE 203,6,1.0,0.0,0,0.16666666666666666,0.8333333333333334,0.3888888888888889,1.0,0.16666666666666666,1.0,1.0,1.0,1.0,0.8333333333333334,1.0,0.04801723333321206,0.054924799999753304
CSE 204,6,1.0,0.0,0,0.16666666666666666,1.0,0.5833333333333334,1.0,0.16666666666666666,1.0,1.0,1.0,1.0,0.8333333333333334,1.0,0.05533178333341008,0.064498299999741
CSE 205,6,1.0,0.0,0,0.16666666666666666,1.0,0.5833333333333334,1.0,0.16666666666666666,1.0,1.0,1.0,1.0,0.8333333333333334,1.0,0.039226000000023,0.04633689999991475
CSE 206,6,1.0,0.0,0,0.16666666666666666,1.0,0.5833333333333334,1.0,0.16666666666666666,1.0,1.0,1.0,1.0,0.8333333333333334,1.0,0.041534633333261205,0.04845449999993434
EEE 121,6,1.0,0.0,0,0.16666666666666666,1.0,0.4444444444444444,1.0,0.16666666666666666,1.0,1.0,1.0,1.0,0.8333333333333334,1.0,0.04618330000001455,0.059156199999961245
EEE 122,6,1.0,0.0,0,0.16666666666666666,1.0,0.5833333333333334,1.0,0.16666666666666666,1.0,1.0,1.0,1.0,0.8333333333333334,1.0,0.04609488333335321,0.053077200000188896
GENERAL,93,0.3870967741935484,0.6129032258064516,0,0.5483870967741935,0.7096774193548387,0.6182795698924731,0.9032258064516129,0.5483870967741935,1.0,1.0,0.7272727272727273,0.8333333333333334,0.6774193548387096,0.7634408602150538,0.03625328064514687,0.05510440000034578
HSS 101,6,0.5,0.5,0,0.5,1.0,0.7222222222222222,1.0,0.5,1.0,1.0,0.8333333333333334,1.0,0.3333333333333333,0.5,0.04627496666679084,0.05316369999991366
HSS 111,12,1.0,0.0,0,1.0,1.0,1.0,1.0,1.0,1.0,1.0,1.0,1.0,0.0,0.0,0.04829360833343799,0.06107830000019021
MTH 101,6,1.0,0.0,0,0.0,1.0,0.4722222222222222,1.0,0.0,1.0,1.0,1.0,1.0,1.0,1.0,0.058929166666681944,0.06704889999991792
MTH 103,6,1.0,0.0,0,0.16666666666666666,1.0,0.5833333333333334,1.0,0.16666666666666666,1.0,1.0,1.0,1.0,0.8333333333333334,1.0,0.04675651666654327,0.0541401999998925
PHY 101,6,1.0,0.0,0,0.16666666666666666,1.0,0.5555555555555556,1.0,0.16666666666666666,1.0,1.0,1.0,1.0,0.8333333333333334,1.0,0.03839080000003984,0.04760020000003351
PHY 102,6,1.0,0.0,0,0.16666666666666666,1.0,0.5833333333333334,1.0,0.16666666666666666,1.0,1.0,1.0,1.0,0.8333333333333334,1.0,0.04060186666674781,0.04732609999973647
