experiment,group,value,n,hit_at_1_pct,hit_at_3_pct,mrr,source_accuracy_pct,page_accuracy_pct,language_detection_accuracy_pct,response_language_consistency_pct,correctness_proxy_pct,relevance_proxy_pct,groundedness_proxy_pct,completeness_proxy_pct,avg_reference_token_recall,avg_reference_token_f1,avg_latency_seconds,median_latency_seconds,p95_latency_seconds
Fast,expected_language,bangla,60,21.67,61.67,0.378,81.67,21.67,100.00,90.00,31.67,45.00,61.67,16.67,0.491,0.351,0.005,0.005,0.006
Fast,expected_language,banglish,60,21.67,63.33,0.386,85.00,21.67,100.00,91.67,61.67,43.33,63.33,50.00,0.654,0.403,0.005,0.005,0.007
Fast,expected_language,english,60,18.33,60.00,0.350,88.33,18.33,100.00,100.00,65.00,46.67,60.00,53.33,0.697,0.450,0.003,0.003,0.006
Fast,intent,assessment,6,33.33,50.00,0.417,33.33,33.33,100.00,100.00,0.00,0.00,50.00,0.00,0.412,0.178,0.005,0.005,0.006
Fast,intent,clo,39,30.77,100.00,0.603,100.00,30.77,100.00,100.00,76.92,100.00,100.00,46.15,0.798,0.758,0.003,0.003,0.003
Fast,intent,course_metadata,9,100.00,100.00,1.000,100.00,100.00,100.00,100.00,66.67,100.00,100.00,66.67,0.833,0.847,0.004,0.004,0.007
Fast,intent,course_objective,9,100.00,100.00,1.000,100.00,100.00,100.00,88.89,55.56,77.78,100.00,11.11,0.695,0.579,0.003,0.003,0.005
Fast,intent,final_exam_marks,6,0.00,0.00,0.000,50.00,0.00,100.00,100.00,33.33,33.33,0.00,33.33,0.512,0.376,0.006,0.006,0.007
Fast,intent,mark_distribution,3,100.00,100.00,1.000,100.00,100.00,100.00,100.00,33.33,0.00,100.00,33.33,0.601,0.270,0.007,0.007,0.007
Fast,intent,topics,81,2.47,40.74,0.165,82.72,2.47,100.00,88.89,50.62,22.22,40.74,45.68,0.552,0.230,0.005,0.005,0.007
Fast,intent,weekly_content,27,0.00,55.56,0.241,77.78,0.00,100.00,96.30,37.04,22.22,55.56,25.93,0.502,0.261,0.005,0.005,0.006
Fast,course_code,CSE 101,60,30.00,68.33,0.439,83.33,30.00,100.00,93.33,53.33,43.33,68.33,46.67,0.600,0.381,0.005,0.005,0.007
Fast,course_code,ENG (CSE) 101,60,16.67,56.67,0.314,81.67,16.67,100.00,100.00,41.67,26.67,56.67,30.00,0.527,0.267,0.004,0.004,0.006
Fast,course_code,MTH 101,60,15.00,60.00,0.361,90.00,15.00,100.00,88.33,63.33,65.00,60.00,43.33,0.715,0.556,0.004,0.004,0.006
Fast,difficulty,easy,57,42.11,89.47,0.623,94.74,42.11,100.00,100.00,68.42,87.72,89.47,47.37,0.763,0.706,0.004,0.003,0.007
Fast,difficulty,hard,9,11.11,100.00,0.519,100.00,11.11,100.00,88.89,44.44,0.00,100.00,22.22,0.725,0.114,0.005,0.004,0.006
Fast,difficulty,medium,114,10.53,44.74,0.234,78.95,10.53,100.00,91.23,45.61,27.19,44.74,37.72,0.531,0.272,0.005,0.005,0.006
GGUF,expected_language,bangla,60,31.67,73.33,0.489,88.33,31.67,100.00,96.67,30.00,26.67,73.33,25.00,0.435,0.276,9.618,8.787,21.377
GGUF,expected_language,banglish,60,38.33,75.00,0.542,88.33,38.33,100.00,96.67,45.00,30.00,70.00,33.33,0.499,0.295,7.828,7.377,17.041
GGUF,expected_language,english,60,35.00,65.00,0.469,86.67,35.00,100.00,96.67,61.67,51.67,65.00,55.00,0.684,0.480,5.513,6.691,9.536
GGUF,intent,assessment,6,0.00,50.00,0.250,0.00,0.00,100.00,100.00,0.00,0.00,50.00,0.00,0.392,0.252,7.768,6.750,13.051
GGUF,intent,clo,39,61.54,61.54,0.615,100.00,61.54,100.00,100.00,61.54,66.67,53.85,38.46,0.617,0.524,9.487,8.317,21.377
GGUF,intent,course_metadata,9,100.00,100.00,1.000,100.00,100.00,100.00,100.00,55.56,88.89,100.00,44.44,0.752,0.714,9.633,7.454,24.217
GGUF,intent,course_objective,9,100.00,100.00,1.000,100.00,100.00,100.00,100.00,33.33,44.44,100.00,22.22,0.507,0.438,11.411,9.086,20.653
GGUF,intent,final_exam_marks,6,0.00,0.00,0.000,50.00,0.00,100.00,66.67,50.00,16.67,0.00,50.00,0.518,0.288,9.375,8.871,12.384
GGUF,intent,mark_distribution,3,0.00,100.00,0.333,0.00,0.00,100.00,100.00,33.33,33.33,100.00,33.33,0.476,0.447,7.641,6.585,9.836
GGUF,intent,topics,81,14.81,76.54,0.407,96.30,14.81,100.00,95.06,48.15,24.69,76.54,45.68,0.550,0.265,6.562,6.723,19.910
GGUF,intent,weekly_content,27,33.33,66.67,0.463,74.07,33.33,100.00,100.00,25.93,18.52,66.67,22.22,0.379,0.229,5.958,6.297,9.659
GGUF,course_code,CSE 101,60,35.00,63.33,0.458,95.00,35.00,100.00,95.00,56.67,46.67,60.00,48.33,0.611,0.393,7.434,7.101,17.041
GGUF,course_code,ENG (CSE) 101,60,28.33,70.00,0.472,86.67,28.33,100.00,98.33,38.33,26.67,70.00,30.00,0.475,0.283,6.893,7.209,14.054
GGUF,course_code,MTH 101,60,41.67,80.00,0.569,81.67,41.67,100.00,96.67,41.67,35.00,78.33,35.00,0.531,0.375,8.633,8.320,21.377
GGUF,difficulty,easy,57,57.89,63.16,0.596,89.47,57.89,100.00,96.49,57.89,63.16,57.89,40.35,0.620,0.525,9.401,8.317,21.377
GGUF,difficulty,hard,9,0.00,77.78,0.315,66.67,0.00,100.00,100.00,33.33,22.22,77.78,11.11,0.451,0.271,6.432,6.474,16.262
GGUF,difficulty,medium,114,26.32,74.56,0.466,88.60,26.32,100.00,96.49,40.35,23.68,74.56,38.60,0.506,0.269,6.876,6.825,19.910
