question_id,language,question,prior_status,current_status,issue,determination,requested_field,requested_relation,source,page,supporting_excerpt
Q014,english,What is the admission office email address?,SUPPORTED,SUPPORTED,NONE,,email,,curricula_BSc-Curriculum-New.pdf,11,"Admission Office 74/A , Green Road , Farmgate, Dhaka - 1215, Bangladesh Telephone: +8802-9126812 PABX: +8802-58157091-4, +8802-58157096 (Ext - 0, 120) FAX:+8802-58157097 Email: admission@uap-bd.edu,, registrar@uap-bd.edu Department of Architecture 74/A , Green Road, Farmgate,Dhaka - 1215, Bangladesh PABX:+8802-58157091-4, +8802-58157096 FAX:+8802-58157097 Email: headarch@uap-bd.edu Department of Business Administration R H Center , House # 74/B/1 ,Green Road , Dhaka, Bangladesh Telephone: 9128716 PABX: +8802-58157091-4, +8802-58157096 (Ext - 121) Email: headba@uap-bd.edu Department of Civil Engineering 74/A , Green Road, Farmgate, Dhaka - 1215, Bangladesh PABX: +8802-58157091-4 FAX:+8802-58157097 Email: headce@uap-bd.edu Department of Computer S cience and Engineering 74/A , Green Road, Farmgate, Dhaka - 1215, Bangladesh PABX:+8802-58157091-4, +8802-58157096 FAX:+8802-58157097 Email: headcse@uap-bd.edu"
Q014,bangla,Admission Office-এর ইমেইল ঠিকানা কী?,SUPPORTED,SUPPORTED,NONE,,email,,curricula_BSc-Curriculum-New.pdf,11,"Admission Office 74/A , Green Road , Farmgate, Dhaka - 1215, Bangladesh Telephone: +8802-9126812 PABX: +8802-58157091-4, +8802-58157096 (Ext - 0, 120) FAX:+8802-58157097 Email: admission@uap-bd.edu,, registrar@uap-bd.edu Department of Architecture 74/A , Green Road, Farmgate,Dhaka - 1215, Bangladesh PABX:+8802-58157091-4, +8802-58157096 FAX:+8802-58157097 Email: headarch@uap-bd.edu Department of Business Administration R H Center , House # 74/B/1 ,Green Road , Dhaka, Bangladesh Telephone: 9128716 PABX: +8802-58157091-4, +8802-58157096 (Ext - 121) Email: headba@uap-bd.edu Department of Civil Engineering 74/A , Green Road, Farmgate, Dhaka - 1215, Bangladesh PABX: +8802-58157091-4 FAX:+8802-58157097 Email: headce@uap-bd.edu Department of Computer S cience and Engineering 74/A , Green Road, Farmgate, Dhaka - 1215, Bangladesh PABX:+8802-58157091-4, +8802-58157096 FAX:+8802-58157097 Email: headcse@uap-bd.edu"
Q014,banglish,Admission Office-er email address ki?,SUPPORTED,SUPPORTED,NONE,,email,,curricula_BSc-Curriculum-New.pdf,11,"Admission Office 74/A , Green Road , Farmgate, Dhaka - 1215, Bangladesh Telephone: +8802-9126812 PABX: +8802-58157091-4, +8802-58157096 (Ext - 0, 120) FAX:+8802-58157097 Email: admission@uap-bd.edu,, registrar@uap-bd.edu Department of Architecture 74/A , Green Road, Farmgate,Dhaka - 1215, Bangladesh PABX:+8802-58157091-4, +8802-58157096 FAX:+8802-58157097 Email: headarch@uap-bd.edu Department of Business Administration R H Center , House # 74/B/1 ,Green Road , Dhaka, Bangladesh Telephone: 9128716 PABX: +8802-58157091-4, +8802-58157096 (Ext - 121) Email: headba@uap-bd.edu Department of Civil Engineering 74/A , Green Road, Farmgate, Dhaka - 1215, Bangladesh PABX: +8802-58157091-4 FAX:+8802-58157097 Email: headce@uap-bd.edu Department of Computer S cience and Engineering 74/A , Green Road, Farmgate, Dhaka - 1215, Bangladesh PABX:+8802-58157091-4, +8802-58157096 FAX:+8802-58157097 Email: headcse@uap-bd.edu"
Q016,english,How long is a regular semester?,GENERATION_REJECTED,GENERATION_REJECTED,SAFE_COVERAGE_GAP,Documented answer exists; no incorrect answer was returned. Out of Step 8D scope.,semester,regular_semester_duration,curricula_BSc-Curriculum-New.pdf,17,"Semester System There will be two semesters- Fall and Spring Semester in an academic year. In addition to these two regular semesters, there may be a short semester (Summer) in the intervening period between the e nd of Spring Semester and commencement of Fall Semester. Regular Semester"
Q016,bangla,একটি নিয়মিত সেমিস্টারের মোট মেয়াদ কত?,RETRIEVAL_UNCERTAIN,RETRIEVAL_UNCERTAIN,SAFE_COVERAGE_GAP,Documented answer exists; no incorrect answer was returned. Out of Step 8D scope.,semester,regular_semester_duration,curricula_BSc-Curriculum-New.pdf,17,"Semester System There will be two semesters- Fall and Spring Semester in an academic year. In addition to these two regular semesters, there may be a short semester (Summer) in the intervening period between the e nd of Spring Semester and commencement of Fall Semester. Regular Semester"
Q016,banglish,Ekta regular semester-er total duration koto?,GENERATION_REJECTED,GENERATION_REJECTED,SAFE_COVERAGE_GAP,Documented answer exists; no incorrect answer was returned. Out of Step 8D scope.,semester,regular_semester_duration,curricula_BSc-Curriculum-New.pdf,17,"Semester System There will be two semesters- Fall and Spring Semester in an academic year. In addition to these two regular semesters, there may be a short semester (Summer) in the intervening period between the e nd of Spring Semester and commencement of Fall Semester. Regular Semester"
Q018,english,How is one credit assigned for theoretical courses?,SUPPORTED,SUPPORTED,NONE,,credits,,curricula_BSc-Curriculum-New.pdf,17,"Total 18 Weeks Course Pattern and Credit Structure The entire undergraduate program is c overed through a set of theoretical and laboratory courses, fieldwork, design and project/thesis work. Assignment of Credits: Theoretical Courses: One lecture per week per semester will be equivalent to one credit. Thus, a three (3) credit hour course wi ll have three (3) lectures per week throughout the semester. Laboratory/Field/Design/Project/Thesis Work: Credits for laboratory/field work or design work usually will be half of the class hours per week per semester. Credits are also assigned to project a nd thesis work taken by the students. The amount of credits assigned to each of these may vary from discipline to discipline. Type of Courses: Core Courses: In each discipline, a number of compulsory courses will be identified as core courses, which form the nucleus of the bachelor degree program. Optional Courses : Apart form the core courses, students will have to complete a number of courses, which are optional in nature. Hence students may have some choices in selecting courses from a specific group o r a number of courses."
Q018,bangla,থিওরেটিক্যাল কোর্সে এক ক্রেডিট কীভাবে নির্ধারিত হয়?,CONFLICTING_EVIDENCE,GENERATION_REJECTED,FALSE_CONFLICT_RESOLVED,Same-relation audit removed an unrelated or equivalent-value comparison.,credits,,curricula_BSc-Curriculum-New.pdf,17,"Total 18 Weeks Course Pattern and Credit Structure The entire undergraduate program is c overed through a set of theoretical and laboratory courses, fieldwork, design and project/thesis work. Assignment of Credits: Theoretical Courses: One lecture per week per semester will be equivalent to one credit. Thus, a three (3) credit hour course wi ll have three (3) lectures per week throughout the semester. Laboratory/Field/Design/Project/Thesis Work: Credits for laboratory/field work or design work usually will be half of the class hours per week per semester. Credits are also assigned to project a nd thesis work taken by the students. The amount of credits assigned to each of these may vary from discipline to discipline. Type of Courses: Core Courses: In each discipline, a number of compulsory courses will be identified as core courses, which form the nucleus of the bachelor degree program. Optional Courses : Apart form the core courses, students will have to complete a number of courses, which are optional in nature. Hence students may have some choices in selecting courses from a specific group o r a number of courses."
Q018,banglish,Theoretical course-e one credit kivabe assigned hoy?,CONFLICTING_EVIDENCE,SUPPORTED,FALSE_CONFLICT_RESOLVED,Same-relation audit removed an unrelated or equivalent-value comparison.,credits,,curricula_BSc-Curriculum-New.pdf,17,"Total 18 Weeks Course Pattern and Credit Structure The entire undergraduate program is c overed through a set of theoretical and laboratory courses, fieldwork, design and project/thesis work. Assignment of Credits: Theoretical Courses: One lecture per week per semester will be equivalent to one credit. Thus, a three (3) credit hour course wi ll have three (3) lectures per week throughout the semester. Laboratory/Field/Design/Project/Thesis Work: Credits for laboratory/field work or design work usually will be half of the class hours per week per semester. Credits are also assigned to project a nd thesis work taken by the students. The amount of credits assigned to each of these may vary from discipline to discipline. Type of Courses: Core Courses: In each discipline, a number of compulsory courses will be identified as core courses, which form the nucleus of the bachelor degree program. Optional Courses : Apart form the core courses, students will have to complete a number of courses, which are optional in nature. Hence students may have some choices in selecting courses from a specific group o r a number of courses."
Q020,english,What is the mark distribution for a theoretical course?,SUPPORTED,SUPPORTED,NONE,,assessment,mark_distribution,curricula_BSc-Curriculum-New.pdf,18,"Grading System The total performance of a student in a given course is based on a scheme of continuous assessments. For theoretical courses this continuous assessment is made through homework, assignments, attendance, quizzes etc., a mid semester and a semester final examina tion of three/two hours duration. The distribution of marks for a given course is as follows: Assessment 30% Mid Semester 20% Final Exam 50%"
Q020,bangla,থিওরেটিক্যাল কোর্সে মার্কস বণ্টন কী?,INSUFFICIENT_EVIDENCE,SUPPORTED,NONE,,assessment,mark_distribution,curricula_BSc-Curriculum-New.pdf,18,"Grading System The total performance of a student in a given course is based on a scheme of continuous assessments. For theoretical courses this continuous assessment is made through homework, assignments, attendance, quizzes etc., a mid semester and a semester final examina tion of three/two hours duration. The distribution of marks for a given course is as follows: Assessment 30% Mid Semester 20% Final Exam 50%"
Q020,banglish,Theoretical course-e marks distribution ki?,SUPPORTED,SUPPORTED,NONE,,assessment,mark_distribution,curricula_BSc-Curriculum-New.pdf,18,"Grading System The total performance of a student in a given course is based on a scheme of continuous assessments. For theoretical courses this continuous assessment is made through homework, assignments, attendance, quizzes etc., a mid semester and a semester final examina tion of three/two hours duration. The distribution of marks for a given course is as follows: Assessment 30% Mid Semester 20% Final Exam 50%"
Q031,english,What percentage of total seats is reserved for children of Freedom Fighters?,GENERATION_REJECTED,GENERATION_REJECTED,SAFE_COVERAGE_GAP,Documented answer exists; no incorrect answer was returned. Out of Step 8D scope.,percentage,,curricula_BSc-Curriculum-New.pdf,22,Waiver Policy 3% of total seats are reserved for the children of Freedom Fighters and another 3% for meritorious but poor students from remote areas of Bangladesh. They will be offered full free education opportunity. 1. Top 3% students in each department will be offered 100% tuition waiver based on semester results. 2. Vice Chancellor‘s special tuition fee waiver will be offered in amount 10%-100% to poor but meritorious students. 3. 50% waiver for students with individual GP A of 5.00 in S.S.C and H.S.C. 4. 25% waiver for students with individual GPA of 4.50 in S.S.C and H.S.C.
Q031,bangla,Freedom Fighters-এর সন্তানদের জন্য মোট আসনের কত শতাংশ সংরক্ষিত?,GENERATION_REJECTED,GENERATION_REJECTED,SAFE_COVERAGE_GAP,Documented answer exists; no incorrect answer was returned. Out of Step 8D scope.,percentage,,curricula_BSc-Curriculum-New.pdf,22,Waiver Policy 3% of total seats are reserved for the children of Freedom Fighters and another 3% for meritorious but poor students from remote areas of Bangladesh. They will be offered full free education opportunity. 1. Top 3% students in each department will be offered 100% tuition waiver based on semester results. 2. Vice Chancellor‘s special tuition fee waiver will be offered in amount 10%-100% to poor but meritorious students. 3. 50% waiver for students with individual GP A of 5.00 in S.S.C and H.S.C. 4. 25% waiver for students with individual GPA of 4.50 in S.S.C and H.S.C.
Q031,banglish,Freedom Fighters-er children-der jonno total seats-er koto percent reserved?,GENERATION_REJECTED,GENERATION_REJECTED,SAFE_COVERAGE_GAP,Documented answer exists; no incorrect answer was returned. Out of Step 8D scope.,percentage,,curricula_BSc-Curriculum-New.pdf,22,Waiver Policy 3% of total seats are reserved for the children of Freedom Fighters and another 3% for meritorious but poor students from remote areas of Bangladesh. They will be offered full free education opportunity. 1. Top 3% students in each department will be offered 100% tuition waiver based on semester results. 2. Vice Chancellor‘s special tuition fee waiver will be offered in amount 10%-100% to poor but meritorious students. 3. 50% waiver for students with individual GP A of 5.00 in S.S.C and H.S.C. 4. 25% waiver for students with individual GPA of 4.50 in S.S.C and H.S.C.
Q081,english,What prerequisite is listed for CSE 101 Introduction to Computer Science & Programming Methodology?,SUPPORTED,SUPPORTED,NONE,,prerequisite,course_prerequisite,curricula_BSc-Curriculum-New.pdf,60,"Course Code: CSE 101 Course Title: Introduction to Computer Science & Programming Methodology Credits: 3.00 Prerequisite: None Introduction to computer science, what is computer, Fundamental parts of a computer, sto rage and memory management (RAM, ROM, Hard disk) system overview of a computer, I/O devices, software and hardware, basic knowledge of computer, Files and folders, Command prompt, Microsoft office, Shortcut command keys, web ideas, Number System: Binary, Decimal, Octal, Hexadecimal number system and their conversion. Introduction to structured programming, Flowchart: what is flowchart, expressions of flowchart, importance of flow chart. Pseudo code: pseudo code and expression of pseudo code. Algorithm: Algorithm writing, relationship among algorithm, pseudo code and flow chart, code to flowchart and vice versa conversion. Introduction to C program, Skeleton of C program, Compiler: overview of compiler, importance and functionality, output standard libr ary function as printf(), input standard library function as scanf(), Data types and Variable: different data types, variable types and their sizes, conversion among them, scope: global variable, local variable, static variable, auto variable . Operators: Types of operator in C, functionality of operators, increment – decrement operators, precedence of operators. Header files, library files, object files and their importance. Conditional Operators: if-else structure, switchcase structure, selection structure, statement and expression. Control Flow: for loop structure, while loop structure, do -while structure, sum of the series, co-ordinate geometry, design pattern using loop. Debugging: debug a sample program using compiler. Function: argument and parameter of a function, return types, inline declaration, forward declaration of a function. Macro: types of macro, sample macro program, macro as preprocessor, Course Code: CSE 101 Course Title: Introduction to Computer Science & Programming Credits: 3.00 Prerequisite: None series, co-ordinate geometry, design pattern using loop. Debugging: debug a sample program using compiler. Function: argument and parameter of a function, return types, inline declaration, forward declaration of a function. Macro: types of macro, sample macro program, macro as preprocessor, difference between macro and function, advantages and disadvantages of macro. Bitwise operator: introduction to bitwise operators, their functionality and truth table of basic and, or, xor, nor algebraic functions . Arrays: introduction to array, declaration and definition of an array, types of array, multidimensional array, size calculation of di fferent types of array, scanning array, programs using array, matrix multiplication using array, insertion, deletion, replacement, search from an array, advantages of array over variable. Scientific calculator using C program. References: 1. Teach yourself C by Herbert Schildt. Publisher: Osborne McGraw-Hill 2. C programming Language by Brian W. Kernighan, Dennis M. Ritchie Publisher: Prentice Hall"
Q081,bangla,CSE 101 Introduction to Computer Science & Programming Methodology কোর্সের prerequisite কী দেওয়া আছে?,SUPPORTED,SUPPORTED,NONE,,prerequisite,course_prerequisite,curricula_BSc-Curriculum-New.pdf,60,"Course Code: CSE 101 Course Title: Introduction to Computer Science & Programming Methodology Credits: 3.00 Prerequisite: None Introduction to computer science, what is computer, Fundamental parts of a computer, sto rage and memory management (RAM, ROM, Hard disk) system overview of a computer, I/O devices, software and hardware, basic knowledge of computer, Files and folders, Command prompt, Microsoft office, Shortcut command keys, web ideas, Number System: Binary, Decimal, Octal, Hexadecimal number system and their conversion. Introduction to structured programming, Flowchart: what is flowchart, expressions of flowchart, importance of flow chart. Pseudo code: pseudo code and expression of pseudo code. Algorithm: Algorithm writing, relationship among algorithm, pseudo code and flow chart, code to flowchart and vice versa conversion. Introduction to C program, Skeleton of C program, Compiler: overview of compiler, importance and functionality, output standard libr ary function as printf(), input standard library function as scanf(), Data types and Variable: different data types, variable types and their sizes, conversion among them, scope: global variable, local variable, static variable, auto variable . Operators: Types of operator in C, functionality of operators, increment – decrement operators, precedence of operators. Header files, library files, object files and their importance. Conditional Operators: if-else structure, switchcase structure, selection structure, statement and expression. Control Flow: for loop structure, while loop structure, do -while structure, sum of the series, co-ordinate geometry, design pattern using loop. Debugging: debug a sample program using compiler. Function: argument and parameter of a function, return types, inline declaration, forward declaration of a function. Macro: types of macro, sample macro program, macro as preprocessor, Course Code: CSE 101 Course Title: Introduction to Computer Science & Programming Credits: 3.00 Prerequisite: None series, co-ordinate geometry, design pattern using loop. Debugging: debug a sample program using compiler. Function: argument and parameter of a function, return types, inline declaration, forward declaration of a function. Macro: types of macro, sample macro program, macro as preprocessor, difference between macro and function, advantages and disadvantages of macro. Bitwise operator: introduction to bitwise operators, their functionality and truth table of basic and, or, xor, nor algebraic functions . Arrays: introduction to array, declaration and definition of an array, types of array, multidimensional array, size calculation of di fferent types of array, scanning array, programs using array, matrix multiplication using array, insertion, deletion, replacement, search from an array, advantages of array over variable. Scientific calculator using C program. References: 1. Teach yourself C by Herbert Schildt. Publisher: Osborne McGraw-Hill 2. C programming Language by Brian W. Kernighan, Dennis M. Ritchie Publisher: Prentice Hall"
Q081,banglish,CSE 101 Introduction to Computer Science & Programming Methodology course-er prerequisite ki deya ache?,SUPPORTED,SUPPORTED,NONE,,prerequisite,course_prerequisite,curricula_BSc-Curriculum-New.pdf,60,"Course Code: CSE 101 Course Title: Introduction to Computer Science & Programming Methodology Credits: 3.00 Prerequisite: None Introduction to computer science, what is computer, Fundamental parts of a computer, sto rage and memory management (RAM, ROM, Hard disk) system overview of a computer, I/O devices, software and hardware, basic knowledge of computer, Files and folders, Command prompt, Microsoft office, Shortcut command keys, web ideas, Number System: Binary, Decimal, Octal, Hexadecimal number system and their conversion. Introduction to structured programming, Flowchart: what is flowchart, expressions of flowchart, importance of flow chart. Pseudo code: pseudo code and expression of pseudo code. Algorithm: Algorithm writing, relationship among algorithm, pseudo code and flow chart, code to flowchart and vice versa conversion. Introduction to C program, Skeleton of C program, Compiler: overview of compiler, importance and functionality, output standard libr ary function as printf(), input standard library function as scanf(), Data types and Variable: different data types, variable types and their sizes, conversion among them, scope: global variable, local variable, static variable, auto variable . Operators: Types of operator in C, functionality of operators, increment – decrement operators, precedence of operators. Header files, library files, object files and their importance. Conditional Operators: if-else structure, switchcase structure, selection structure, statement and expression. Control Flow: for loop structure, while loop structure, do -while structure, sum of the series, co-ordinate geometry, design pattern using loop. Debugging: debug a sample program using compiler. Function: argument and parameter of a function, return types, inline declaration, forward declaration of a function. Macro: types of macro, sample macro program, macro as preprocessor, Course Code: CSE 101 Course Title: Introduction to Computer Science & Programming Credits: 3.00 Prerequisite: None series, co-ordinate geometry, design pattern using loop. Debugging: debug a sample program using compiler. Function: argument and parameter of a function, return types, inline declaration, forward declaration of a function. Macro: types of macro, sample macro program, macro as preprocessor, difference between macro and function, advantages and disadvantages of macro. Bitwise operator: introduction to bitwise operators, their functionality and truth table of basic and, or, xor, nor algebraic functions . Arrays: introduction to array, declaration and definition of an array, types of array, multidimensional array, size calculation of di fferent types of array, scanning array, programs using array, matrix multiplication using array, insertion, deletion, replacement, search from an array, advantages of array over variable. Scientific calculator using C program. References: 1. Teach yourself C by Herbert Schildt. Publisher: Osborne McGraw-Hill 2. C programming Language by Brian W. Kernighan, Dennis M. Ritchie Publisher: Prentice Hall"
Q088,english,"What prerequisite is listed for MTH 101 Math I: Basic Calculus, Co-ordinate Geometry?",CONFLICTING_EVIDENCE,SUPPORTED,FALSE_CONFLICT_RESOLVED,Same-relation audit removed an unrelated or equivalent-value comparison.,prerequisite,,curricula_BSc-Curriculum-New.pdf,51,"MTH 101 Math I: Basic Calcu lus, Coordinate Geometry 3.00 Nil Total 19.00"
Q088,bangla,"MTH 101 Math I: Basic Calculus, Co-ordinate Geometry কোর্সের prerequisite কী দেওয়া আছে?",CONFLICTING_EVIDENCE,SUPPORTED,FALSE_CONFLICT_RESOLVED,Same-relation audit removed an unrelated or equivalent-value comparison.,prerequisite,,curricula_BSc-Curriculum-New.pdf,63,"Course Code: MTH 101 Course Title: Math I Credits: 3.00 Prerequisite: N/A Three dimensional geometry: Co-ordinates in three dimensions, direction cosines and direction ratios, planes, sphere, straight line and conicoids (basic definition and properties only). Concept of functions : Function, domain and range of a function, graphs of simple functions (exponential, logarithmic and trigonometric), inverse function, function of several variables. Limit and continuity for single and several variables : Existence of limits, limits at infinity, properties and computational techniques of limits, properties of continuous functions, L‘ Hospital‘s rule. Differentiation and its applications : Tangent lines and rates of change, differentiability, techniques of differentiation, successive differentiation, Leibnitz‘s theorem, Rolle‘s theorem and mean value theorem, Taylor and"
Q088,banglish,"MTH 101 Math I: Basic Calculus, Co-ordinate Geometry course-er prerequisite ki deya ache?",CONFLICTING_EVIDENCE,SUPPORTED,FALSE_CONFLICT_RESOLVED,Same-relation audit removed an unrelated or equivalent-value comparison.,prerequisite,,curricula_BSc-Curriculum-New.pdf,63,"Course Code: MTH 101 Course Title: Math I Credits: 3.00 Prerequisite: N/A Three dimensional geometry: Co-ordinates in three dimensions, direction cosines and direction ratios, planes, sphere, straight line and conicoids (basic definition and properties only). Concept of functions : Function, domain and range of a function, graphs of simple functions (exponential, logarithmic and trigonometric), inverse function, function of several variables. Limit and continuity for single and several variables : Existence of limits, limits at infinity, properties and computational techniques of limits, properties of continuous functions, L‘ Hospital‘s rule. Differentiation and its applications : Tangent lines and rates of change, differentiability, techniques of differentiation, successive differentiation, Leibnitz‘s theorem, Rolle‘s theorem and mean value theorem, Taylor and"
Q095,english,What prerequisite is listed for CHEM 111 Chemistry?,CONFLICTING_EVIDENCE,SUPPORTED,FALSE_CONFLICT_RESOLVED,Same-relation audit removed an unrelated or equivalent-value comparison.,prerequisite,course_prerequisite,curricula_BSc-Curriculum-New.pdf,64,"Course Code: CHEM 111 Course Title: Credits: 3.00 Prerequisite: N/A Atomic structure, quantum numbers, electroni c conﬁguration, periodic table; Properties and uses of noble gases; Different types of chemical bonds and their properties; Molecular structure of compounds; Selective organic reactions; Different types of solutions and their compositions; Phase rule, phase diagram of monocomponent system; Properties of dilute solutions; Thermochemistry, chemical kinetics, chemical equilibria; Ionization of water and pH concept; Electrical properties of Solution. Text Books: 1. Physical Chemistry, Author: Bhall and Tully 2. Inorganic Chemistry, Author: Haider"
Q095,bangla,CHEM 111 Chemistry কোর্সের prerequisite কী দেওয়া আছে?,CONFLICTING_EVIDENCE,SUPPORTED,FALSE_CONFLICT_RESOLVED,Same-relation audit removed an unrelated or equivalent-value comparison.,prerequisite,course_prerequisite,curricula_BSc-Curriculum-New.pdf,64,"Course Code: CHEM 111 Course Title: Credits: 3.00 Prerequisite: N/A Atomic structure, quantum numbers, electroni c conﬁguration, periodic table; Properties and uses of noble gases; Different types of chemical bonds and their properties; Molecular structure of compounds; Selective organic reactions; Different types of solutions and their compositions; Phase rule, phase diagram of monocomponent system; Properties of dilute solutions; Thermochemistry, chemical kinetics, chemical equilibria; Ionization of water and pH concept; Electrical properties of Solution. Text Books: 1. Physical Chemistry, Author: Bhall and Tully 2. Inorganic Chemistry, Author: Haider"
Q095,banglish,CHEM 111 Chemistry course-er prerequisite ki deya ache?,CONFLICTING_EVIDENCE,SUPPORTED,FALSE_CONFLICT_RESOLVED,Same-relation audit removed an unrelated or equivalent-value comparison.,prerequisite,course_prerequisite,curricula_BSc-Curriculum-New.pdf,64,"Course Code: CHEM 111 Course Title: Credits: 3.00 Prerequisite: N/A Atomic structure, quantum numbers, electroni c conﬁguration, periodic table; Properties and uses of noble gases; Different types of chemical bonds and their properties; Molecular structure of compounds; Selective organic reactions; Different types of solutions and their compositions; Phase rule, phase diagram of monocomponent system; Properties of dilute solutions; Thermochemistry, chemical kinetics, chemical equilibria; Ionization of water and pH concept; Electrical properties of Solution. Text Books: 1. Physical Chemistry, Author: Bhall and Tully 2. Inorganic Chemistry, Author: Haider"
Q034,english,How many credits is HSS 101 English I: Written and Spoken English?,SUPPORTED,CONFLICTING_EVIDENCE,GENUINE_CONFLICT_REVEALED,Same course and credit relation have two visibly verified PDF values; do not select one.,credits,,curricula_BSc-Curriculum-New.pdf,61,"Course Code: HSS 101 Course Title: English I: Written and Spoken English Credits: 1.50 A. Written English: Writing Mechanics & Grammar: Spelling, Capitalization, Punctuation, Vocabulary Writing skills for formal and i nformal communications: Paragraph/ Essay/ Story Writing, Opinion Writing, Letter Writing – Formal and Informal, Memo Writing, Report Writing, E-mail Writing, Web Content Writing. Editing & Proofreading:…"
Q034,bangla,HSS 101 English I: Written and Spoken English কোর্সটির ক্রেডিট কত?,SUPPORTED,CONFLICTING_EVIDENCE,GENUINE_CONFLICT_REVEALED,Same course and credit relation have two visibly verified PDF values; do not select one.,credits,,curricula_BSc-Curriculum-New.pdf,61,"Course Code: HSS 101 Course Title: English I: Written and Spoken English Credits: 1.50 A. Written English: Writing Mechanics & Grammar: Spelling, Capitalization, Punctuation, Vocabulary Writing skills for formal and i nformal communications: Paragraph/ Essay/ Story Writing, Opinion Writing, Letter Writing – Formal and Informal, Memo Writing, Report Writing, E-mail Writing, Web Content Writing. Editing & Proofreading:…"
Q034,banglish,HSS 101 English I: Written and Spoken English course-er credit koto?,SUPPORTED,CONFLICTING_EVIDENCE,GENUINE_CONFLICT_REVEALED,Same course and credit relation have two visibly verified PDF values; do not select one.,credits,,curricula_BSc-Curriculum-New.pdf,61,"Course Code: HSS 101 Course Title: English I: Written and Spoken English Credits: 1.50 A. Written English: Writing Mechanics & Grammar: Spelling, Capitalization, Punctuation, Vocabulary Writing skills for formal and i nformal communications: Paragraph/ Essay/ Story Writing, Opinion Writing, Letter Writing – Formal and Informal, Memo Writing, Report Writing, E-mail Writing, Web Content Writing. Editing & Proofreading:…"
Q065,english,How many credits is CSE 304 Data Communications Lab?,SUPPORTED,CONFLICTING_EVIDENCE,GENUINE_CONFLICT_REVEALED,Same course and credit relation have two visibly verified PDF values; do not select one.,credits,,curricula_BSc-Curriculum-New.pdf,53,CSE 304 Data Communications Lab 0.75 Nil
Q065,bangla,CSE 304 Data Communications Lab কোর্সটির ক্রেডিট কত?,SUPPORTED,CONFLICTING_EVIDENCE,GENUINE_CONFLICT_REVEALED,Same course and credit relation have two visibly verified PDF values; do not select one.,credits,,curricula_BSc-Curriculum-New.pdf,78,Course Code: CSE 304 Course Title: Data Communications Lab Credits: 3.00 Prerequisite: None Laboratory works based on theory classes
Q065,banglish,CSE 304 Data Communications Lab course-er credit koto?,SUPPORTED,CONFLICTING_EVIDENCE,GENUINE_CONFLICT_REVEALED,Same course and credit relation have two visibly verified PDF values; do not select one.,credits,,curricula_BSc-Curriculum-New.pdf,78,Course Code: CSE 304 Course Title: Data Communications Lab Credits: 3.00 Prerequisite: None Laboratory works based on theory classes
