question_id,language,question,previous_status,initial_support_status,fallback_triggered,merged_support_status,support_status,final_status,answer_strategy,relation_type,relation_values,final_answer,source,page,chunk_id,supporting_excerpt,continuation_chunk_ids,language_validation_passed,grounding_validation_passed,grounding_validation_reason,generation_used,generation_attempts,total_seconds
Q003,banglish,Prospectus-e kon edition ar date deya ache?,INSUFFICIENT_EVIDENCE,supported,False,supported,supported,ANSWER_RETURNED,semi_structured_relation,edition_publication_date,13th Edition | July 2017,Prospectus-e 13th Edition ar July 2017 date deya ache.,curricula_BSc-Curriculum-New.pdf,2,doc-4d373684ce4879ed066003f5-p000002-b0001-c0001,"Published by Department of Computer Science & Engineering University of Asia Pacific 74/A, Green Road, Dhaka-1215 Edition 13th Edition, July 2017 Address of Correspondence",,True,True,RELATION_EVIDENCE_VERIFIED,False,0,2.506771000000299
Q005,bangla,প্রসপেক্টাসের তথ্য সম্পর্কে ডিসক্লেইমারে কী বলা হয়েছে?,GENERATION_REJECTED,supported,False,supported,supported,ANSWER_RETURNED,semi_structured_relation,publication_disclaimer,"the Department of Computer Science & Engineering, UAP","ডিসক্লেইমার অনুযায়ী, the Department of Computer Science & Engineering, UAP-এর বিবেচনায় প্রসপেক্টাসের তথ্য পরিবর্তন হতে পারে।",curricula_BSc-Curriculum-New.pdf,3,doc-4d373684ce4879ed066003f5-p000003-b0001-c0001,"Disclaimer The information contained in this prospectus is subject to change at the discretion of the Department of Computer Science & Engineering, UAP.",,True,True,RELATION_EVIDENCE_VERIFIED,False,0,0.18030679999901622
Q007,bangla,UAP শুরুতে কোন দুইটি ব্যাচেলর ডিগ্রি প্রোগ্রাম অফার করেছিল?,GENERATION_REJECTED,insufficient,True,supported,supported,ANSWER_RETURNED,semi_structured_relation,initially_offered,Computer Science & Technology | Business Administration,UAP শুরুতে Computer Science & Technology এবং Business Administration—এই দুইটি ব্যাচেলর ডিগ্রি প্রোগ্রাম চালু করেছিল।,curricula_BSc-Curriculum-New.pdf,8,doc-4d373684ce4879ed066003f5-p000008-b0001-c0001,"1. Introduction University of Asia Pacific (UAP) was established in 1996 with a vision to enhance the opportunities for higher education in Bangladesh. The University, under the Private University Act 1992, started its operation in 1996 by offering four -year Bachelor Degree Programs in Computer Science & Technology and Business Administration only. Now UAP offers undergraduate programs in nine disciplines and post-graduate programs in eight disciplines. Its curriculum has been approved by the University Grants Commission of the Government of the People's Republic of Bangladesh. UAP is sponsored by University of Asia Pacific Foundation, a non -profitable, non-commercial organization based in Dhaka, Bangladesh. The Foundation has been established in 1995 by a group of eminent educationalists, Industrialists and administrators who share the same vision and social commitments to promote improve and innovative educational opportunities to the society. UAP is the pr oject of such noble goals. Mr. Qayum Reza Chowdhury is the current Chairperson of this foundation.",,True,True,RELATION_EVIDENCE_VERIFIED,False,0,26.497417000000496
Q010,bangla,UAP কোন আইনের অধীনে কার্যক্রম শুরু করেছিল?,GENERATION_REJECTED,insufficient,True,supported,supported,ANSWER_RETURNED,semi_structured_relation,started_under,Private University Act 1992,UAP Private University Act 1992-এর অধীনে কার্যক্রম শুরু করেছিল।,curricula_BSc-Curriculum-New.pdf,8,doc-4d373684ce4879ed066003f5-p000008-b0001-c0001,"1. Introduction University of Asia Pacific (UAP) was established in 1996 with a vision to enhance the opportunities for higher education in Bangladesh. The University, under the Private University Act 1992, started its operation in 1996 by offering four -year Bachelor Degree Programs in Computer Science & Technology and Business Administration only. Now UAP offers undergraduate programs in nine disciplines and post-graduate programs in eight disciplines. Its curriculum has been approved by the University Grants Commission of the Government of the People's Republic of Bangladesh. UAP is sponsored by University of Asia Pacific Foundation, a non -profitable, non-commercial organization based in Dhaka, Bangladesh. The Foundation has been established in 1995 by a group of eminent educationalists, Industrialists and administrators who share the same vision and social commitments to promote improve and innovative educational opportunities to the society. UAP is the pr oject of such noble goals. Mr. Qayum Reza Chowdhury is the current Chairperson of this foundation.",,True,True,RELATION_EVIDENCE_VERIFIED,False,0,5.069616400000086
Q011,bangla,ভূমিকায় UAP কয়টি আন্ডারগ্র্যাজুয়েট ও পোস্টগ্র্যাজুয়েট ডিসিপ্লিন অফার করে বলা হয়েছে?,GENERATION_REJECTED,insufficient,True,supported,supported,ANSWER_RETURNED,semi_structured_relation,program_discipline_counts,nine | eight,UAP 9টি আন্ডারগ্র্যাজুয়েট এবং 8টি পোস্টগ্র্যাজুয়েট ডিসিপ্লিনে প্রোগ্রাম অফার করে।,curricula_BSc-Curriculum-New.pdf,8,doc-4d373684ce4879ed066003f5-p000008-b0001-c0001,"1. Introduction University of Asia Pacific (UAP) was established in 1996 with a vision to enhance the opportunities for higher education in Bangladesh. The University, under the Private University Act 1992, started its operation in 1996 by offering four -year Bachelor Degree Programs in Computer Science & Technology and Business Administration only. Now UAP offers undergraduate programs in nine disciplines and post-graduate programs in eight disciplines. Its curriculum has been approved by the University Grants Commission of the Government of the People's Republic of Bangladesh. UAP is sponsored by University of Asia Pacific Foundation, a non -profitable, non-commercial organization based in Dhaka, Bangladesh. The Foundation has been established in 1995 by a group of eminent educationalists, Industrialists and administrators who share the same vision and social commitments to promote improve and innovative educational opportunities to the society. UAP is the pr oject of such noble goals. Mr. Qayum Reza Chowdhury is the current Chairperson of this foundation.",,True,True,RELATION_EVIDENCE_VERIFIED,False,0,0.43827370000144583
Q019,bangla,রেজিস্ট্রেশন প্রক্রিয়ায় Category 1 কী?,ANSWER_RETURNED,insufficient,True,supported,supported,ANSWER_RETURNED,semi_structured_relation,category_definition,"Students, who have passed all the courses prescribed for the semester and have no backlog of courses | A student of Category -1 is eligible for registration in all courses prescribed for the next or following semesters",Category 1-এ ওই সেমিস্টারের নির্ধারিত সব কোর্স পাস করা এবং কোনো কোর্স বাকি না থাকা শিক্ষার্থীরা পড়ে। তারা পরবর্তী সেমিস্টারের নির্ধারিত সব কোর্সে নিবন্ধন করতে পারে।,curricula_BSc-Curriculum-New.pdf,18,doc-4d373684ce4879ed066003f5-p000018-b0002-c0001,"Category 1: Students, who have passed all the courses prescribed for the semester and have no backlog of courses. A student of Category -1 is eligible for registration in all courses prescribed for the next or following semesters.",,True,True,RELATION_EVIDENCE_VERIFIED,False,0,0.3811617000010301
Q020,bangla,থিওরেটিক্যাল কোর্সে মার্কস বণ্টন কী?,GENERATION_REJECTED,insufficient,True,supported,supported,ANSWER_RETURNED,semi_structured_relation,mark_distribution,30% | 20% | 50%,"নম্বর বণ্টন হলো: মূল্যায়ন 30%, মধ্য সেমিস্টার 20%, চূড়ান্ত পরীক্ষা 50%।",curricula_BSc-Curriculum-New.pdf,18,doc-4d373684ce4879ed066003f5-p000018-b0005-c0001,"Grading System The total performance of a student in a given course is based on a scheme of continuous assessments. For theoretical courses this continuous assessment is made through homework, assignments, attendance, quizzes etc., a mid semester and a semester final examina tion of three/two hours duration. The distribution of marks for a given course is as follows: Assessment 30% Mid Semester 20% Final Exam 50%",,True,True,RELATION_EVIDENCE_VERIFIED,False,0,4.054904700000407
Q036,banglish,HSS 111(B) Bangladesh Studies: Bangladesh History course-er credit koto?,INSUFFICIENT_EVIDENCE,supported,False,supported,supported,ANSWER_RETURNED,semi_structured_relation,course_credits,2.00,HSS 111(B) course-er credit 2.00.,curricula_BSc-Curriculum-New.pdf,51,doc-4d373684ce4879ed066003f5-p000051-b0006-c0001,HSS 111(B) Bangladesh Studies: Bangladesh History 2.00 Nil,,True,True,RELATION_EVIDENCE_VERIFIED,False,0,1.8135781000000861
Q085,banglish,HSS 111(B) Bangladesh Studies: Bangladesh History course-er prerequisite ki deya ache?,INSUFFICIENT_EVIDENCE,supported,False,supported,supported,ANSWER_RETURNED,semi_structured_relation,course_prerequisite,Nil,HSS 111(B) course-er prerequisite none listed.,curricula_BSc-Curriculum-New.pdf,51,doc-4d373684ce4879ed066003f5-p000051-b0006-c0001,HSS 111(B) Bangladesh Studies: Bangladesh History 2.00 Nil,,True,True,RELATION_EVIDENCE_VERIFIED,False,0,0.23566159999973024
