run_fingerprint,question_id,language,question,reference,original_dataset_reference,expected_page_offline,evaluation_authority,answerability_status,answerability_reason,evidence_level,requested_entity,requested_field,requested_relation,entity_supported,field_supported,relation_supported,structured_extractable,supporting_evidence_count,independent_support_count,source_count,retrieval_channels,best_support_rank,cross_lingual_fallback_used,conflict_detected,ambiguity_detected,generation_required,generation_validation_status,final_answer_allowed,final_status,answer_strategy,final_answer,source,page,chunk_id,supporting_excerpt,conflict_sources,generation_used,generation_attempts,retry_used,language_validation_passed,grounding_validation_passed,semantic_validation_passed,grounding_validation_reason,generation_rejection_reason,retrieval_seconds,generation_seconds,answerability_seconds,total_seconds,rss_bytes,peak_process_bytes,available_ram_bytes,pagefile_used_bytes_system,runtime_error,answer_bank_enabled,reranker_enabled,page_hit_1,page_hit_3,mrr_3,entity_applicable,entity_hit_1,entity_hit_3,field_applicable,field_hit_1,field_hit_3,supportable_1,supportable_3,likely_cause,human_review_needed
5678df246c7634cd94e0,Q001,english,What is the title of the undergraduate prospectus?,"The title is Prospectus (Undergraduate Program) 2017-18 for the Department of Computer Science & Engineering, UAP.","The title is Prospectus (Undergraduate Program) 2017-18 for the Department of Computer Science & Engineering, UAP.",1,DATASET_REFERENCE,GENERATION_REJECTED,GENERATION_GROUNDING_FAILURE,STRONG,,course_title,,True,True,,False,1,1,1,"[""bm25"", ""dense""]",3,False,False,False,False,REJECTED:GENERATION_GROUNDING_FAILURE,False,GENERATION_REJECTED,generation_rejected,"Relevant information was found, but I couldn't produce a reliable answer.",curricula_BSc-Curriculum-New.pdf,51,doc-4d373684ce4879ed066003f5-p000051-b0001-c0001,"4. Summary of Undergraduate Course The undergraduate students of different years of the Department of Computer Science and Engineering have to follow the course schedule given below. The letter prefix in any course number indic ates the discipline/subject offering the course viz. HSS for Humanities and Social Science, Business, Management Studies, Language etc., PHY for Physics, CHEM for Chemistry, MTH for Mathematics , ECN for Economics, ACN for Accounting and CSE for Computer Sc ience and Engineering. The first digit in the number indicates the year/level for which the course is intended; the second digit is assigned by the department and the last digit, if odd, indicates a theory course and if even, indicates a laboratory course. Core Courses First Year First Semester Course Code Course Title Credits Pre- Requisite",[],False,0,False,True,False,True,GENERATION_REJECTED,NO_SAFE_ANSWER_FROM_SUPPORTED_EVIDENCE,2.662714199999755,0.0,0.0017874999975902028,2.671580400005041,2016456704,2020478976,1614430208,1317982208,,False,False,False,True,0.5,False,False,False,True,False,True,False,True,GROUNDING_VALIDATION,True
5678df246c7634cd94e0,Q001,bangla,আন্ডারগ্র্যাজুয়েট প্রসপেক্টাসটির শিরোনাম কী?,শিরোনামটি হলো UAP-এর Department of Computer Science & Engineering-এর Prospectus (Undergraduate Program) 2017-18।,শিরোনামটি হলো UAP-এর Department of Computer Science & Engineering-এর Prospectus (Undergraduate Program) 2017-18।,1,DATASET_REFERENCE,INSUFFICIENT_EVIDENCE,FIELD_NOT_SUPPORTED,NONE,,course_title,,False,False,,,0,0,0,[],,True,False,False,,NOT_ATTEMPTED,False,INSUFFICIENT_EVIDENCE,unsupported,বিশ্ববিদ্যালয়ের নথিতে নির্ভরযোগ্যভাবে উত্তর দেওয়ার মতো পর্যাপ্ত তথ্য পাওয়া যায়নি।,,,,,[],False,0,False,True,True,,GENERATION_NOT_USED,,0.3349990999995498,0.0,2.8399997972883284e-05,0.3390572999996948,2022518784,2026549248,1613463552,1317982208,,False,False,True,True,1.0,False,False,False,True,False,False,False,False,FIELD_VALIDATION,True
5678df246c7634cd94e0,Q001,banglish,Undergraduate prospectus-tar title ki?,Title holo UAP-er Department of Computer Science & Engineering-er Prospectus (Undergraduate Program) 2017-18.,Title holo UAP-er Department of Computer Science & Engineering-er Prospectus (Undergraduate Program) 2017-18.,1,DATASET_REFERENCE,GENERATION_REJECTED,GENERATION_GROUNDING_FAILURE,STRONG,,course_title,,True,True,,False,1,1,1,"[""bm25"", ""dense""]",2,False,False,False,False,REJECTED:GENERATION_GROUNDING_FAILURE,False,GENERATION_REJECTED,generation_rejected,"Relevant tothyo paoa geche, kintu reliable uttor toiri kora jayni.",curricula_BSc-Curriculum-New.pdf,51,doc-4d373684ce4879ed066003f5-p000051-b0001-c0001,"4. Summary of Undergraduate Course The undergraduate students of different years of the Department of Computer Science and Engineering have to follow the course schedule given below. The letter prefix in any course number indic ates the discipline/subject offering the course viz. HSS for Humanities and Social Science, Business, Management Studies, Language etc., PHY for Physics, CHEM for Chemistry, MTH for Mathematics , ECN for Economics, ACN for Accounting and CSE for Computer Sc ience and Engineering. The first digit in the number indicates the year/level for which the course is intended; the second digit is assigned by the department and the last digit, if odd, indicates a theory course and if even, indicates a laboratory course. Core Courses First Year First Semester Course Code Course Title Credits Pre- Requisite",[],False,0,False,True,False,True,GENERATION_REJECTED,NO_SAFE_ANSWER_FROM_SUPPORTED_EVIDENCE,0.17614429999957792,0.0,0.00013480000052368268,0.17893890000414103,2022240256,2026565632,1615380480,1317982208,,False,False,False,True,0.3333333333333333,False,False,False,True,False,True,False,True,GROUNDING_VALIDATION,True
5678df246c7634cd94e0,Q002,bangla,প্রসপেক্টাসটি কে প্রকাশ করেছে?,প্রসপেক্টাসটি University of Asia Pacific-এর Department of Computer Science & Engineering প্রকাশ করেছে।,প্রসপেক্টাসটি University of Asia Pacific-এর Department of Computer Science & Engineering প্রকাশ করেছে।,2,DATASET_REFERENCE,INSUFFICIENT_EVIDENCE,FIELD_NOT_SUPPORTED,NONE,,document_metadata,,False,False,,,0,0,0,[],,True,False,False,,NOT_ATTEMPTED,False,INSUFFICIENT_EVIDENCE,unsupported,বিশ্ববিদ্যালয়ের নথিতে নির্ভরযোগ্যভাবে উত্তর দেওয়ার মতো পর্যাপ্ত তথ্য পাওয়া যায়নি।,,,,,[],False,0,False,True,True,,GENERATION_NOT_USED,,0.3340180000013788,0.0,3.290000313427299e-05,0.3368846000012127,2022395904,2026565632,1623322624,1317982208,,False,False,False,False,0.0,False,False,False,True,True,True,False,False,FIELD_VALIDATION,True
5678df246c7634cd94e0,Q004,english,What email address is listed for correspondence with the CSE Head?,The correspondence email for the CSE Head is headcse@uap-bd.edu.,The correspondence email for the CSE Head is headcse@uap-bd.edu.,2,DATASET_REFERENCE,INSUFFICIENT_EVIDENCE,FIELD_NOT_SUPPORTED,NONE,,email,,False,False,,,0,0,0,[],,False,False,False,,NOT_ATTEMPTED,False,INSUFFICIENT_EVIDENCE,unsupported,I couldn't find enough information in the university documents to answer reliably.,,,,,[],False,0,False,True,True,,GENERATION_NOT_USED,,0.23727389999839943,0.0,3.309999738121405e-05,0.23961010000493843,2023759872,2027790336,1647263744,1317982208,,False,False,True,True,1.0,False,False,False,True,False,False,False,False,FIELD_VALIDATION,True
5678df246c7634cd94e0,Q006,bangla,UAP কখন প্রতিষ্ঠিত হয়?,UAP 1996 সালে প্রতিষ্ঠিত হয়।,UAP 1996 সালে প্রতিষ্ঠিত হয়।,4,DATASET_REFERENCE,INSUFFICIENT_EVIDENCE,FIELD_NOT_SUPPORTED,NONE,,general,,False,False,,,0,0,0,[],,True,False,False,,NOT_ATTEMPTED,False,INSUFFICIENT_EVIDENCE,unsupported,বিশ্ববিদ্যালয়ের নথিতে নির্ভরযোগ্যভাবে উত্তর দেওয়ার মতো পর্যাপ্ত তথ্য পাওয়া যায়নি।,,,,,[],False,0,False,True,True,,GENERATION_NOT_USED,,0.37052460000268184,0.0,2.660000609466806e-05,0.3725083999961498,2022936576,2029285376,1831972864,1321701376,,False,False,False,False,0.0,False,False,False,False,False,False,False,False,FIELD_VALIDATION,True
5678df246c7634cd94e0,Q006,banglish,UAP kobe established hoy?,UAP 1996 shale established hoy.,UAP 1996 shale established hoy.,4,DATASET_REFERENCE,GENERATION_REJECTED,GENERATION_GROUNDING_FAILURE,STRONG,,general,,True,True,,,3,3,1,"[""bm25"", ""dense""]",1,False,False,False,True,REJECTED:GENERATION_GROUNDING_FAILURE,False,GENERATION_REJECTED,generation_rejected,"Relevant tothyo paoa geche, kintu reliable uttor toiri kora jayni.",curricula_BSc-Curriculum-New.pdf,8,doc-4d373684ce4879ed066003f5-p000008-b0001-c0001,"1. Introduction University of Asia Pacific (UAP) was established in 1996 with a vision to enhance the opportunities for higher education in Bangladesh. The University, under the Private University Act 1992, started its operation in 1996 by offering four -year Bachelor Degree Programs in Computer Science & Technology and Business Administration only. Now UAP offers undergraduate programs in nine disciplines and post-graduate programs in eight disciplines. Its curriculum has been approved by the University Grants Commission of the Government of the People's Republic of Bangladesh. UAP is sponsored by University of Asia Pacific Foundation, a non -profitable, non-commercial organization based in Dhaka, Bangladesh. The Foundation has been established in 1995 by a group of eminent educationalists, Industrialists and administrators who share the same vision and social commitments to promote improve and innovative educational opportunities to the society. UAP is the pr oject of such noble goals. Mr. Qayum Reza Chowdhury is the current Chairperson of this foundation.",[],True,2,True,True,False,True,GENERATION_REJECTED,ENTITY_FOCUS_MISMATCH,0.19366079999599606,86.93234420000226,0.0002566999974078499,87.15495789999841,4598370304,5048926208,181202944,1713209344,,False,False,False,True,0.5,False,False,False,False,False,False,True,True,GROUNDING_VALIDATION,True
5678df246c7634cd94e0,Q008,english,How many B.Sc.Engg. graduates had received degrees according to the prospectus?,"According to the prospectus, B.Sc.Engg. degrees had been conferred on 2200 graduates.","According to the prospectus, B.Sc.Engg. degrees had been conferred on 2200 graduates.",4,DATASET_REFERENCE,GENERATION_REJECTED,GENERATION_GROUNDING_FAILURE,STRONG,,general,,True,True,,,2,2,1,"[""bm25"", ""dense""]",1,False,False,False,True,REJECTED:GENERATION_GROUNDING_FAILURE,False,GENERATION_REJECTED,generation_rejected,"Relevant information was found, but I couldn't produce a reliable answer.",curricula_BSc-Curriculum-New.pdf,4,doc-4d373684ce4879ed066003f5-p000004-b0001-c0001,"University of Asia Pacific (UAP) was established in 1996 under the Private University Act 1992 as a private university with the vision of providing quality education and fulf illing the needs of our motherland, Bangladesh. This university started its journ ey in 1996 and offered four years bachelor degree programs in Computer Science & Engineering and Business Administration only, thus the very step of publishing the thirteenth edition of the prospectus for Undergraduate Studies of the Department of Computer Science & Engineering makes us proud. This department established in 1996, with the full support of the Administration and the UAP Foundation Members, is thriving forward in disseminating knowledge in this emerging field. Such endeavor is not only helpin g in developing the human resources of this country but also in earning foreign exchange by exporting skilled manpower abroad. Till to date, B.Sc.Engg. Degree has been conferred on 2200 graduates and these graduates are making positive contributions in the field of Computer Science and Engineering. To enhance the quality of education even further, the Department is planning to take some crush programs, some of which are mentioned below:  Faculty Search Team has been formed to attract Senior Faculty Members in the CSE Department of UAP.  All the Programmin g Lab PCs are regularly updated with the latest computer configuration.  A project lab has already been established for project/research work.  Mobile Games and App Development Lab has been approved to be buil t in CSE, UAP by government fund. CSE Department has several clubs namely UAP Software and",[],True,2,True,True,False,True,GENERATION_REJECTED,MISSING_REQUIRED_ENTITY,0.2474616999970749,42.87420330000168,0.0018053999956464395,43.148431900001015,5198438400,5643739136,366120960,2344370176,,False,False,True,True,1.0,False,False,False,False,False,False,True,True,GROUNDING_VALIDATION,True
5678df246c7634cd94e0,Q008,bangla,প্রসপেক্টাস অনুযায়ী কতজন B.Sc.Engg. গ্র্যাজুয়েট ডিগ্রি পেয়েছে?,প্রসপেক্টাস অনুযায়ী 2200 জন গ্র্যাজুয়েটকে B.Sc.Engg. ডিগ্রি দেওয়া হয়েছে।,প্রসপেক্টাস অনুযায়ী 2200 জন গ্র্যাজুয়েটকে B.Sc.Engg. ডিগ্রি দেওয়া হয়েছে।,4,DATASET_REFERENCE,INSUFFICIENT_EVIDENCE,FIELD_NOT_SUPPORTED,NONE,,general,,False,False,,,0,0,0,[],,True,False,False,,NOT_ATTEMPTED,False,INSUFFICIENT_EVIDENCE,unsupported,বিশ্ববিদ্যালয়ের নথিতে নির্ভরযোগ্যভাবে উত্তর দেওয়ার মতো পর্যাপ্ত তথ্য পাওয়া যায়নি।,,,,,[],False,0,False,True,True,,GENERATION_NOT_USED,,2.262399999999616,0.0,0.00012910000077681616,2.2667367000030936,4065124352,5643739136,186769408,2349912064,,False,False,False,True,0.3333333333333333,False,False,False,False,False,False,False,False,FIELD_VALIDATION,True
5678df246c7634cd94e0,Q008,banglish,Prospectus onujayi kotojon B.Sc.Engg. graduate degree peyechilo?,Prospectus onujayi 2200 graduate-ke B.Sc.Engg. degree deya hoyeche.,Prospectus onujayi 2200 graduate-ke B.Sc.Engg. degree deya hoyeche.,4,DATASET_REFERENCE,GENERATION_REJECTED,GENERATION_SEMANTIC_FAILURE,ADEQUATE,,general,,True,True,,,1,1,1,"[""bm25"", ""dense""]",2,False,False,False,True,REJECTED:GENERATION_SEMANTIC_FAILURE,False,GENERATION_REJECTED,generation_rejected,"Relevant tothyo paoa geche, kintu reliable uttor toiri kora jayni.",curricula_BSc-Curriculum-New.pdf,8,doc-4d373684ce4879ed066003f5-p000008-b0004-c0001,"Prof. M. R. Kabir Ph.D,Catholic University of Leuven, Belgium, M.Sc.Engg.Post Graduate Diploma,",[],True,1,False,True,False,True,GENERATION_REJECTED,SEMANTIC_CONTRACT_UNCERTAIN,0.279239299998153,11.178619199999957,0.0003262999962316826,11.469640299997991,5528166400,5643739136,138285056,2347798528,,False,False,False,False,0.0,False,False,False,False,False,False,False,True,SEMANTIC_VALIDATION,True
5678df246c7634cd94e0,Q012,english,Who is named as the Vice-Chancellor in the prospectus?,Prof. Dr. Jamilur Reza Choudhury is named as the Vice-Chancellor.,Prof. Dr. Jamilur Reza Choudhury is named as the Vice-Chancellor.,8,DATASET_REFERENCE,INSUFFICIENT_EVIDENCE,FIELD_NOT_SUPPORTED,NONE,,publication,,False,False,,,0,0,0,[],,False,False,False,,NOT_ATTEMPTED,False,INSUFFICIENT_EVIDENCE,unsupported,I couldn't find enough information in the university documents to answer reliably.,,,,,[],False,0,False,True,True,,GENERATION_NOT_USED,,0.2423763000042527,0.0,4.8499998229090124e-05,0.2453864999988582,5532516352,5680857088,386945024,2816987136,,False,False,True,True,1.0,False,False,False,True,False,False,False,False,FIELD_VALIDATION,True
5678df246c7634cd94e0,Q012,bangla,প্রসপেক্টাসে Vice-Chancellor হিসেবে কার নাম দেওয়া আছে?,Prof. Dr. Jamilur Reza Choudhury-কে Vice-Chancellor হিসেবে উল্লেখ করা হয়েছে।,Prof. Dr. Jamilur Reza Choudhury-কে Vice-Chancellor হিসেবে উল্লেখ করা হয়েছে।,8,DATASET_REFERENCE,INSUFFICIENT_EVIDENCE,FIELD_NOT_SUPPORTED,NONE,,course_title,,False,False,,,0,0,0,[],,True,False,False,,NOT_ATTEMPTED,False,INSUFFICIENT_EVIDENCE,unsupported,বিশ্ববিদ্যালয়ের নথিতে নির্ভরযোগ্যভাবে উত্তর দেওয়ার মতো পর্যাপ্ত তথ্য পাওয়া যায়নি।,,,,,[],False,0,False,True,True,,GENERATION_NOT_USED,,7.454954099994211,0.0,0.00023569999757455662,7.464246000003186,5614276608,5680857088,268394496,2818101248,,False,False,True,True,1.0,False,False,False,True,False,False,False,False,FIELD_VALIDATION,True
5678df246c7634cd94e0,Q014,english,What is the admission office email address?,The admission office email addresses are admission@uap-bd.edu and registrar@uap-bd.edu.,The admission office email addresses are admission@uap-bd.edu and registrar@uap-bd.edu.,11,DATASET_REFERENCE,GENERATION_REJECTED,GENERATION_GROUNDING_FAILURE,STRONG,,email,,True,True,,False,3,3,1,"[""bm25"", ""dense""]",1,False,False,False,False,REJECTED:GENERATION_GROUNDING_FAILURE,False,GENERATION_REJECTED,generation_rejected,"Relevant information was found, but I couldn't produce a reliable answer.",curricula_BSc-Curriculum-New.pdf,11,doc-4d373684ce4879ed066003f5-p000011-b0004-c0001,"Admission Office 74/A , Green Road , Farmgate, Dhaka - 1215, Bangladesh Telephone: +8802-9126812 PABX: +8802-58157091-4, +8802-58157096 (Ext - 0, 120) FAX:+8802-58157097 Email: admission@uap-bd.edu,, registrar@uap-bd.edu Department of Architecture 74/A , Green Road, Farmgate,Dhaka - 1215, Bangladesh PABX:+8802-58157091-4, +8802-58157096 FAX:+8802-58157097 Email: headarch@uap-bd.edu Department of Business Administration R H Center , House # 74/B/1 ,Green Road , Dhaka, Bangladesh Telephone: 9128716 PABX: +8802-58157091-4, +8802-58157096 (Ext - 121) Email: headba@uap-bd.edu Department of Civil Engineering 74/A , Green Road, Farmgate, Dhaka - 1215, Bangladesh PABX: +8802-58157091-4 FAX:+8802-58157097 Email: headce@uap-bd.edu Department of Computer S cience and Engineering 74/A , Green Road, Farmgate, Dhaka - 1215, Bangladesh PABX:+8802-58157091-4, +8802-58157096 FAX:+8802-58157097 Email: headcse@uap-bd.edu",[],False,0,False,True,False,True,GENERATION_REJECTED,NO_SAFE_ANSWER_FROM_SUPPORTED_EVIDENCE,1.8472324999966077,0.0,0.000821699999505654,1.8613745999973617,4135641088,5762867200,15519744,2755391488,,False,False,True,True,1.0,False,False,False,True,True,True,True,True,GROUNDING_VALIDATION,True
5678df246c7634cd94e0,Q014,banglish,Admission Office-er email address ki?,Admission Office-er email address holo admission@uap-bd.edu ebong registrar@uap-bd.edu.,Admission Office-er email address holo admission@uap-bd.edu ebong registrar@uap-bd.edu.,11,DATASET_REFERENCE,GENERATION_REJECTED,GENERATION_GROUNDING_FAILURE,STRONG,,email,,True,True,,False,3,3,1,"[""bm25"", ""dense""]",1,False,False,False,False,REJECTED:GENERATION_GROUNDING_FAILURE,False,GENERATION_REJECTED,generation_rejected,"Relevant tothyo paoa geche, kintu reliable uttor toiri kora jayni.",curricula_BSc-Curriculum-New.pdf,11,doc-4d373684ce4879ed066003f5-p000011-b0004-c0001,"Admission Office 74/A , Green Road , Farmgate, Dhaka - 1215, Bangladesh Telephone: +8802-9126812 PABX: +8802-58157091-4, +8802-58157096 (Ext - 0, 120) FAX:+8802-58157097 Email: admission@uap-bd.edu,, registrar@uap-bd.edu Department of Architecture 74/A , Green Road, Farmgate,Dhaka - 1215, Bangladesh PABX:+8802-58157091-4, +8802-58157096 FAX:+8802-58157097 Email: headarch@uap-bd.edu Department of Business Administration R H Center , House # 74/B/1 ,Green Road , Dhaka, Bangladesh Telephone: 9128716 PABX: +8802-58157091-4, +8802-58157096 (Ext - 121) Email: headba@uap-bd.edu Department of Civil Engineering 74/A , Green Road, Farmgate, Dhaka - 1215, Bangladesh PABX: +8802-58157091-4 FAX:+8802-58157097 Email: headce@uap-bd.edu Department of Computer S cience and Engineering 74/A , Green Road, Farmgate, Dhaka - 1215, Bangladesh PABX:+8802-58157091-4, +8802-58157096 FAX:+8802-58157097 Email: headcse@uap-bd.edu",[],False,0,False,True,False,True,GENERATION_REJECTED,NO_SAFE_ANSWER_FROM_SUPPORTED_EVIDENCE,0.26386880000063684,0.0,0.0004457000031834468,0.270989800003008,3851100160,5762867200,13189120,2755620864,,False,False,True,True,1.0,False,False,False,True,True,True,True,True,GROUNDING_VALIDATION,True
5678df246c7634cd94e0,Q016,english,How long is a regular semester?,A regular semester totals 18 weeks.,A regular semester totals 18 weeks.,17,DATASET_REFERENCE,GENERATION_REJECTED,GENERATION_GROUNDING_FAILURE,STRONG,,semester,,True,True,,False,3,3,1,"[""bm25"", ""dense""]",1,False,False,False,False,REJECTED:GENERATION_GROUNDING_FAILURE,False,GENERATION_REJECTED,generation_rejected,"Relevant information was found, but I couldn't produce a reliable answer.",curricula_BSc-Curriculum-New.pdf,17,doc-4d373684ce4879ed066003f5-p000017-b0002-c0001,"Semester System There will be two semesters- Fall and Spring Semester in an academic year. In addition to these two regular semesters, there may be a short semester (Summer) in the intervening period between the e nd of Spring Semester and commencement of Fall Semester. Regular Semester",[],False,0,False,True,False,True,GENERATION_REJECTED,NO_SAFE_ANSWER_FROM_SUPPORTED_EVIDENCE,0.21075289999862434,0.0,0.0002632999967318028,0.21514939999906346,2660786176,5762867200,650039296,2812760064,,False,False,True,True,1.0,False,False,False,True,True,True,True,True,GROUNDING_VALIDATION,True
5678df246c7634cd94e0,Q016,banglish,Ekta regular semester-er total duration koto?,Ekta regular semester total 18 weeks.,Ekta regular semester total 18 weeks.,17,DATASET_REFERENCE,GENERATION_REJECTED,GENERATION_SEMANTIC_FAILURE,STRONG,,semester,,True,True,,False,3,3,1,"[""bm25"", ""dense""]",1,False,False,False,False,REJECTED:GENERATION_SEMANTIC_FAILURE,False,GENERATION_REJECTED,generation_rejected,"Relevant tothyo paoa geche, kintu reliable uttor toiri kora jayni.",curricula_BSc-Curriculum-New.pdf,17,doc-4d373684ce4879ed066003f5-p000017-b0002-c0001,"Semester System There will be two semesters- Fall and Spring Semester in an academic year. In addition to these two regular semesters, there may be a short semester (Summer) in the intervening period between the e nd of Spring Semester and commencement of Fall Semester. Regular Semester",[],False,0,False,True,False,True,GENERATION_REJECTED,SEMANTIC_CONTRACT_UNCERTAIN,0.24774429999524727,0.0,0.0005136999971000478,0.253945799995563,2661732352,5762867200,613081088,2811985920,,False,False,True,True,1.0,False,False,False,True,True,True,True,True,SEMANTIC_VALIDATION,True
5678df246c7634cd94e0,Q017,english,How many weeks of classes are in a regular semester?,A regular semester has 15 weeks of classes.,A regular semester has 15 weeks of classes.,17,DATASET_REFERENCE,GENERATION_REJECTED,GENERATION_GROUNDING_FAILURE,STRONG,,semester,,True,True,,False,3,3,1,"[""bm25"", ""dense""]",1,False,False,False,False,REJECTED:GENERATION_GROUNDING_FAILURE,False,GENERATION_REJECTED,generation_rejected,"Relevant information was found, but I couldn't produce a reliable answer.",curricula_BSc-Curriculum-New.pdf,17,doc-4d373684ce4879ed066003f5-p000017-b0003-c0001,Classes 15 Weeks Recess before examination 1 Week Semester final examination 2 Weeks,[],False,0,False,True,False,True,GENERATION_REJECTED,NO_SAFE_ANSWER_FROM_SUPPORTED_EVIDENCE,0.2635519999967073,0.0,0.000443600001744926,0.2688871000063955,2662121472,5762867200,610111488,2818428928,,False,False,True,True,1.0,False,False,False,True,True,True,True,True,GROUNDING_VALIDATION,True
5678df246c7634cd94e0,Q017,bangla,নিয়মিত সেমিস্টারে ক্লাস কত সপ্তাহ হয়?,নিয়মিত সেমিস্টারে 15 সপ্তাহ ক্লাস হয়।,নিয়মিত সেমিস্টারে 15 সপ্তাহ ক্লাস হয়।,17,DATASET_REFERENCE,GENERATION_REJECTED,GENERATION_GROUNDING_FAILURE,STRONG,,semester,,True,True,,False,3,3,1,"[""dense""]",1,False,False,False,False,REJECTED:GENERATION_GROUNDING_FAILURE,False,GENERATION_REJECTED,generation_rejected,"প্রাসঙ্গিক তথ্য পাওয়া গেছে, কিন্তু নির্ভরযোগ্য উত্তর তৈরি করা যায়নি।",curricula_BSc-Curriculum-New.pdf,17,doc-4d373684ce4879ed066003f5-p000017-b0003-c0001,Classes 15 Weeks Recess before examination 1 Week Semester final examination 2 Weeks,[],False,0,False,True,False,True,GENERATION_REJECTED,NO_SAFE_ANSWER_FROM_SUPPORTED_EVIDENCE,0.24987400000100024,0.0,0.0004487000041990541,0.25576059999730205,2662445056,5762867200,602886144,2818269184,,False,False,True,True,1.0,False,False,False,True,True,True,True,True,GROUNDING_VALIDATION,True
5678df246c7634cd94e0,Q017,banglish,Regular semester-e class koy shoptaho hoy?,Regular semester-e 15 weeks class hoy.,Regular semester-e 15 weeks class hoy.,17,DATASET_REFERENCE,GENERATION_REJECTED,GENERATION_GROUNDING_FAILURE,STRONG,,semester,,True,True,,False,3,3,1,"[""bm25"", ""dense""]",1,False,False,False,False,REJECTED:GENERATION_GROUNDING_FAILURE,False,GENERATION_REJECTED,generation_rejected,"Relevant tothyo paoa geche, kintu reliable uttor toiri kora jayni.",curricula_BSc-Curriculum-New.pdf,17,doc-4d373684ce4879ed066003f5-p000017-b0002-c0001,"Semester System There will be two semesters- Fall and Spring Semester in an academic year. In addition to these two regular semesters, there may be a short semester (Summer) in the intervening period between the e nd of Spring Semester and commencement of Fall Semester. Regular Semester",[],False,0,False,True,False,True,GENERATION_REJECTED,NO_SAFE_ANSWER_FROM_SUPPORTED_EVIDENCE,0.25957670000207145,0.0,0.0003808999972534366,0.26560739999695215,2662838272,5762867200,589778944,2818048000,,False,False,True,True,1.0,False,False,False,True,True,True,True,True,GROUNDING_VALIDATION,True
5678df246c7634cd94e0,Q018,english,How is one credit assigned for theoretical courses?,"For theoretical courses, one lecture per week per semester is equivalent to one credit.","For theoretical courses, one lecture per week per semester is equivalent to one credit.",17,DATASET_REFERENCE,AMBIGUOUS_QUERY,AMBIGUOUS_ENTITY,NONE,,credits,,False,False,,,0,0,0,[],,False,False,True,,NOT_ATTEMPTED,False,AMBIGUOUS_QUERY,ambiguous,"Which course, document, program, or policy do you mean?",,,,,[],False,0,False,True,True,,GENERATION_NOT_USED,,0.2902871000042069,0.0,2.8100002964492887e-05,0.2933627000020351,2663702528,5762867200,580894720,2818527232,,False,False,True,True,1.0,False,False,False,True,True,True,False,False,UNKNOWN,True
5678df246c7634cd94e0,Q018,bangla,থিওরেটিক্যাল কোর্সে এক ক্রেডিট কীভাবে নির্ধারিত হয়?,থিওরেটিক্যাল কোর্সে প্রতি সেমিস্টারে প্রতি সপ্তাহে এক লেকচার এক ক্রেডিটের সমান।,থিওরেটিক্যাল কোর্সে প্রতি সেমিস্টারে প্রতি সপ্তাহে এক লেকচার এক ক্রেডিটের সমান।,17,DATASET_REFERENCE,AMBIGUOUS_QUERY,AMBIGUOUS_ENTITY,NONE,,credits,,False,False,,,0,0,0,[],,False,False,True,,NOT_ATTEMPTED,False,AMBIGUOUS_QUERY,ambiguous,"আপনি কোন কোর্স, নথি, প্রোগ্রাম বা নীতির কথা বলছেন?",,,,,[],False,0,False,True,True,,GENERATION_NOT_USED,,0.27979659999982687,0.0,2.5699999241624027e-05,0.2831789000047138,2664976384,5762867200,577163264,2818301952,,False,False,True,True,1.0,False,False,False,True,True,True,False,False,UNKNOWN,True
5678df246c7634cd94e0,Q018,banglish,Theoretical course-e one credit kivabe assigned hoy?,Theoretical course-e per week per semester one lecture one credit-er equivalent.,Theoretical course-e per week per semester one lecture one credit-er equivalent.,17,DATASET_REFERENCE,AMBIGUOUS_QUERY,AMBIGUOUS_ENTITY,NONE,,credits,,False,False,,,0,0,0,[],,False,False,True,,NOT_ATTEMPTED,False,AMBIGUOUS_QUERY,ambiguous,"Apni kon course, document, program, ba policy-r kotha bolchen?",,,,,[],False,0,False,True,True,,GENERATION_NOT_USED,,0.32276960000308463,0.0,2.869999298127368e-05,0.3254859000007855,2664415232,5762867200,495792128,2818109440,,False,False,True,True,1.0,False,False,False,True,True,True,False,False,UNKNOWN,True
5678df246c7634cd94e0,Q020,bangla,থিওরেটিক্যাল কোর্সে মার্কস বণ্টন কী?,"বণ্টন হলো Assessment 30%, Mid Semester 20%, এবং Final Exam 50%।","বণ্টন হলো Assessment 30%, Mid Semester 20%, এবং Final Exam 50%।",18,DATASET_REFERENCE,INSUFFICIENT_EVIDENCE,FIELD_NOT_SUPPORTED,NONE,,general,,False,False,,,0,0,0,[],,True,False,False,,NOT_ATTEMPTED,False,INSUFFICIENT_EVIDENCE,unsupported,বিশ্ববিদ্যালয়ের নথিতে নির্ভরযোগ্যভাবে উত্তর দেওয়ার মতো পর্যাপ্ত তথ্য পাওয়া যায়নি।,,,,,[],False,0,False,True,True,,GENERATION_NOT_USED,,11.085779599998205,0.0,0.0003391999998711981,11.109381400005077,5513506816,5762867200,258928640,2935545856,,False,False,False,False,0.0,False,False,False,False,False,False,False,False,FIELD_VALIDATION,True
5678df246c7634cd94e0,Q021,bangla,কত নম্বর পেলে A+ গ্রেড হয়?,80% বা তার বেশি নম্বরে A+ গ্রেড এবং grade point 4.00 হয়।,80% বা তার বেশি নম্বরে A+ গ্রেড এবং grade point 4.00 হয়।,19,DATASET_REFERENCE,GENERATION_REJECTED,GENERATION_SEMANTIC_FAILURE,STRONG,,grade,,True,True,,False,3,3,1,"[""bm25"", ""dense""]",1,False,False,False,False,REJECTED:GENERATION_SEMANTIC_FAILURE,False,GENERATION_REJECTED,generation_rejected,"প্রাসঙ্গিক তথ্য পাওয়া গেছে, কিন্তু নির্ভরযোগ্য উত্তর তৈরি করা যায়নি।",curricula_BSc-Curriculum-New.pdf,19,doc-4d373684ce4879ed066003f5-p000019-b0005-c0001,"GPA Calculation: A student's performance is measured by the number of c redits that he/she has completed satisfactorily and the weighted average of the grade points that he/she has maintained. A minimum GPA is required to be maintained for satisfactory progress and a minimum number of earned credits should be acquired in Credits CreditssGradePoGPA   )int( Where grade points are points against letter grades A+, A, A -, B+, B, B -, C+, C, D and F. Credits are only for those courses attempted at this university.",[],False,0,False,True,False,True,GENERATION_REJECTED,SEMANTIC_CONTRACT_UNCERTAIN,0.315016900000046,0.0,0.0003099999958067201,0.3208018999939668,4953731072,5762867200,210403328,2814115840,,False,False,True,True,1.0,False,False,False,True,True,True,True,True,SEMANTIC_VALIDATION,True
5678df246c7634cd94e0,Q021,banglish,Koto marks pele A+ grade hoy?,80% and above marks-e A+ grade ar grade point 4.00 hoy.,80% and above marks-e A+ grade ar grade point 4.00 hoy.,19,DATASET_REFERENCE,GENERATION_REJECTED,GENERATION_GROUNDING_FAILURE,STRONG,,grade,,True,True,,False,3,3,1,"[""bm25"", ""dense""]",1,False,False,False,False,REJECTED:GENERATION_GROUNDING_FAILURE,False,GENERATION_REJECTED,generation_rejected,"Relevant tothyo paoa geche, kintu reliable uttor toiri kora jayni.",curricula_BSc-Curriculum-New.pdf,19,doc-4d373684ce4879ed066003f5-p000019-b0004-c0001,"S –– Exempted (For credit transfer courses) E –– Grade ‗F‘: If a student fails to achieve at least 40% marks in a course, he/she will get ‗F‘ grade in that course. B esides, absence in final examination at the end of each academic semester will also result ‗F‘ grade. Grade ‗E‘: A student transferred to UAP from another university or academic institution will earn ‗E‘ grades in the courses exempted at UAP. Grade ‗I‘ : Grade ‗I‘ may be given when a course, according to the syllabus is extended to two consecutive semesters and grade ‗S‘ is given in the first semester to mean satisfactory progression.",[],False,0,False,True,False,True,GENERATION_REJECTED,MISSING_REQUIRED_ENTITY,0.22847859999455977,0.0,0.00047280000580940396,0.2338095000013709,4935528448,5762867200,255975424,2799505408,,False,False,True,True,1.0,False,False,False,True,True,True,True,True,GROUNDING_VALIDATION,True
5678df246c7634cd94e0,Q022,english,What happens if a student gets less than 40% in a course?,Less than 40% results in an F grade with grade point 0.00.,Less than 40% results in an F grade with grade point 0.00.,19,DATASET_REFERENCE,RETRIEVAL_UNCERTAIN,ENTITY_OWNERSHIP_UNCERTAIN,WEAK,than 40,percentage,,False,False,,,0,0,0,[],,False,False,False,,NOT_ATTEMPTED,False,RETRIEVAL_UNCERTAIN,unsupported,"I found related information, but couldn't verify that it answers this specific question.",,,,,[],False,0,False,True,True,,GENERATION_NOT_USED,,0.25810530000308063,0.0,9.850000060396269e-05,0.263348299995414,4919922688,5762867200,286248960,2772189183,,False,False,False,True,0.5,True,True,True,True,True,True,False,False,ENTITY_VALIDATION,True
5678df246c7634cd94e0,Q022,bangla,কোনো কোর্সে 40%-এর কম পেলে কী হয়?,40%-এর কম নম্বরে F গ্রেড এবং grade point 0.00 হয়।,40%-এর কম নম্বরে F গ্রেড এবং grade point 0.00 হয়।,19,DATASET_REFERENCE,GENERATION_REJECTED,GENERATION_GROUNDING_FAILURE,STRONG,40%,percentage,,True,True,,False,3,3,1,"[""bm25"", ""dense""]",1,False,False,False,False,REJECTED:GENERATION_GROUNDING_FAILURE,False,GENERATION_REJECTED,generation_rejected,"প্রাসঙ্গিক তথ্য পাওয়া গেছে, কিন্তু নির্ভরযোগ্য উত্তর তৈরি করা যায়নি।",curricula_BSc-Curriculum-New.pdf,21,doc-4d373684ce4879ed066003f5-p000021-b0002-c0001,Numeric Grade Letter Grade Grade Point 60% and above B 3.00 55% to less than 60% B- 2.75 50% to less than 55% C+ 2.50 45% to less than 50% C 2.25 40% to less than 45% D 2.00 Less than 40% F 0.00 Any student who fails to successfully complete any sessional course has to repeat that course in the following semester. Provisions for Improvement of Grades:,[],False,0,False,True,False,True,GENERATION_REJECTED,NO_SAFE_ANSWER_FROM_SUPPORTED_EVIDENCE,0.25976190000073984,0.0,0.00029999999969732016,0.2648421999983839,4920299520,5762867200,291311616,2792103936,,False,False,False,True,0.5,True,True,True,True,True,True,True,True,GROUNDING_VALIDATION,True
5678df246c7634cd94e0,Q022,banglish,Kono course-e 40%-er kom pele ki hoy?,40%-er kom marks-e F grade ar grade point 0.00 hoy.,40%-er kom marks-e F grade ar grade point 0.00 hoy.,19,DATASET_REFERENCE,GENERATION_REJECTED,GENERATION_GROUNDING_FAILURE,STRONG,40%,percentage,,True,True,,False,3,3,1,"[""bm25"", ""dense""]",1,False,False,False,False,REJECTED:GENERATION_GROUNDING_FAILURE,False,GENERATION_REJECTED,generation_rejected,"Relevant tothyo paoa geche, kintu reliable uttor toiri kora jayni.",curricula_BSc-Curriculum-New.pdf,19,doc-4d373684ce4879ed066003f5-p000019-b0004-c0001,"S –– Exempted (For credit transfer courses) E –– Grade ‗F‘: If a student fails to achieve at least 40% marks in a course, he/she will get ‗F‘ grade in that course. B esides, absence in final examination at the end of each academic semester will also result ‗F‘ grade. Grade ‗E‘: A student transferred to UAP from another university or academic institution will earn ‗E‘ grades in the courses exempted at UAP. Grade ‗I‘ : Grade ‗I‘ may be given when a course, according to the syllabus is extended to two consecutive semesters and grade ‗S‘ is given in the first semester to mean satisfactory progression.",[],False,0,False,True,False,True,GENERATION_REJECTED,NO_SAFE_ANSWER_FROM_SUPPORTED_EVIDENCE,0.22621470000012778,0.0,0.0002849000011337921,0.23038279999309452,4883263488,5762867200,321007616,2792103936,,False,False,True,True,1.0,True,True,True,True,True,True,True,True,GROUNDING_VALIDATION,True
5678df246c7634cd94e0,Q024,bangla,ডিগ্রি উইথ অনার্সের জন্য কত CGPA দরকার?,CGPA 3.75 বা তার বেশি হলে degree with honors দেওয়া হয়।,CGPA 3.75 বা তার বেশি হলে degree with honors দেওয়া হয়।,20,DATASET_REFERENCE,GENERATION_REJECTED,GENERATION_GROUNDING_FAILURE,STRONG,,grade,,True,True,,False,3,3,1,"[""bm25"", ""dense""]",1,False,False,False,False,REJECTED:GENERATION_GROUNDING_FAILURE,False,GENERATION_REJECTED,generation_rejected,"প্রাসঙ্গিক তথ্য পাওয়া গেছে, কিন্তু নির্ভরযোগ্য উত্তর তৈরি করা যায়নি।",curricula_BSc-Curriculum-New.pdf,21,doc-4d373684ce4879ed066003f5-p000021-b0004-c0001,Category - B 1. A Cumulative Grade Point Average (CGPA) of minimum 2.25 is required for graduation. A candidate whose CGPA is below 2.25 shall have to increase his/her CGPA to the minimum requirement within two consecutive semesters failing which s/he shall be placed under academic probation.,[],False,0,False,True,False,True,GENERATION_REJECTED,NO_SAFE_ANSWER_FROM_SUPPORTED_EVIDENCE,0.22268679999979213,0.0,0.00041030000284081325,0.22812179999891669,4870864896,5762867200,310157312,2788945920,,False,False,False,True,0.5,False,False,False,True,True,True,True,True,GROUNDING_VALIDATION,True
5678df246c7634cd94e0,Q028,english,When is a student allowed to appear at a repeat examination?,"A student may appear at a repeat examination if they fail in three theory courses or less, not exceeding 10 credit hours.","A student may appear at a repeat examination if they fail in three theory courses or less, not exceeding 10 credit hours.",20,DATASET_REFERENCE,GENERATION_REJECTED,GENERATION_GROUNDING_FAILURE,ADEQUATE,,date,,True,True,,False,1,1,1,"[""bm25"", ""dense""]",1,False,False,False,False,REJECTED:GENERATION_GROUNDING_FAILURE,False,GENERATION_REJECTED,generation_rejected,"Relevant information was found, but I couldn't produce a reliable answer.",curricula_BSc-Curriculum-New.pdf,20,doc-4d373684ce4879ed066003f5-p000020-b0006-c0001,Rules for Repeat Examination A student wo uld be allowed to appear at the Repeat Examination in case s/he fails in three theory courses or less but not exceeding 10 credit hours. The results of Repeat Examinations would be published within three weeks from the date of publication of the results of the Semester Final,[],False,0,False,True,False,True,GENERATION_REJECTED,NO_SAFE_ANSWER_FROM_SUPPORTED_EVIDENCE,0.2201100000020233,0.0,0.00019500000053085387,0.22527249999984633,5093142528,5762867200,548728832,2904571904,,False,False,True,True,1.0,False,False,False,True,True,True,True,True,GROUNDING_VALIDATION,True
5678df246c7634cd94e0,Q028,bangla,কখন একজন শিক্ষার্থী repeat examination দিতে পারে?,তিনটি বা তার কম theory course-এ ফেল করলে এবং তা 10 credit hour-এর বেশি না হলে repeat examination দেওয়া যায়।,তিনটি বা তার কম theory course-এ ফেল করলে এবং তা 10 credit hour-এর বেশি না হলে repeat examination দেওয়া যায়।,20,DATASET_REFERENCE,GENERATION_REJECTED,GENERATION_GROUNDING_FAILURE,STRONG,,assessment,,True,True,,,3,3,1,"[""bm25"", ""dense""]",1,False,False,False,True,REJECTED:GENERATION_GROUNDING_FAILURE,False,GENERATION_REJECTED,generation_rejected,"প্রাসঙ্গিক তথ্য পাওয়া গেছে, কিন্তু নির্ভরযোগ্য উত্তর তৈরি করা যায়নি।",curricula_BSc-Curriculum-New.pdf,20,doc-4d373684ce4879ed066003f5-p000020-b0006-c0001,Rules for Repeat Examination A student wo uld be allowed to appear at the Repeat Examination in case s/he fails in three theory courses or less but not exceeding 10 credit hours. The results of Repeat Examinations would be published within three weeks from the date of publication of the results of the Semester Final,[],True,3,True,True,False,True,GENERATION_REJECTED,MISSING_REQUIRED_ENTITY,0.2493359000000055,179.95730049999838,0.0006028999996487983,180.2353787000029,4550631424,5762867200,180580352,2476191743,,False,False,True,True,1.0,False,False,False,True,True,True,True,True,GROUNDING_VALIDATION,True
5678df246c7634cd94e0,Q028,banglish,Kokhon ekjon student repeat examination dite pare?,"Tin ta ba tar kom theory course-e fail korle, 10 credit hour exceed na korle, repeat examination deya jay.","Tin ta ba tar kom theory course-e fail korle, 10 credit hour exceed na korle, repeat examination deya jay.",20,DATASET_REFERENCE,GENERATION_REJECTED,GENERATION_GROUNDING_FAILURE,STRONG,,assessment,,True,True,,,3,3,1,"[""bm25"", ""dense""]",1,False,False,False,True,REJECTED:GENERATION_GROUNDING_FAILURE,False,GENERATION_REJECTED,generation_rejected,"Relevant tothyo paoa geche, kintu reliable uttor toiri kora jayni.",curricula_BSc-Curriculum-New.pdf,21,doc-4d373684ce4879ed066003f5-p000021-b0001-c0001,Examination concerned. The respective departments would arrange such Repeat Examinations. Candidates willing to appear at such Repeat Examinations must apply to the respective heads of departments through the advisors stating their willingness to appear at the said examination with the receipt of payment @ Taka3000/ - per course. Repeat examination would be held before next semester would start. Repeat Examinations on theory courses would be held on 50 percent of marks for each course and the marks for Class Assessment and Mid Semester Examination would be carried. There shall be no repeat examinations for sessional courses. The maximum grade to be obtained by a student in a repeat examination would be ‗B‘ (equivalent to 60%). The following grading system would be followed in the repeat examinations:,[],True,3,True,True,False,True,GENERATION_REJECTED,UNSUPPORTED_REALIZATION_FACTS,2.7975189999997383,76.9975512999954,0.0008783000012044795,79.81381870000041,5106331648,5762867200,88768512,2582593536,,False,False,False,True,0.5,False,False,False,True,True,True,True,True,GROUNDING_VALIDATION,True
5678df246c7634cd94e0,Q029,english,What is the fee for a repeat examination course?,The repeat examination fee is Taka 3000 per course.,The repeat examination fee is Taka 3000 per course.,21,DATASET_REFERENCE,GENERATION_REJECTED,GENERATION_SEMANTIC_FAILURE,STRONG,,assessment,,True,True,,,3,3,1,"[""bm25"", ""dense""]",1,False,False,False,True,REJECTED:GENERATION_SEMANTIC_FAILURE,False,GENERATION_REJECTED,generation_rejected,"Relevant information was found, but I couldn't produce a reliable answer.",curricula_BSc-Curriculum-New.pdf,20,doc-4d373684ce4879ed066003f5-p000020-b0006-c0001,Rules for Repeat Examination A student wo uld be allowed to appear at the Repeat Examination in case s/he fails in three theory courses or less but not exceeding 10 credit hours. The results of Repeat Examinations would be published within three weeks from the date of publication of the results of the Semester Final,[],True,1,False,True,False,True,GENERATION_REJECTED,WRONG_RELATION_VALUE,2.390064800005348,30.04882930000167,0.0008375000033993274,32.459436999997706,5229977600,5762867200,316948480,2781839360,,False,False,True,True,1.0,False,False,False,True,True,True,True,True,SEMANTIC_VALIDATION,True
5678df246c7634cd94e0,Q029,bangla,Repeat examination-এর প্রতি কোর্সের ফি কত?,Repeat examination-এর ফি প্রতি course Taka 3000।,Repeat examination-এর ফি প্রতি course Taka 3000।,21,DATASET_REFERENCE,GENERATION_REJECTED,GENERATION_GROUNDING_FAILURE,STRONG,,assessment,,True,True,,,3,3,1,"[""bm25"", ""dense""]",1,False,False,False,True,REJECTED:GENERATION_GROUNDING_FAILURE,False,GENERATION_REJECTED,generation_rejected,"প্রাসঙ্গিক তথ্য পাওয়া গেছে, কিন্তু নির্ভরযোগ্য উত্তর তৈরি করা যায়নি।",curricula_BSc-Curriculum-New.pdf,21,doc-4d373684ce4879ed066003f5-p000021-b0001-c0001,Examination concerned. The respective departments would arrange such Repeat Examinations. Candidates willing to appear at such Repeat Examinations must apply to the respective heads of departments through the advisors stating their willingness to appear at the said examination with the receipt of payment @ Taka3000/ - per course. Repeat examination would be held before next semester would start. Repeat Examinations on theory courses would be held on 50 percent of marks for each course and the marks for Class Assessment and Mid Semester Examination would be carried. There shall be no repeat examinations for sessional courses. The maximum grade to be obtained by a student in a repeat examination would be ‗B‘ (equivalent to 60%). The following grading system would be followed in the repeat examinations:,[],True,1,False,True,False,True,GENERATION_REJECTED,WRONG_FIELD_VALUE,1.5942578999965917,27.390749599995615,0.011202300003787968,29.008242699994298,5152624640,5762867200,284135424,2705977344,,False,False,True,True,1.0,False,False,False,True,True,True,True,True,GROUNDING_VALIDATION,True
5678df246c7634cd94e0,Q029,banglish,Repeat examination-er per course fee koto?,Repeat examination-er fee per course Taka 3000.,Repeat examination-er fee per course Taka 3000.,21,DATASET_REFERENCE,GENERATION_REJECTED,GENERATION_SEMANTIC_FAILURE,STRONG,,assessment,,True,True,,,3,3,1,"[""bm25"", ""dense""]",1,False,False,False,True,REJECTED:GENERATION_SEMANTIC_FAILURE,False,GENERATION_REJECTED,generation_rejected,"Relevant tothyo paoa geche, kintu reliable uttor toiri kora jayni.",curricula_BSc-Curriculum-New.pdf,21,doc-4d373684ce4879ed066003f5-p000021-b0001-c0001,Examination concerned. The respective departments would arrange such Repeat Examinations. Candidates willing to appear at such Repeat Examinations must apply to the respective heads of departments through the advisors stating their willingness to appear at the said examination with the receipt of payment @ Taka3000/ - per course. Repeat examination would be held before next semester would start. Repeat Examinations on theory courses would be held on 50 percent of marks for each course and the marks for Class Assessment and Mid Semester Examination would be carried. There shall be no repeat examinations for sessional courses. The maximum grade to be obtained by a student in a repeat examination would be ‗B‘ (equivalent to 60%). The following grading system would be followed in the repeat examinations:,[],True,1,False,True,False,True,GENERATION_REJECTED,SEMANTIC_CONTRACT_UNCERTAIN,2.135252000000037,27.785633500003314,0.0006797999958507717,29.93828769999527,5411266560,5762867200,214384640,2830077952,,False,False,True,True,1.0,False,False,False,True,True,True,True,True,SEMANTIC_VALIDATION,True
5678df246c7634cd94e0,Q031,english,What percentage of total seats is reserved for children of Freedom Fighters?,3% of total seats are reserved for the children of Freedom Fighters.,3% of total seats are reserved for the children of Freedom Fighters.,22,DATASET_REFERENCE,AMBIGUOUS_QUERY,AMBIGUOUS_ENTITY,NONE,,percentage,,False,False,,,0,0,0,[],,False,False,True,,NOT_ATTEMPTED,False,AMBIGUOUS_QUERY,ambiguous,"Which course, document, program, or policy do you mean?",,,,,[],False,0,False,True,True,,GENERATION_NOT_USED,,0.24352890000591287,0.0,3.0199997127056122e-05,0.24625460000243038,5545816064,5762867200,136482816,2818514944,,False,False,True,True,1.0,False,False,False,True,True,True,False,False,UNKNOWN,True
5678df246c7634cd94e0,Q031,bangla,Freedom Fighters-এর সন্তানদের জন্য মোট আসনের কত শতাংশ সংরক্ষিত?,Freedom Fighters-এর সন্তানদের জন্য মোট আসনের 3% সংরক্ষিত।,Freedom Fighters-এর সন্তানদের জন্য মোট আসনের 3% সংরক্ষিত।,22,DATASET_REFERENCE,AMBIGUOUS_QUERY,AMBIGUOUS_ENTITY,NONE,,percentage,,False,False,,,0,0,0,[],,False,False,True,,NOT_ATTEMPTED,False,AMBIGUOUS_QUERY,ambiguous,"আপনি কোন কোর্স, নথি, প্রোগ্রাম বা নীতির কথা বলছেন?",,,,,[],False,0,False,True,True,,GENERATION_NOT_USED,,0.4016607999947155,0.0,2.8599999495781958e-05,0.40684070000133943,5543448576,5762867200,151953408,2817937407,,False,False,True,True,1.0,False,False,False,True,True,True,False,False,UNKNOWN,True
5678df246c7634cd94e0,Q031,banglish,Freedom Fighters-er children-der jonno total seats-er koto percent reserved?,Freedom Fighters-er children-der jonno total seats-er 3% reserved.,Freedom Fighters-er children-der jonno total seats-er 3% reserved.,22,DATASET_REFERENCE,AMBIGUOUS_QUERY,AMBIGUOUS_ENTITY,NONE,,percentage,,False,False,,,0,0,0,[],,False,False,True,,NOT_ATTEMPTED,False,AMBIGUOUS_QUERY,ambiguous,"Apni kon course, document, program, ba policy-r kotha bolchen?",,,,,[],False,0,False,True,True,,GENERATION_NOT_USED,,2.3383392000032472,0.0,2.819999644998461e-05,2.3414897000038764,5544095744,5762867200,144605184,2817937407,,False,False,True,True,1.0,False,False,False,True,True,True,False,False,UNKNOWN,True
5678df246c7634cd94e0,Q081,english,What prerequisite is listed for CSE 101 Introduction to Computer Science & Programming Methodology?,No prerequisite is listed for CSE 101 Introduction to Computer Science & Programming Methodology.,No prerequisite is listed for CSE 101 Introduction to Computer Science & Programming Methodology.,51,DATASET_REFERENCE,CONFLICTING_EVIDENCE,CONFLICTING_VALUES,WEAK,cse 101,prerequisite,,True,True,,,3,2,1,"[""bm25"", ""dense"", ""metadata""]",1,False,True,False,,NOT_ATTEMPTED,False,CONFLICTING_EVIDENCE,conflicting,The university documents contain conflicting information about this.,curricula_BSc-Curriculum-New.pdf,60,doc-4d373684ce4879ed066003f5-p000060-b0002-c0001,"Course Code: CSE 101 Course Title: Introduction to Computer Science & Programming Methodology Credits: 3.00 Prerequisite: None Introduction to computer science, what is computer, Fundamental parts of a computer, sto rage and memory management (RAM, ROM, Hard disk) system overview of a computer, I/O devices, software and hardware, basic knowledge of computer, Files and folders, Command prompt, Microsoft office, Shortc…","[{""source"": ""curricula_BSc-Curriculum-New.pdf"", ""page"": 60, ""excerpt"": ""Course Code: CSE 101 Course Title: Introduction to Computer Science & Programming Methodology Credits: 3.00 Prerequisite: None Introduction to computer science, what is computer, Fundamental parts of a computer, sto rage and memory management (RAM, ROM, Hard disk) system overview of a computer, I/O devices, software and hardware, basic knowledge of computer, Files and folders, Command prompt, Microsoft office, Shortc…""}, {""source"": ""curricula_BSc-Curriculum-New.pdf"", ""page"": 51, ""excerpt"": ""CSE 101 Introduction to Computer Science & Programming Methodology 3.00 Nil""}, {""source"": ""curricula_BSc-Curriculum-New.pdf"", ""page"": 60, ""excerpt"": ""Course Code: CSE 101 Course Title: Introduction to Computer Science & Programming Credits: 3.00 Prerequisite: None series, co-ordinate geometry, design pattern using loop. Debugging: debug a sample program using compiler. Function: argument and parameter of a function, return types, inline declaration, forward declaration of a function. Macro: types of macro, sample macro program, macro as preprocessor, difference be…""}]",False,0,False,True,True,,GENERATION_NOT_USED,,0.22691910000139615,0.0,0.00011649999942164868,0.22985630000039237,2778804224,5762867200,98807808,2572337152,,False,False,False,True,0.5,True,True,True,True,True,True,True,False,CONFLICT,True
5678df246c7634cd94e0,Q081,bangla,CSE 101 Introduction to Computer Science & Programming Methodology কোর্সের prerequisite কী দেওয়া আছে?,CSE 101 Introduction to Computer Science & Programming Methodology কোর্সের জন্য কোনো prerequisite দেওয়া নেই।,CSE 101 Introduction to Computer Science & Programming Methodology কোর্সের জন্য কোনো prerequisite দেওয়া নেই।,51,DATASET_REFERENCE,CONFLICTING_EVIDENCE,CONFLICTING_VALUES,WEAK,cse 101,prerequisite,,True,True,,,3,2,1,"[""bm25"", ""dense"", ""metadata""]",1,False,True,False,,NOT_ATTEMPTED,False,CONFLICTING_EVIDENCE,conflicting,বিশ্ববিদ্যালয়ের নথিতে এই বিষয়ে পরস্পরবিরোধী তথ্য রয়েছে।,curricula_BSc-Curriculum-New.pdf,51,doc-4d373684ce4879ed066003f5-p000051-b0002-c0001,CSE 101 Introduction to Computer Science & Programming Methodology 3.00 Nil,"[{""source"": ""curricula_BSc-Curriculum-New.pdf"", ""page"": 51, ""excerpt"": ""CSE 101 Introduction to Computer Science & Programming Methodology 3.00 Nil""}, {""source"": ""curricula_BSc-Curriculum-New.pdf"", ""page"": 60, ""excerpt"": ""Course Code: CSE 101 Course Title: Introduction to Computer Science & Programming Methodology Credits: 3.00 Prerequisite: None Introduction to computer science, what is computer, Fundamental parts of a computer, sto rage and memory management (RAM, ROM, Hard disk) system overview of a computer, I/O devices, software and hardware, basic knowledge of computer, Files and folders, Command prompt, Microsoft office, Shortc…""}, {""source"": ""curricula_BSc-Curriculum-New.pdf"", ""page"": 60, ""excerpt"": ""Course Code: CSE 101 Course Title: Introduction to Computer Science & Programming Credits: 3.00 Prerequisite: None series, co-ordinate geometry, design pattern using loop. Debugging: debug a sample program using compiler. Function: argument and parameter of a function, return types, inline declaration, forward declaration of a function. Macro: types of macro, sample macro program, macro as preprocessor, difference be…""}]",False,0,False,True,True,,GENERATION_NOT_USED,,0.239831700004288,0.0,0.00010759999713627622,0.24381089999951655,2739105792,5762867200,107986944,2572156928,,False,False,True,True,1.0,True,True,True,True,True,True,True,False,CONFLICT,True
5678df246c7634cd94e0,Q081,banglish,CSE 101 Introduction to Computer Science & Programming Methodology course-er prerequisite ki deya ache?,CSE 101 Introduction to Computer Science & Programming Methodology course-er jonno kono prerequisite deya nei.,CSE 101 Introduction to Computer Science & Programming Methodology course-er jonno kono prerequisite deya nei.,51,DATASET_REFERENCE,CONFLICTING_EVIDENCE,CONFLICTING_VALUES,WEAK,cse 101,prerequisite,,True,True,,,3,2,1,"[""bm25"", ""dense"", ""metadata""]",1,False,True,False,,NOT_ATTEMPTED,False,CONFLICTING_EVIDENCE,conflicting,University document-gulote ei bishoye conflicting tothyo ache.,curricula_BSc-Curriculum-New.pdf,51,doc-4d373684ce4879ed066003f5-p000051-b0002-c0001,CSE 101 Introduction to Computer Science & Programming Methodology 3.00 Nil,"[{""source"": ""curricula_BSc-Curriculum-New.pdf"", ""page"": 51, ""excerpt"": ""CSE 101 Introduction to Computer Science & Programming Methodology 3.00 Nil""}, {""source"": ""curricula_BSc-Curriculum-New.pdf"", ""page"": 60, ""excerpt"": ""Course Code: CSE 101 Course Title: Introduction to Computer Science & Programming Methodology Credits: 3.00 Prerequisite: None Introduction to computer science, what is computer, Fundamental parts of a computer, sto rage and memory management (RAM, ROM, Hard disk) system overview of a computer, I/O devices, software and hardware, basic knowledge of computer, Files and folders, Command prompt, Microsoft office, Shortc…""}, {""source"": ""curricula_BSc-Curriculum-New.pdf"", ""page"": 60, ""excerpt"": ""Course Code: CSE 101 Course Title: Introduction to Computer Science & Programming Credits: 3.00 Prerequisite: None series, co-ordinate geometry, design pattern using loop. Debugging: debug a sample program using compiler. Function: argument and parameter of a function, return types, inline declaration, forward declaration of a function. Macro: types of macro, sample macro program, macro as preprocessor, difference be…""}]",False,0,False,True,True,,GENERATION_NOT_USED,,0.24336690000200178,0.0,8.209999941755086e-05,0.2465167999980622,2739240960,5762867200,112709632,2572156928,,False,False,True,True,1.0,True,True,True,True,True,True,True,False,CONFLICT,True
