question_id,language,original_query,initial_status,initial_top1,initial_top3,detected_entity,requested_field,fallback_triggered,rewrite_method,canonical_retrieval_query,rewrite_validation,fallback_top1,fallback_top3,merged_support_status,crosslingual_gate_reason,final_answer_status,final_answer,source,page,supporting_evidence,response_language,retrieval_seconds,initial_retrieval_seconds,rewrite_seconds,canonical_retrieval_seconds,multi_query_fusion_seconds,fallback_seconds,total_seconds,rss_bytes,peak_rss_bytes,swap_used_bytes,error
Q003,bangla,প্রসপেক্টাসে কোন সংস্করণ ও তারিখ দেওয়া আছে?,insufficient,"[{""rank"": 1, ""chunk_id"": ""doc-4d373684ce4879ed066003f5-p000066-b0003-c0001"", ""page"": 66, ""source"": ""curricula_BSc-Curriculum-New.pdf"", ""score"": 0.01639344262295082, ""dense_rank"": 1, ""sparse_rank"": null, ""metadata_rank"": null, ""text"": ""Course Code: CSE 105 Course Title: Discrete Mathematics Credits: 3.00 Prerequisite: None Mathematical Models & Foundations: Logic, Proposition, Propositional Equivalence, Propositional and Predicate Calculus: Predicates, predicate formulas,""}]","[{""rank"": 1, ""chunk_id"": ""doc-4d373684ce4879ed066003f5-p000066-b0003-c0001"", ""page"": 66, ""source"": ""curricula_BSc-Curriculum-New.pdf"", ""score"": 0.01639344262295082, ""dense_rank"": 1, ""sparse_rank"": null, ""metadata_rank"": null, ""text"": ""Course Code: CSE 105 Course Title: Discrete Mathematics Credits: 3.00 Prerequisite: None Mathematical Models & Foundations: Logic, Proposition, Propositional Equivalence, Propositional and Predicate Calculus: Predicates, predicate formulas,""}, {""rank"": 2, ""chunk_id"": ""doc-4d373684ce4879ed066003f5-p000003-b0001-c0001"", ""page"": 3, ""source"": ""curricula_BSc-Curriculum-New.pdf"", ""score"": 0.016129032258064516, ""dense_rank"": 2, ""sparse_rank"": null, ""metadata_rank"": null, ""text"": ""Disclaimer The information contained in this prospectus is subject to change at the discretion of the Department of Computer Science & Engineering, UAP.""}, {""rank"": 3, ""chunk_id"": ""doc-4d373684ce4879ed066003f5-p000002-b0001-c0001"", ""page"": 2, ""source"": ""curricula_BSc-Curriculum-New.pdf"", ""score"": 0.015873015873015872, ""dense_rank"": 3, ""sparse_rank"": null, ""metadata_rank"": null, ""text"": ""Published by Department of Computer Science & Engineering University of Asia Pacific 74/A, Green Road, Dhaka-1215 Edition 13th Edition, July 2017 Address of Correspondence""}]",,date,True,DETERMINISTIC,date prospectus edition,VALIDATED,"[{""rank"": 1, ""chunk_id"": ""doc-4d373684ce4879ed066003f5-p000003-b0001-c0001"", ""page"": 3, ""source"": ""curricula_BSc-Curriculum-New.pdf"", ""score"": 0.03252247488101534, ""dense_rank"": 1, ""sparse_rank"": 2, ""metadata_rank"": null, ""text"": ""Disclaimer The information contained in this prospectus is subject to change at the discretion of the Department of Computer Science & Engineering, UAP.""}]","[{""rank"": 1, ""chunk_id"": ""doc-4d373684ce4879ed066003f5-p000003-b0001-c0001"", ""page"": 3, ""source"": ""curricula_BSc-Curriculum-New.pdf"", ""score"": 0.03252247488101534, ""dense_rank"": 1, ""sparse_rank"": 2, ""metadata_rank"": null, ""text"": ""Disclaimer The information contained in this prospectus is subject to change at the discretion of the Department of Computer Science & Engineering, UAP.""}, {""rank"": 2, ""chunk_id"": ""doc-4d373684ce4879ed066003f5-p000001-b0001-c0001"", ""page"": 1, ""source"": ""curricula_BSc-Curriculum-New.pdf"", ""score"": 0.032018442622950824, ""dense_rank"": 4, ""sparse_rank"": 1, ""metadata_rank"": null, ""text"": ""University of Asia Pacific (UAP) Department of Computer Science & Engineering Prospectus (Undergraduate Program) 2017-18 Board of Editors""}, {""rank"": 3, ""chunk_id"": ""doc-4d373684ce4879ed066003f5-p000002-b0001-c0001"", ""page"": 2, ""source"": ""curricula_BSc-Curriculum-New.pdf"", ""score"": 0.03125763125763126, ""dense_rank"": 5, ""sparse_rank"": 3, ""metadata_rank"": null, ""text"": ""Published by Department of Computer Science & Engineering University of Asia Pacific 74/A, Green Road, Dhaka-1215 Edition 13th Edition, July 2017 Address of Correspondence""}]",insufficient,CANONICAL_QUERY_GATE_FAILED,INSUFFICIENT_EVIDENCE,প্রদত্ত বিশ্ববিদ্যালয়ের নথিতে নির্ভরযোগ্যভাবে উত্তর দেওয়ার মতো পর্যাপ্ত তথ্য পাওয়া যায়নি।,,,,bangla,5.247888099999727,5.0634430999998585,0.003715099999681115,0.17250530000001163,0.007711600000220642,0.18395069999951374,5.248943699999472,1871548416,1877827584,1702793216,
Q003,banglish,Prospectus-e kon edition ar date deya ache?,insufficient,"[{""rank"": 1, ""chunk_id"": ""doc-4d373684ce4879ed066003f5-p000003-b0001-c0001"", ""page"": 3, ""source"": ""curricula_BSc-Curriculum-New.pdf"", ""score"": 0.03252247488101534, ""dense_rank"": 1, ""sparse_rank"": 2, ""metadata_rank"": null, ""text"": ""Disclaimer The information contained in this prospectus is subject to change at the discretion of the Department of Computer Science & Engineering, UAP.""}]","[{""rank"": 1, ""chunk_id"": ""doc-4d373684ce4879ed066003f5-p000003-b0001-c0001"", ""page"": 3, ""source"": ""curricula_BSc-Curriculum-New.pdf"", ""score"": 0.03252247488101534, ""dense_rank"": 1, ""sparse_rank"": 2, ""metadata_rank"": null, ""text"": ""Disclaimer The information contained in this prospectus is subject to change at the discretion of the Department of Computer Science & Engineering, UAP.""}, {""rank"": 2, ""chunk_id"": ""doc-4d373684ce4879ed066003f5-p000001-b0001-c0001"", ""page"": 1, ""source"": ""curricula_BSc-Curriculum-New.pdf"", ""score"": 0.03252247488101534, ""dense_rank"": 2, ""sparse_rank"": 1, ""metadata_rank"": null, ""text"": ""University of Asia Pacific (UAP) Department of Computer Science & Engineering Prospectus (Undergraduate Program) 2017-18 Board of Editors""}, {""rank"": 3, ""chunk_id"": ""doc-4d373684ce4879ed066003f5-p000002-b0001-c0001"", ""page"": 2, ""source"": ""curricula_BSc-Curriculum-New.pdf"", ""score"": 0.03149801587301587, ""dense_rank"": 4, ""sparse_rank"": 3, ""metadata_rank"": null, ""text"": ""Published by Department of Computer Science & Engineering University of Asia Pacific 74/A, Green Road, Dhaka-1215 Edition 13th Edition, July 2017 Address of Correspondence""}]",,date,True,DETERMINISTIC,date prospectus edition,VALIDATED,"[{""rank"": 1, ""chunk_id"": ""doc-4d373684ce4879ed066003f5-p000003-b0001-c0001"", ""page"": 3, ""source"": ""curricula_BSc-Curriculum-New.pdf"", ""score"": 0.03252247488101534, ""dense_rank"": 1, ""sparse_rank"": 2, ""metadata_rank"": null, ""text"": ""Disclaimer The information contained in this prospectus is subject to change at the discretion of the Department of Computer Science & Engineering, UAP.""}]","[{""rank"": 1, ""chunk_id"": ""doc-4d373684ce4879ed066003f5-p000003-b0001-c0001"", ""page"": 3, ""source"": ""curricula_BSc-Curriculum-New.pdf"", ""score"": 0.03252247488101534, ""dense_rank"": 1, ""sparse_rank"": 2, ""metadata_rank"": null, ""text"": ""Disclaimer The information contained in this prospectus is subject to change at the discretion of the Department of Computer Science & Engineering, UAP.""}, {""rank"": 2, ""chunk_id"": ""doc-4d373684ce4879ed066003f5-p000001-b0001-c0001"", ""page"": 1, ""source"": ""curricula_BSc-Curriculum-New.pdf"", ""score"": 0.032018442622950824, ""dense_rank"": 4, ""sparse_rank"": 1, ""metadata_rank"": null, ""text"": ""University of Asia Pacific (UAP) Department of Computer Science & Engineering Prospectus (Undergraduate Program) 2017-18 Board of Editors""}, {""rank"": 3, ""chunk_id"": ""doc-4d373684ce4879ed066003f5-p000002-b0001-c0001"", ""page"": 2, ""source"": ""curricula_BSc-Curriculum-New.pdf"", ""score"": 0.03125763125763126, ""dense_rank"": 5, ""sparse_rank"": 3, ""metadata_rank"": null, ""text"": ""Published by Department of Computer Science & Engineering University of Asia Pacific 74/A, Green Road, Dhaka-1215 Edition 13th Edition, July 2017 Address of Correspondence""}]",insufficient,CANONICAL_QUERY_GATE_FAILED,INSUFFICIENT_EVIDENCE,Provided university document-e reliable answer deyar moto enough information paoa jayni.,,,,banglish,0.4651911000000837,0.2319443999995201,0.002415100000689563,0.22651150000001508,0.0036905999995724414,0.23265489999994315,0.46526619999985996,1769431040,1877827584,1697157120,
Q005,bangla,প্রসপেক্টাসের তথ্য সম্পর্কে ডিসক্লেইমারে কী বলা হয়েছে?,insufficient,"[{""rank"": 1, ""chunk_id"": ""doc-4d373684ce4879ed066003f5-p000066-b0003-c0001"", ""page"": 66, ""source"": ""curricula_BSc-Curriculum-New.pdf"", ""score"": 0.01639344262295082, ""dense_rank"": 1, ""sparse_rank"": null, ""metadata_rank"": null, ""text"": ""Course Code: CSE 105 Course Title: Discrete Mathematics Credits: 3.00 Prerequisite: None Mathematical Models & Foundations: Logic, Proposition, Propositional Equivalence, Propositional and Predicate Calculus: Predicates, predicate formulas,""}]","[{""rank"": 1, ""chunk_id"": ""doc-4d373684ce4879ed066003f5-p000066-b0003-c0001"", ""page"": 66, ""source"": ""curricula_BSc-Curriculum-New.pdf"", ""score"": 0.01639344262295082, ""dense_rank"": 1, ""sparse_rank"": null, ""metadata_rank"": null, ""text"": ""Course Code: CSE 105 Course Title: Discrete Mathematics Credits: 3.00 Prerequisite: None Mathematical Models & Foundations: Logic, Proposition, Propositional Equivalence, Propositional and Predicate Calculus: Predicates, predicate formulas,""}, {""rank"": 2, ""chunk_id"": ""doc-4d373684ce4879ed066003f5-p000003-b0001-c0001"", ""page"": 3, ""source"": ""curricula_BSc-Curriculum-New.pdf"", ""score"": 0.016129032258064516, ""dense_rank"": 2, ""sparse_rank"": null, ""metadata_rank"": null, ""text"": ""Disclaimer The information contained in this prospectus is subject to change at the discretion of the Department of Computer Science & Engineering, UAP.""}, {""rank"": 3, ""chunk_id"": ""doc-4d373684ce4879ed066003f5-p000080-b0006-c0001"", ""page"": 80, ""source"": ""curricula_BSc-Curriculum-New.pdf"", ""score"": 0.015873015873015872, ""dense_rank"": 3, ""sparse_rank"": null, ""metadata_rank"": null, ""text"": ""Hopkins Press 4. Various online sources to be determined by the instructor""}]",,general,True,DETERMINISTIC,disclaimer prospectus,VALIDATED,"[{""rank"": 1, ""chunk_id"": ""doc-4d373684ce4879ed066003f5-p000003-b0001-c0001"", ""page"": 3, ""source"": ""curricula_BSc-Curriculum-New.pdf"", ""score"": 0.03278688524590164, ""dense_rank"": 1, ""sparse_rank"": 1, ""metadata_rank"": null, ""text"": ""Disclaimer The information contained in this prospectus is subject to change at the discretion of the Department of Computer Science & Engineering, UAP.""}]","[{""rank"": 1, ""chunk_id"": ""doc-4d373684ce4879ed066003f5-p000003-b0001-c0001"", ""page"": 3, ""source"": ""curricula_BSc-Curriculum-New.pdf"", ""score"": 0.03278688524590164, ""dense_rank"": 1, ""sparse_rank"": 1, ""metadata_rank"": null, ""text"": ""Disclaimer The information contained in this prospectus is subject to change at the discretion of the Department of Computer Science & Engineering, UAP.""}, {""rank"": 2, ""chunk_id"": ""doc-4d373684ce4879ed066003f5-p000001-b0001-c0001"", ""page"": 1, ""source"": ""curricula_BSc-Curriculum-New.pdf"", ""score"": 0.0315136476426799, ""dense_rank"": 5, ""sparse_rank"": 2, ""metadata_rank"": null, ""text"": ""University of Asia Pacific (UAP) Department of Computer Science & Engineering Prospectus (Undergraduate Program) 2017-18 Board of Editors""}, {""rank"": 3, ""chunk_id"": ""doc-4d373684ce4879ed066003f5-p000089-b0001-c0001"", ""page"": 89, ""source"": ""curricula_BSc-Curriculum-New.pdf"", ""score"": 0.016129032258064516, ""dense_rank"": 2, ""sparse_rank"": null, ""metadata_rank"": null, ""text"": ""Course Outline (Optional)""}]",supported,CANONICAL_QUERY_GATE,GENERATION_REJECTED,"প্রাসঙ্গিক তথ্য বিশ্ববিদ্যালয়ের নথিতে পাওয়া গেছে, কিন্তু এই মুহূর্তে আমি সেটির একটি নির্ভরযোগ্য বাংলা উত্তর তৈরি করতে পারিনি।",curricula_BSc-Curriculum-New.pdf,3,"Disclaimer The information contained in this prospectus is subject to change at the discretion of the Department of Computer Science & Engineering, UAP.",bangla,0.44695020000017394,0.23426550000021962,0.0028060999993613223,0.19697240000004967,0.009834200000113924,0.20964770000045974,69.56548670000029,4532174848,4732997632,2709610496,
Q006,bangla,UAP কখন প্রতিষ্ঠিত হয়?,insufficient,"[{""rank"": 1, ""chunk_id"": ""doc-4d373684ce4879ed066003f5-p000016-b0001-c0001"", ""page"": 16, ""source"": ""curricula_BSc-Curriculum-New.pdf"", ""score"": 0.03177805800756621, ""dense_rank"": 1, ""sparse_rank"": 5, ""metadata_rank"": null, ""text"": ""UAP Rules & Regulation""}]","[{""rank"": 1, ""chunk_id"": ""doc-4d373684ce4879ed066003f5-p000016-b0001-c0001"", ""page"": 16, ""source"": ""curricula_BSc-Curriculum-New.pdf"", ""score"": 0.03177805800756621, ""dense_rank"": 1, ""sparse_rank"": 5, ""metadata_rank"": null, ""text"": ""UAP Rules & Regulation""}, {""rank"": 2, ""chunk_id"": ""doc-4d373684ce4879ed066003f5-p000013-b0004-c0001"", ""page"": 13, ""source"": ""curricula_BSc-Curriculum-New.pdf"", ""score"": 0.031754032258064516, ""dense_rank"": 4, ""sparse_rank"": 2, ""metadata_rank"": null, ""text"": ""Laboratory UAP provide laboratory facilities for the students of respective departments. The laboratories are self -sufficient and r ich in instruments and other facilities to carry out sessional / practical classes for different courses. U""}, {""rank"": 3, ""chunk_id"": ""doc-4d373684ce4879ed066003f5-p000008-b0001-c0001"", ""page"": 8, ""source"": ""curricula_BSc-Curriculum-New.pdf"", ""score"": 0.02832415420928403, ""dense_rank"": 2, ""sparse_rank"": 22, ""metadata_rank"": null, ""text"": ""1. Introduction University of Asia Pacific (UAP) was established in 1996 with a vision to enhance the opportunities for higher education in Bangladesh. The University, under the Private University Act 1992, started its operation in 1996 by ""}]",,general,True,DETERMINISTIC,date established UAP,VALIDATED,"[{""rank"": 1, ""chunk_id"": ""doc-4d373684ce4879ed066003f5-p000004-b0001-c0001"", ""page"": 4, ""source"": ""curricula_BSc-Curriculum-New.pdf"", ""score"": 0.03252247488101534, ""dense_rank"": 2, ""sparse_rank"": 1, ""metadata_rank"": null, ""text"": ""University of Asia Pacific (UAP) was established in 1996 under the Private University Act 1992 as a private university with the vision of providing quality education and fulf illing the needs of our motherland, Bangladesh. This university s""}]","[{""rank"": 1, ""chunk_id"": ""doc-4d373684ce4879ed066003f5-p000004-b0001-c0001"", ""page"": 4, ""source"": ""curricula_BSc-Curriculum-New.pdf"", ""score"": 0.03252247488101534, ""dense_rank"": 2, ""sparse_rank"": 1, ""metadata_rank"": null, ""text"": ""University of Asia Pacific (UAP) was established in 1996 under the Private University Act 1992 as a private university with the vision of providing quality education and fulf illing the needs of our motherland, Bangladesh. This university s""}, {""rank"": 2, ""chunk_id"": ""doc-4d373684ce4879ed066003f5-p000008-b0001-c0001"", ""page"": 8, ""source"": ""curricula_BSc-Curriculum-New.pdf"", ""score"": 0.03200204813108039, ""dense_rank"": 3, ""sparse_rank"": 2, ""metadata_rank"": null, ""text"": ""1. Introduction University of Asia Pacific (UAP) was established in 1996 with a vision to enhance the opportunities for higher education in Bangladesh. The University, under the Private University Act 1992, started its operation in 1996 by ""}, {""rank"": 3, ""chunk_id"": ""doc-4d373684ce4879ed066003f5-p000032-b0001-c0001"", ""page"": 32, ""source"": ""curricula_BSc-Curriculum-New.pdf"", ""score"": 0.030798389007344232, ""dense_rank"": 7, ""sparse_rank"": 3, ""metadata_rank"": null, ""text"": ""Spring 2017 saw 167 students admitted. At present, there are around 850 undergraduate and graduate students in the Department. For the last five years, new programming labs with brand machines (1 Student: 1 Computer) have been established, ""}]",insufficient,CANONICAL_QUERY_GATE_FAILED,INSUFFICIENT_EVIDENCE,প্রদত্ত বিশ্ববিদ্যালয়ের নথিতে নির্ভরযোগ্যভাবে উত্তর দেওয়ার মতো পর্যাপ্ত তথ্য পাওয়া যায়নি।,,,,bangla,3.445351400000618,3.122192300000279,0.007596899999953166,0.30150119999962044,0.00950120000015886,0.31864930000028835,3.446383600000445,5276041216,5367259136,2965778432,
Q007,bangla,UAP শুরুতে কোন দুইটি ব্যাচেলর ডিগ্রি প্রোগ্রাম অফার করেছিল?,insufficient,"[{""rank"": 1, ""chunk_id"": ""doc-4d373684ce4879ed066003f5-p000016-b0001-c0001"", ""page"": 16, ""source"": ""curricula_BSc-Curriculum-New.pdf"", ""score"": 0.03076923076923077, ""dense_rank"": 5, ""sparse_rank"": 5, ""metadata_rank"": null, ""text"": ""UAP Rules & Regulation""}]","[{""rank"": 1, ""chunk_id"": ""doc-4d373684ce4879ed066003f5-p000016-b0001-c0001"", ""page"": 16, ""source"": ""curricula_BSc-Curriculum-New.pdf"", ""score"": 0.03076923076923077, ""dense_rank"": 5, ""sparse_rank"": 5, ""metadata_rank"": null, ""text"": ""UAP Rules & Regulation""}, {""rank"": 2, ""chunk_id"": ""doc-4d373684ce4879ed066003f5-p000035-b0002-c0002"", ""page"": 35, ""source"": ""curricula_BSc-Curriculum-New.pdf"", ""score"": 0.03028233151183971, ""dense_rank"": 12, ""sparse_rank"": 1, ""metadata_rank"": null, ""text"": ""Committee of Dept. of CSE, Under IQAC UAP, b) Convener, UAP Website Development Committee, UAP, c) Member, Central Admission Committee, UAP, d) Convener, Software and Hardware Club, Dept of CSE, UAP, e) Reviewer of Three international Journ""}, {""rank"": 3, ""chunk_id"": ""doc-4d373684ce4879ed066003f5-p000013-b0004-c0001"", ""page"": 13, ""source"": ""curricula_BSc-Curriculum-New.pdf"", ""score"": 0.029827662395050816, ""dense_rank"": 13, ""sparse_rank"": 2, ""metadata_rank"": null, ""text"": ""Laboratory UAP provide laboratory facilities for the students of respective departments. The laboratories are self -sufficient and r ich in instruments and other facilities to carry out sessional / practical classes for different courses. U""}]",,general,True,QWEN,UAP initial two bachelor degree programs,VALIDATED,"[{""rank"": 1, ""chunk_id"": ""doc-4d373684ce4879ed066003f5-p000008-b0001-c0001"", ""page"": 8, ""source"": ""curricula_BSc-Curriculum-New.pdf"", ""score"": 0.03252247488101534, ""dense_rank"": 2, ""sparse_rank"": 1, ""metadata_rank"": null, ""text"": ""1. Introduction University of Asia Pacific (UAP) was established in 1996 with a vision to enhance the opportunities for higher education in Bangladesh. The University, under the Private University Act 1992, started its operation in 1996 by ""}]","[{""rank"": 1, ""chunk_id"": ""doc-4d373684ce4879ed066003f5-p000008-b0001-c0001"", ""page"": 8, ""source"": ""curricula_BSc-Curriculum-New.pdf"", ""score"": 0.03252247488101534, ""dense_rank"": 2, ""sparse_rank"": 1, ""metadata_rank"": null, ""text"": ""1. Introduction University of Asia Pacific (UAP) was established in 1996 with a vision to enhance the opportunities for higher education in Bangladesh. The University, under the Private University Act 1992, started its operation in 1996 by ""}, {""rank"": 2, ""chunk_id"": ""doc-4d373684ce4879ed066003f5-p000004-b0001-c0001"", ""page"": 4, ""source"": ""curricula_BSc-Curriculum-New.pdf"", ""score"": 0.031754032258064516, ""dense_rank"": 4, ""sparse_rank"": 2, ""metadata_rank"": null, ""text"": ""University of Asia Pacific (UAP) was established in 1996 under the Private University Act 1992 as a private university with the vision of providing quality education and fulf illing the needs of our motherland, Bangladesh. This university s""}, {""rank"": 3, ""chunk_id"": ""doc-4d373684ce4879ed066003f5-p000010-b0001-c0001"", ""page"": 10, ""source"": ""curricula_BSc-Curriculum-New.pdf"", ""score"": 0.031544957774465976, ""dense_rank"": 1, ""sparse_rank"": 6, ""metadata_rank"": null, ""text"": ""1.4 Academic Programs Undergraduate Studies Currently UAP is offering undergraduate programs in the following seven disciplines Architecture Business Administration Civil Engineering Computer Science and Engineering Electrical and Electroni""}]",supported,CANONICAL_QUERY_GATE,GENERATION_REJECTED,"প্রাসঙ্গিক তথ্য বিশ্ববিদ্যালয়ের নথিতে পাওয়া গেছে, কিন্তু এই মুহূর্তে আমি সেটির একটি নির্ভরযোগ্য বাংলা উত্তর তৈরি করতে পারিনি।",curricula_BSc-Curriculum-New.pdf,8,"1. Introduction University of Asia Pacific (UAP) was established in 1996 with a vision to enhance the opportunities for higher education in Bangladesh. The University, under the Private University Act 1992, started its operation in 1996 by offering four -year Bachelor Degree Programs in Computer Science & Technology and Business Administration only. Now UAP offers undergraduate programs in nine disciplines and post-g…",bangla,24.16735349999999,0.4076070000000982,20.083166500000516,3.6296591000000262,0.04138150000017049,23.755665299999237,142.22606750000068,4477861888,5367259136,3455737856,
Q008,bangla,প্রসপেক্টাস অনুযায়ী কতজন B.Sc.Engg. গ্র্যাজুয়েট ডিগ্রি পেয়েছে?,insufficient,"[{""rank"": 1, ""chunk_id"": ""doc-4d373684ce4879ed066003f5-p000045-b0002-c0001"", ""page"": 45, ""source"": ""curricula_BSc-Curriculum-New.pdf"", ""score"": 0.0288981288981289, ""dense_rank"": 14, ""sparse_rank"": 5, ""metadata_rank"": null, ""text"": ""Lecturer M.Sc. in CSE, BUET (continue) B. Sc. in CSE, BUET, 2014 E-mail: anika.cse@uap-bd.edu""}]","[{""rank"": 1, ""chunk_id"": ""doc-4d373684ce4879ed066003f5-p000045-b0002-c0001"", ""page"": 45, ""source"": ""curricula_BSc-Curriculum-New.pdf"", ""score"": 0.0288981288981289, ""dense_rank"": 14, ""sparse_rank"": 5, ""metadata_rank"": null, ""text"": ""Lecturer M.Sc. in CSE, BUET (continue) B. Sc. in CSE, BUET, 2014 E-mail: anika.cse@uap-bd.edu""}, {""rank"": 2, ""chunk_id"": ""doc-4d373684ce4879ed066003f5-p000048-b0001-c0001"", ""page"": 48, ""source"": ""curricula_BSc-Curriculum-New.pdf"", ""score"": 0.02821939586645469, ""dense_rank"": 8, ""sparse_rank"": 14, ""metadata_rank"": null, ""text"": ""Athletic Competition. He was the Unit Face Coordinator in IUT Engineering Students‘ Association of Bangladesh (ESAB) and the President of IUT computer Society (IUTCS). His research interests span the areas of Artificial Intelligence (Roboti""}, {""rank"": 3, ""chunk_id"": ""doc-4d373684ce4879ed066003f5-p000004-b0001-c0001"", ""page"": 4, ""source"": ""curricula_BSc-Curriculum-New.pdf"", ""score"": 0.026387470207694927, ""dense_rank"": 6, ""sparse_rank"": 29, ""metadata_rank"": null, ""text"": ""University of Asia Pacific (UAP) was established in 1996 under the Private University Act 1992 as a private university with the vision of providing quality education and fulf illing the needs of our motherland, Bangladesh. This university s""}]",,general,True,DETERMINISTIC,prospectus graduates degree,VALIDATED,"[{""rank"": 1, ""chunk_id"": ""doc-4d373684ce4879ed066003f5-p000003-b0001-c0001"", ""page"": 3, ""source"": ""curricula_BSc-Curriculum-New.pdf"", ""score"": 0.032266458495966696, ""dense_rank"": 1, ""sparse_rank"": 3, ""metadata_rank"": null, ""text"": ""Disclaimer The information contained in this prospectus is subject to change at the discretion of the Department of Computer Science & Engineering, UAP.""}]","[{""rank"": 1, ""chunk_id"": ""doc-4d373684ce4879ed066003f5-p000003-b0001-c0001"", ""page"": 3, ""source"": ""curricula_BSc-Curriculum-New.pdf"", ""score"": 0.032266458495966696, ""dense_rank"": 1, ""sparse_rank"": 3, ""metadata_rank"": null, ""text"": ""Disclaimer The information contained in this prospectus is subject to change at the discretion of the Department of Computer Science & Engineering, UAP.""}, {""rank"": 2, ""chunk_id"": ""doc-4d373684ce4879ed066003f5-p000001-b0001-c0001"", ""page"": 1, ""source"": ""curricula_BSc-Curriculum-New.pdf"", ""score"": 0.03225806451612903, ""dense_rank"": 2, ""sparse_rank"": 2, ""metadata_rank"": null, ""text"": ""University of Asia Pacific (UAP) Department of Computer Science & Engineering Prospectus (Undergraduate Program) 2017-18 Board of Editors""}, {""rank"": 3, ""chunk_id"": ""doc-4d373684ce4879ed066003f5-p000025-b0002-c0001"", ""page"": 25, ""source"": ""curricula_BSc-Curriculum-New.pdf"", ""score"": 0.031009615384615385, ""dense_rank"": 4, ""sparse_rank"": 5, ""metadata_rank"": null, ""text"": ""Mission Department of CSE believes in the pursuit of excellence by developing students in creating, applying and imparting knowledge of ICT. Educational curriculum, research and collaboration between academia and industry are given highest ""}]",insufficient,CANONICAL_TERMS_NOT_IN_EVIDENCE,INSUFFICIENT_EVIDENCE,প্রদত্ত বিশ্ববিদ্যালয়ের নথিতে নির্ভরযোগ্যভাবে উত্তর দেওয়ার মতো পর্যাপ্ত তথ্য পাওয়া যায়নি।,,,,bangla,4.199598199999855,3.8449674999992567,0.006579100000635663,0.3212007000001904,0.01880740000069636,0.34685609999996814,4.199937699999282,3151257600,5367259136,3329425408,
Q010,bangla,UAP কোন আইনের অধীনে কার্যক্রম শুরু করেছিল?,insufficient,"[{""rank"": 1, ""chunk_id"": ""doc-4d373684ce4879ed066003f5-p000016-b0001-c0001"", ""page"": 16, ""source"": ""curricula_BSc-Curriculum-New.pdf"", ""score"": 0.03177805800756621, ""dense_rank"": 1, ""sparse_rank"": 5, ""metadata_rank"": null, ""text"": ""UAP Rules & Regulation""}]","[{""rank"": 1, ""chunk_id"": ""doc-4d373684ce4879ed066003f5-p000016-b0001-c0001"", ""page"": 16, ""source"": ""curricula_BSc-Curriculum-New.pdf"", ""score"": 0.03177805800756621, ""dense_rank"": 1, ""sparse_rank"": 5, ""metadata_rank"": null, ""text"": ""UAP Rules & Regulation""}, {""rank"": 2, ""chunk_id"": ""doc-4d373684ce4879ed066003f5-p000013-b0004-c0001"", ""page"": 13, ""source"": ""curricula_BSc-Curriculum-New.pdf"", ""score"": 0.0315136476426799, ""dense_rank"": 5, ""sparse_rank"": 2, ""metadata_rank"": null, ""text"": ""Laboratory UAP provide laboratory facilities for the students of respective departments. The laboratories are self -sufficient and r ich in instruments and other facilities to carry out sessional / practical classes for different courses. U""}, {""rank"": 3, ""chunk_id"": ""doc-4d373684ce4879ed066003f5-p000008-b0001-c0001"", ""page"": 8, ""source"": ""curricula_BSc-Curriculum-New.pdf"", ""score"": 0.02832415420928403, ""dense_rank"": 2, ""sparse_rank"": 22, ""metadata_rank"": null, ""text"": ""1. Introduction University of Asia Pacific (UAP) was established in 1996 with a vision to enhance the opportunities for higher education in Bangladesh. The University, under the Private University Act 1992, started its operation in 1996 by ""}]",,general,True,QWEN,UAP under which law started the program?,VALIDATED,"[{""rank"": 1, ""chunk_id"": ""doc-4d373684ce4879ed066003f5-p000008-b0001-c0001"", ""page"": 8, ""source"": ""curricula_BSc-Curriculum-New.pdf"", ""score"": 0.03225806451612903, ""dense_rank"": 2, ""sparse_rank"": 2, ""metadata_rank"": null, ""text"": ""1. Introduction University of Asia Pacific (UAP) was established in 1996 with a vision to enhance the opportunities for higher education in Bangladesh. The University, under the Private University Act 1992, started its operation in 1996 by ""}]","[{""rank"": 1, ""chunk_id"": ""doc-4d373684ce4879ed066003f5-p000008-b0001-c0001"", ""page"": 8, ""source"": ""curricula_BSc-Curriculum-New.pdf"", ""score"": 0.03225806451612903, ""dense_rank"": 2, ""sparse_rank"": 2, ""metadata_rank"": null, ""text"": ""1. Introduction University of Asia Pacific (UAP) was established in 1996 with a vision to enhance the opportunities for higher education in Bangladesh. The University, under the Private University Act 1992, started its operation in 1996 by ""}, {""rank"": 2, ""chunk_id"": ""doc-4d373684ce4879ed066003f5-p000004-b0001-c0001"", ""page"": 4, ""source"": ""curricula_BSc-Curriculum-New.pdf"", ""score"": 0.031746031746031744, ""dense_rank"": 3, ""sparse_rank"": 3, ""metadata_rank"": null, ""text"": ""University of Asia Pacific (UAP) was established in 1996 under the Private University Act 1992 as a private university with the vision of providing quality education and fulf illing the needs of our motherland, Bangladesh. This university s""}, {""rank"": 3, ""chunk_id"": ""doc-4d373684ce4879ed066003f5-p000014-b0001-c0001"", ""page"": 14, ""source"": ""curricula_BSc-Curriculum-New.pdf"", ""score"": 0.031544957774465976, ""dense_rank"": 6, ""sparse_rank"": 1, ""metadata_rank"": null, ""text"": ""1.8 Academic and Technical Collaborations 1. Foreign Academic and Technical collaborations With increasing internationalization of educati on, particularly at the university level, there is a strong compulsion to promote interaction, especi""}]",supported,CANONICAL_QUERY_GATE,GENERATION_REJECTED,"প্রাসঙ্গিক তথ্য বিশ্ববিদ্যালয়ের নথিতে পাওয়া গেছে, কিন্তু এই মুহূর্তে আমি সেটির একটি নির্ভরযোগ্য বাংলা উত্তর তৈরি করতে পারিনি।",curricula_BSc-Curriculum-New.pdf,8,"1. Introduction University of Asia Pacific (UAP) was established in 1996 with a vision to enhance the opportunities for higher education in Bangladesh. The University, under the Private University Act 1992, started its operation in 1996 by offering four -year Bachelor Degree Programs in Computer Science & Technology and Business Administration only. Now UAP offers undergraduate programs in nine disciplines and post-g…",bangla,20.305918399999427,0.32045060000018566,16.60397019999982,3.3486825999998473,0.023221700000249257,19.981311700000333,59.450330499999836,4522180608,5367259136,3290386432,
Q011,bangla,ভূমিকায় UAP কয়টি আন্ডারগ্র্যাজুয়েট ও পোস্টগ্র্যাজুয়েট ডিসিপ্লিন অফার করে বলা হয়েছে?,insufficient,"[{""rank"": 1, ""chunk_id"": ""doc-4d373684ce4879ed066003f5-p000016-b0001-c0001"", ""page"": 16, ""source"": ""curricula_BSc-Curriculum-New.pdf"", ""score"": 0.031009615384615385, ""dense_rank"": 4, ""sparse_rank"": 5, ""metadata_rank"": null, ""text"": ""UAP Rules & Regulation""}]","[{""rank"": 1, ""chunk_id"": ""doc-4d373684ce4879ed066003f5-p000016-b0001-c0001"", ""page"": 16, ""source"": ""curricula_BSc-Curriculum-New.pdf"", ""score"": 0.031009615384615385, ""dense_rank"": 4, ""sparse_rank"": 5, ""metadata_rank"": null, ""text"": ""UAP Rules & Regulation""}, {""rank"": 2, ""chunk_id"": ""doc-4d373684ce4879ed066003f5-p000035-b0002-c0002"", ""page"": 35, ""source"": ""curricula_BSc-Curriculum-New.pdf"", ""score"": 0.030886196246139225, ""dense_rank"": 9, ""sparse_rank"": 1, ""metadata_rank"": null, ""text"": ""Committee of Dept. of CSE, Under IQAC UAP, b) Convener, UAP Website Development Committee, UAP, c) Member, Central Admission Committee, UAP, d) Convener, Software and Hardware Club, Dept of CSE, UAP, e) Reviewer of Three international Journ""}, {""rank"": 3, ""chunk_id"": ""doc-4d373684ce4879ed066003f5-p000013-b0004-c0001"", ""page"": 13, ""source"": ""curricula_BSc-Curriculum-New.pdf"", ""score"": 0.030017921146953404, ""dense_rank"": 12, ""sparse_rank"": 2, ""metadata_rank"": null, ""text"": ""Laboratory UAP provide laboratory facilities for the students of respective departments. The laboratories are self -sufficient and r ich in instruments and other facilities to carry out sessional / practical classes for different courses. U""}]",,general,True,DETERMINISTIC,graduates degree disciplines UAP,VALIDATED,"[{""rank"": 1, ""chunk_id"": ""doc-4d373684ce4879ed066003f5-p000008-b0001-c0001"", ""page"": 8, ""source"": ""curricula_BSc-Curriculum-New.pdf"", ""score"": 0.032018442622950824, ""dense_rank"": 4, ""sparse_rank"": 1, ""metadata_rank"": null, ""text"": ""1. Introduction University of Asia Pacific (UAP) was established in 1996 with a vision to enhance the opportunities for higher education in Bangladesh. The University, under the Private University Act 1992, started its operation in 1996 by ""}]","[{""rank"": 1, ""chunk_id"": ""doc-4d373684ce4879ed066003f5-p000008-b0001-c0001"", ""page"": 8, ""source"": ""curricula_BSc-Curriculum-New.pdf"", ""score"": 0.032018442622950824, ""dense_rank"": 4, ""sparse_rank"": 1, ""metadata_rank"": null, ""text"": ""1. Introduction University of Asia Pacific (UAP) was established in 1996 with a vision to enhance the opportunities for higher education in Bangladesh. The University, under the Private University Act 1992, started its operation in 1996 by ""}, {""rank"": 2, ""chunk_id"": ""doc-4d373684ce4879ed066003f5-p000009-b0004-c0001"", ""page"": 9, ""source"": ""curricula_BSc-Curriculum-New.pdf"", ""score"": 0.031754032258064516, ""dense_rank"": 2, ""sparse_rank"": 4, ""metadata_rank"": null, ""text"": ""1.3 Schools and Departments At present, UAP has five schools comprising of relevant departments: School of Engineering Department of Computer Science and Engineering Department of Civil Engineering Department of Electrical and Electronic En""}, {""rank"": 3, ""chunk_id"": ""doc-4d373684ce4879ed066003f5-p000004-b0001-c0001"", ""page"": 4, ""source"": ""curricula_BSc-Curriculum-New.pdf"", ""score"": 0.0315136476426799, ""dense_rank"": 5, ""sparse_rank"": 2, ""metadata_rank"": null, ""text"": ""University of Asia Pacific (UAP) was established in 1996 under the Private University Act 1992 as a private university with the vision of providing quality education and fulf illing the needs of our motherland, Bangladesh. This university s""}]",supported,CANONICAL_QUERY_GATE,GENERATION_REJECTED,"প্রাসঙ্গিক তথ্য বিশ্ববিদ্যালয়ের নথিতে পাওয়া গেছে, কিন্তু এই মুহূর্তে আমি সেটির একটি নির্ভরযোগ্য বাংলা উত্তর তৈরি করতে পারিনি।",curricula_BSc-Curriculum-New.pdf,8,"1. Introduction University of Asia Pacific (UAP) was established in 1996 with a vision to enhance the opportunities for higher education in Bangladesh. The University, under the Private University Act 1992, started its operation in 1996 by offering four -year Bachelor Degree Programs in Computer Science & Technology and Business Administration only. Now UAP offers undergraduate programs in nine disciplines and post-g…",bangla,4.826742700000068,4.568474100000458,0.0042242999998052255,0.2407800999999381,0.010662100000445207,0.25569700000050943,45.89043550000042,4513304576,5367259136,3106164736,
Q019,bangla,রেজিস্ট্রেশন প্রক্রিয়ায় Category 1 কী?,insufficient,"[{""rank"": 1, ""chunk_id"": ""doc-4d373684ce4879ed066003f5-p000018-b0002-c0001"", ""page"": 18, ""source"": ""curricula_BSc-Curriculum-New.pdf"", ""score"": 0.03278688524590164, ""dense_rank"": 1, ""sparse_rank"": 1, ""metadata_rank"": null, ""text"": ""Category 1: Students, who have passed all the courses prescribed for the semester and have no backlog of courses. A student of Category -1 is eligible for registration in all courses prescribed for the next or following semesters.""}]","[{""rank"": 1, ""chunk_id"": ""doc-4d373684ce4879ed066003f5-p000018-b0002-c0001"", ""page"": 18, ""source"": ""curricula_BSc-Curriculum-New.pdf"", ""score"": 0.03278688524590164, ""dense_rank"": 1, ""sparse_rank"": 1, ""metadata_rank"": null, ""text"": ""Category 1: Students, who have passed all the courses prescribed for the semester and have no backlog of courses. A student of Category -1 is eligible for registration in all courses prescribed for the next or following semesters.""}, {""rank"": 2, ""chunk_id"": ""doc-4d373684ce4879ed066003f5-p000018-b0004-c0001"", ""page"": 18, ""source"": ""curricula_BSc-Curriculum-New.pdf"", ""score"": 0.03200204813108039, ""dense_rank"": 2, ""sparse_rank"": 3, ""metadata_rank"": null, ""text"": ""Category 3: Students, who have failed to earn 15 credits in a semester, belong to this category. Students of this category are advised to take a t least two courses less in the following semester than those offered for students of Category ""}, {""rank"": 3, ""chunk_id"": ""doc-4d373684ce4879ed066003f5-p000018-b0003-c0001"", ""page"": 18, ""source"": ""curricula_BSc-Curriculum-New.pdf"", ""score"": 0.03200204813108039, ""dense_rank"": 3, ""sparse_rank"": 2, ""metadata_rank"": null, ""text"": ""Category 2: Students, who have earned at least 15 credits in a semester but do not belong to Category 1. These students are advised to take at least one course less in the following semester than those offered for students of Category 1, su""}]",,general,True,DETERMINISTIC,registration category 1,VALIDATED,"[{""rank"": 1, ""chunk_id"": ""doc-4d373684ce4879ed066003f5-p000018-b0002-c0001"", ""page"": 18, ""source"": ""curricula_BSc-Curriculum-New.pdf"", ""score"": 0.03278688524590164, ""dense_rank"": 1, ""sparse_rank"": 1, ""metadata_rank"": null, ""text"": ""Category 1: Students, who have passed all the courses prescribed for the semester and have no backlog of courses. A student of Category -1 is eligible for registration in all courses prescribed for the next or following semesters.""}]","[{""rank"": 1, ""chunk_id"": ""doc-4d373684ce4879ed066003f5-p000018-b0002-c0001"", ""page"": 18, ""source"": ""curricula_BSc-Curriculum-New.pdf"", ""score"": 0.03278688524590164, ""dense_rank"": 1, ""sparse_rank"": 1, ""metadata_rank"": null, ""text"": ""Category 1: Students, who have passed all the courses prescribed for the semester and have no backlog of courses. A student of Category -1 is eligible for registration in all courses prescribed for the next or following semesters.""}, {""rank"": 2, ""chunk_id"": ""doc-4d373684ce4879ed066003f5-p000018-b0004-c0001"", ""page"": 18, ""source"": ""curricula_BSc-Curriculum-New.pdf"", ""score"": 0.03200204813108039, ""dense_rank"": 3, ""sparse_rank"": 2, ""metadata_rank"": null, ""text"": ""Category 3: Students, who have failed to earn 15 credits in a semester, belong to this category. Students of this category are advised to take a t least two courses less in the following semester than those offered for students of Category ""}, {""rank"": 3, ""chunk_id"": ""doc-4d373684ce4879ed066003f5-p000018-b0003-c0001"", ""page"": 18, ""source"": ""curricula_BSc-Curriculum-New.pdf"", ""score"": 0.03149801587301587, ""dense_rank"": 4, ""sparse_rank"": 3, ""metadata_rank"": null, ""text"": ""Category 2: Students, who have earned at least 15 credits in a semester but do not belong to Category 1. These students are advised to take at least one course less in the following semester than those offered for students of Category 1, su""}]",supported,CANONICAL_QUERY_GATE,ANSWER_RETURNED,Category 1 ছাত্ররা সকল কোর্স নির্দেশিত হয়েছে যারা পরবর্তী বা অন্তত: একটি সেমিস্টারের জন্য নিবন্ধিত হবে. Category 1 ছাত্ররা সকল কোর্স পাস করেছে এবং কোন কোর্সের backlog নেই।,curricula_BSc-Curriculum-New.pdf,18,"Category 1: Students, who have passed all the courses prescribed for the semester and have no backlog of courses. A student of Category -1 is eligible for registration in all courses prescribed for the next or following semesters.",bangla,3.401440399999956,2.945198999999775,0.012917100000777282,0.4294063000006645,0.008554700000786397,0.4509371000003739,170.79342950000046,4481052672,5628981248,3025195008,
Q020,bangla,থিওরেটিক্যাল কোর্সে মার্কস বণ্টন কী?,insufficient,"[{""rank"": 1, ""chunk_id"": ""doc-4d373684ce4879ed066003f5-p000069-b0005-c0001"", ""page"": 69, ""source"": ""curricula_BSc-Curriculum-New.pdf"", ""score"": 0.01639344262295082, ""dense_rank"": 1, ""sparse_rank"": null, ""metadata_rank"": null, ""text"": ""Course Code: MTH 203 Course Title: Probability & Statistics Credits: 3.00 Prerequisite: None Probability: Static and random variables (discrete and continuous), occurrence of random variables, concept of population and using statistics to m""}]","[{""rank"": 1, ""chunk_id"": ""doc-4d373684ce4879ed066003f5-p000069-b0005-c0001"", ""page"": 69, ""source"": ""curricula_BSc-Curriculum-New.pdf"", ""score"": 0.01639344262295082, ""dense_rank"": 1, ""sparse_rank"": null, ""metadata_rank"": null, ""text"": ""Course Code: MTH 203 Course Title: Probability & Statistics Credits: 3.00 Prerequisite: None Probability: Static and random variables (discrete and continuous), occurrence of random variables, concept of population and using statistics to m""}, {""rank"": 2, ""chunk_id"": ""doc-4d373684ce4879ed066003f5-p000063-b0005-c0001"", ""page"": 63, ""source"": ""curricula_BSc-Curriculum-New.pdf"", ""score"": 0.016129032258064516, ""dense_rank"": 2, ""sparse_rank"": null, ""metadata_rank"": null, ""text"": ""Course Code: MTH 101 Course Title: Math I Credits: 3.00 Prerequisite: N/A Three dimensional geometry: Co-ordinates in three dimensions, direction cosines and direction ratios, planes, sphere, straight line and conicoids (basic definition an""}, {""rank"": 3, ""chunk_id"": ""doc-4d373684ce4879ed066003f5-p000072-b0006-c0001"", ""page"": 72, ""source"": ""curricula_BSc-Curriculum-New.pdf"", ""score"": 0.015873015873015872, ""dense_rank"": 3, ""sparse_rank"": null, ""metadata_rank"": null, ""text"": ""Course Code: MTH 205 Course Title: Math IV: Differential Equations and Fourier and Laplace Transformation Credits: 3.00 Prerequisite: MTH 201 Basic Concepts: Introduction and First Definitions, Direction fields. First Order Differential Equ""}]",,percentage,True,QWEN,theoretical course marks distribution marks percentage,VALIDATED,"[{""rank"": 1, ""chunk_id"": ""doc-4d373684ce4879ed066003f5-p000018-b0005-c0001"", ""page"": 18, ""source"": ""curricula_BSc-Curriculum-New.pdf"", ""score"": 0.03278688524590164, ""dense_rank"": 1, ""sparse_rank"": 1, ""metadata_rank"": null, ""text"": ""Grading System The total performance of a student in a given course is based on a scheme of continuous assessments. For theoretical courses this continuous assessment is made through homework, assignments, attendance, quizzes etc., a mid se""}]","[{""rank"": 1, ""chunk_id"": ""doc-4d373684ce4879ed066003f5-p000018-b0005-c0001"", ""page"": 18, ""source"": ""curricula_BSc-Curriculum-New.pdf"", ""score"": 0.03278688524590164, ""dense_rank"": 1, ""sparse_rank"": 1, ""metadata_rank"": null, ""text"": ""Grading System The total performance of a student in a given course is based on a scheme of continuous assessments. For theoretical courses this continuous assessment is made through homework, assignments, attendance, quizzes etc., a mid se""}, {""rank"": 2, ""chunk_id"": ""doc-4d373684ce4879ed066003f5-p000069-b0005-c0001"", ""page"": 69, ""source"": ""curricula_BSc-Curriculum-New.pdf"", ""score"": 0.031754032258064516, ""dense_rank"": 2, ""sparse_rank"": 4, ""metadata_rank"": null, ""text"": ""Course Code: MTH 203 Course Title: Probability & Statistics Credits: 3.00 Prerequisite: None Probability: Static and random variables (discrete and continuous), occurrence of random variables, concept of population and using statistics to m""}, {""rank"": 3, ""chunk_id"": ""doc-4d373684ce4879ed066003f5-p000017-b0004-c0001"", ""page"": 17, ""source"": ""curricula_BSc-Curriculum-New.pdf"", ""score"": 0.031024531024531024, ""dense_rank"": 3, ""sparse_rank"": 6, ""metadata_rank"": null, ""text"": ""Total 18 Weeks Course Pattern and Credit Structure The entire undergraduate program is c overed through a set of theoretical and laboratory courses, fieldwork, design and project/thesis work. Assignment of Credits: Theoretical Courses: One ""}]",supported,CANONICAL_QUERY_GATE,GENERATION_REJECTED,"প্রাসঙ্গিক তথ্য বিশ্ববিদ্যালয়ের নথিতে পাওয়া গেছে, কিন্তু এই মুহূর্তে আমি সেটির একটি নির্ভরযোগ্য বাংলা উত্তর তৈরি করতে পারিনি।",curricula_BSc-Curriculum-New.pdf,18,"Grading System The total performance of a student in a given course is based on a scheme of continuous assessments. For theoretical courses this continuous assessment is made through homework, assignments, attendance, quizzes etc., a mid semester and a semester final examina tion of three/two hours duration. The distribution of marks for a given course is as follows: Assessment 30% Mid Semester 20% Final Exam 50%",bangla,14.002992800000357,3.303389600000628,8.64004709999972,2.031033799999932,0.019679099999848404,10.69081340000048,14.011818400000266,4744867840,5628981248,3002613760,
Q036,bangla,HSS 111(B) Bangladesh Studies: Bangladesh History কোর্সটির ক্রেডিট কত?,insufficient,"[{""rank"": 1, ""chunk_id"": ""doc-4d373684ce4879ed066003f5-p000051-b0005-c0001"", ""page"": 51, ""source"": ""curricula_BSc-Curriculum-New.pdf"", ""score"": 0.03278688524590164, ""dense_rank"": 1, ""sparse_rank"": 1, ""metadata_rank"": null, ""text"": ""HSS 111(A) Bangladesh Studies: Society and Culture 2.00 Nil HSS Bangladesh Studies: Bangladesh 2.00 Nil First Year First Semester Course Code Course Title Credits Pre- Requisite 111(B) History""}]","[{""rank"": 1, ""chunk_id"": ""doc-4d373684ce4879ed066003f5-p000051-b0005-c0001"", ""page"": 51, ""source"": ""curricula_BSc-Curriculum-New.pdf"", ""score"": 0.03278688524590164, ""dense_rank"": 1, ""sparse_rank"": 1, ""metadata_rank"": null, ""text"": ""HSS 111(A) Bangladesh Studies: Society and Culture 2.00 Nil HSS Bangladesh Studies: Bangladesh 2.00 Nil First Year First Semester Course Code Course Title Credits Pre- Requisite 111(B) History""}, {""rank"": 2, ""chunk_id"": ""doc-4d373684ce4879ed066003f5-p000061-b0006-c0001"", ""page"": 61, ""source"": ""curricula_BSc-Curriculum-New.pdf"", ""score"": 0.03225806451612903, ""dense_rank"": 2, ""sparse_rank"": 2, ""metadata_rank"": null, ""text"": ""Course Code: HSS 111 A & B Course Title: Bangladesh Studies Credits: 4.00 HSS 111 A : Society and Culture: The Sociological Perspective: Definition, nature. Sociology as a scientific discipline, relation with other social sciences. Primary ""}, {""rank"": 3, ""chunk_id"": ""doc-4d373684ce4879ed066003f5-p000054-b0003-c0001"", ""page"": 54, ""source"": ""curricula_BSc-Curriculum-New.pdf"", ""score"": 0.03055037313432836, ""dense_rank"": 4, ""sparse_rank"": 7, ""metadata_rank"": null, ""text"": ""HSS301 English II : English for Communications 2.00 HSS 101 Total 21.50 Third Year Second Semester Course Code Course Title Credits Pre- Requisite""}]",hss 111(b),credits,True,DETERMINISTIC,HSS 111(B) credits,VALIDATED,"[{""rank"": 1, ""chunk_id"": ""doc-4d373684ce4879ed066003f5-p000051-b0005-c0001"", ""page"": 51, ""source"": ""curricula_BSc-Curriculum-New.pdf"", ""score"": 0.03278688524590164, ""dense_rank"": 1, ""sparse_rank"": 1, ""metadata_rank"": null, ""text"": ""HSS 111(A) Bangladesh Studies: Society and Culture 2.00 Nil HSS Bangladesh Studies: Bangladesh 2.00 Nil First Year First Semester Course Code Course Title Credits Pre- Requisite 111(B) History""}]","[{""rank"": 1, ""chunk_id"": ""doc-4d373684ce4879ed066003f5-p000051-b0005-c0001"", ""page"": 51, ""source"": ""curricula_BSc-Curriculum-New.pdf"", ""score"": 0.03278688524590164, ""dense_rank"": 1, ""sparse_rank"": 1, ""metadata_rank"": null, ""text"": ""HSS 111(A) Bangladesh Studies: Society and Culture 2.00 Nil HSS Bangladesh Studies: Bangladesh 2.00 Nil First Year First Semester Course Code Course Title Credits Pre- Requisite 111(B) History""}, {""rank"": 2, ""chunk_id"": ""doc-4d373684ce4879ed066003f5-p000061-b0006-c0001"", ""page"": 61, ""source"": ""curricula_BSc-Curriculum-New.pdf"", ""score"": 0.03200204813108039, ""dense_rank"": 3, ""sparse_rank"": 2, ""metadata_rank"": null, ""text"": ""Course Code: HSS 111 A & B Course Title: Bangladesh Studies Credits: 4.00 HSS 111 A : Society and Culture: The Sociological Perspective: Definition, nature. Sociology as a scientific discipline, relation with other social sciences. Primary ""}, {""rank"": 3, ""chunk_id"": ""doc-4d373684ce4879ed066003f5-p000054-b0003-c0001"", ""page"": 54, ""source"": ""curricula_BSc-Curriculum-New.pdf"", ""score"": 0.031754032258064516, ""dense_rank"": 2, ""sparse_rank"": 4, ""metadata_rank"": null, ""text"": ""HSS301 English II : English for Communications 2.00 HSS 101 Total 21.50 Third Year Second Semester Course Code Course Title Credits Pre- Requisite""}]",insufficient,CANONICAL_QUERY_GATE_FAILED,INSUFFICIENT_EVIDENCE,প্রদত্ত বিশ্ববিদ্যালয়ের নথিতে নির্ভরযোগ্যভাবে উত্তর দেওয়ার মতো পর্যাপ্ত তথ্য পাওয়া যায়নি।,,,,bangla,0.583878200000072,0.3722892999994656,0.0038088999999672524,0.1950371000002633,0.004381100000500737,0.2032509000000573,0.5842453999994177,4690530304,5628981248,3009798144,
Q036,banglish,HSS 111(B) Bangladesh Studies: Bangladesh History course-er credit koto?,insufficient,"[{""rank"": 1, ""chunk_id"": ""doc-4d373684ce4879ed066003f5-p000051-b0005-c0001"", ""page"": 51, ""source"": ""curricula_BSc-Curriculum-New.pdf"", ""score"": 0.03278688524590164, ""dense_rank"": 1, ""sparse_rank"": 1, ""metadata_rank"": null, ""text"": ""HSS 111(A) Bangladesh Studies: Society and Culture 2.00 Nil HSS Bangladesh Studies: Bangladesh 2.00 Nil First Year First Semester Course Code Course Title Credits Pre- Requisite 111(B) History""}]","[{""rank"": 1, ""chunk_id"": ""doc-4d373684ce4879ed066003f5-p000051-b0005-c0001"", ""page"": 51, ""source"": ""curricula_BSc-Curriculum-New.pdf"", ""score"": 0.03278688524590164, ""dense_rank"": 1, ""sparse_rank"": 1, ""metadata_rank"": null, ""text"": ""HSS 111(A) Bangladesh Studies: Society and Culture 2.00 Nil HSS Bangladesh Studies: Bangladesh 2.00 Nil First Year First Semester Course Code Course Title Credits Pre- Requisite 111(B) History""}, {""rank"": 2, ""chunk_id"": ""doc-4d373684ce4879ed066003f5-p000061-b0006-c0001"", ""page"": 61, ""source"": ""curricula_BSc-Curriculum-New.pdf"", ""score"": 0.03225806451612903, ""dense_rank"": 2, ""sparse_rank"": 2, ""metadata_rank"": null, ""text"": ""Course Code: HSS 111 A & B Course Title: Bangladesh Studies Credits: 4.00 HSS 111 A : Society and Culture: The Sociological Perspective: Definition, nature. Sociology as a scientific discipline, relation with other social sciences. Primary ""}, {""rank"": 3, ""chunk_id"": ""doc-4d373684ce4879ed066003f5-p000062-b0001-c0001"", ""page"": 62, ""source"": ""curricula_BSc-Curriculum-New.pdf"", ""score"": 0.03149801587301587, ""dense_rank"": 4, ""sparse_rank"": 3, ""metadata_rank"": null, ""text"": ""Problems of Society, Social Problems of Bangladesh. Social Change, Theories of Social Change, Social Change in Bangladesh. Urbanization process and its impact on Bangladesh society. HSS 111 B: History of Bengal: The land: Geographical facto""}]",hss 111(b),credits,True,DETERMINISTIC,HSS 111(B) credits,VALIDATED,"[{""rank"": 1, ""chunk_id"": ""doc-4d373684ce4879ed066003f5-p000051-b0005-c0001"", ""page"": 51, ""source"": ""curricula_BSc-Curriculum-New.pdf"", ""score"": 0.03278688524590164, ""dense_rank"": 1, ""sparse_rank"": 1, ""metadata_rank"": null, ""text"": ""HSS 111(A) Bangladesh Studies: Society and Culture 2.00 Nil HSS Bangladesh Studies: Bangladesh 2.00 Nil First Year First Semester Course Code Course Title Credits Pre- Requisite 111(B) History""}]","[{""rank"": 1, ""chunk_id"": ""doc-4d373684ce4879ed066003f5-p000051-b0005-c0001"", ""page"": 51, ""source"": ""curricula_BSc-Curriculum-New.pdf"", ""score"": 0.03278688524590164, ""dense_rank"": 1, ""sparse_rank"": 1, ""metadata_rank"": null, ""text"": ""HSS 111(A) Bangladesh Studies: Society and Culture 2.00 Nil HSS Bangladesh Studies: Bangladesh 2.00 Nil First Year First Semester Course Code Course Title Credits Pre- Requisite 111(B) History""}, {""rank"": 2, ""chunk_id"": ""doc-4d373684ce4879ed066003f5-p000061-b0006-c0001"", ""page"": 61, ""source"": ""curricula_BSc-Curriculum-New.pdf"", ""score"": 0.03200204813108039, ""dense_rank"": 3, ""sparse_rank"": 2, ""metadata_rank"": null, ""text"": ""Course Code: HSS 111 A & B Course Title: Bangladesh Studies Credits: 4.00 HSS 111 A : Society and Culture: The Sociological Perspective: Definition, nature. Sociology as a scientific discipline, relation with other social sciences. Primary ""}, {""rank"": 3, ""chunk_id"": ""doc-4d373684ce4879ed066003f5-p000054-b0003-c0001"", ""page"": 54, ""source"": ""curricula_BSc-Curriculum-New.pdf"", ""score"": 0.031754032258064516, ""dense_rank"": 2, ""sparse_rank"": 4, ""metadata_rank"": null, ""text"": ""HSS301 English II : English for Communications 2.00 HSS 101 Total 21.50 Third Year Second Semester Course Code Course Title Credits Pre- Requisite""}]",insufficient,CANONICAL_QUERY_GATE_FAILED,INSUFFICIENT_EVIDENCE,Provided university document-e reliable answer deyar moto enough information paoa jayni.,,,,banglish,0.4738705999998274,0.2565211000001,0.00208680000014283,0.2103095000002213,0.0037014999998064013,0.21611839999968652,0.47394009999970876,4667236352,5628981248,3006418944,
Q085,bangla,HSS 111(B) Bangladesh Studies: Bangladesh History কোর্সের prerequisite কী দেওয়া আছে?,insufficient,"[{""rank"": 1, ""chunk_id"": ""doc-4d373684ce4879ed066003f5-p000051-b0005-c0001"", ""page"": 51, ""source"": ""curricula_BSc-Curriculum-New.pdf"", ""score"": 0.03278688524590164, ""dense_rank"": 1, ""sparse_rank"": 1, ""metadata_rank"": null, ""text"": ""HSS 111(A) Bangladesh Studies: Society and Culture 2.00 Nil HSS Bangladesh Studies: Bangladesh 2.00 Nil First Year First Semester Course Code Course Title Credits Pre- Requisite 111(B) History""}]","[{""rank"": 1, ""chunk_id"": ""doc-4d373684ce4879ed066003f5-p000051-b0005-c0001"", ""page"": 51, ""source"": ""curricula_BSc-Curriculum-New.pdf"", ""score"": 0.03278688524590164, ""dense_rank"": 1, ""sparse_rank"": 1, ""metadata_rank"": null, ""text"": ""HSS 111(A) Bangladesh Studies: Society and Culture 2.00 Nil HSS Bangladesh Studies: Bangladesh 2.00 Nil First Year First Semester Course Code Course Title Credits Pre- Requisite 111(B) History""}, {""rank"": 2, ""chunk_id"": ""doc-4d373684ce4879ed066003f5-p000061-b0006-c0001"", ""page"": 61, ""source"": ""curricula_BSc-Curriculum-New.pdf"", ""score"": 0.03225806451612903, ""dense_rank"": 2, ""sparse_rank"": 2, ""metadata_rank"": null, ""text"": ""Course Code: HSS 111 A & B Course Title: Bangladesh Studies Credits: 4.00 HSS 111 A : Society and Culture: The Sociological Perspective: Definition, nature. Sociology as a scientific discipline, relation with other social sciences. Primary ""}, {""rank"": 3, ""chunk_id"": ""doc-4d373684ce4879ed066003f5-p000062-b0001-c0001"", ""page"": 62, ""source"": ""curricula_BSc-Curriculum-New.pdf"", ""score"": 0.031746031746031744, ""dense_rank"": 3, ""sparse_rank"": 3, ""metadata_rank"": null, ""text"": ""Problems of Society, Social Problems of Bangladesh. Social Change, Theories of Social Change, Social Change in Bangladesh. Urbanization process and its impact on Bangladesh society. HSS 111 B: History of Bengal: The land: Geographical facto""}]",hss 111(b),prerequisite,True,DETERMINISTIC,HSS 111(B) prerequisite,VALIDATED,"[{""rank"": 1, ""chunk_id"": ""doc-4d373684ce4879ed066003f5-p000051-b0005-c0001"", ""page"": 51, ""source"": ""curricula_BSc-Curriculum-New.pdf"", ""score"": 0.03278688524590164, ""dense_rank"": 1, ""sparse_rank"": 1, ""metadata_rank"": null, ""text"": ""HSS 111(A) Bangladesh Studies: Society and Culture 2.00 Nil HSS Bangladesh Studies: Bangladesh 2.00 Nil First Year First Semester Course Code Course Title Credits Pre- Requisite 111(B) History""}]","[{""rank"": 1, ""chunk_id"": ""doc-4d373684ce4879ed066003f5-p000051-b0005-c0001"", ""page"": 51, ""source"": ""curricula_BSc-Curriculum-New.pdf"", ""score"": 0.03278688524590164, ""dense_rank"": 1, ""sparse_rank"": 1, ""metadata_rank"": null, ""text"": ""HSS 111(A) Bangladesh Studies: Society and Culture 2.00 Nil HSS Bangladesh Studies: Bangladesh 2.00 Nil First Year First Semester Course Code Course Title Credits Pre- Requisite 111(B) History""}, {""rank"": 2, ""chunk_id"": ""doc-4d373684ce4879ed066003f5-p000061-b0006-c0001"", ""page"": 61, ""source"": ""curricula_BSc-Curriculum-New.pdf"", ""score"": 0.031754032258064516, ""dense_rank"": 4, ""sparse_rank"": 2, ""metadata_rank"": null, ""text"": ""Course Code: HSS 111 A & B Course Title: Bangladesh Studies Credits: 4.00 HSS 111 A : Society and Culture: The Sociological Perspective: Definition, nature. Sociology as a scientific discipline, relation with other social sciences. Primary ""}, {""rank"": 3, ""chunk_id"": ""doc-4d373684ce4879ed066003f5-p000054-b0003-c0001"", ""page"": 54, ""source"": ""curricula_BSc-Curriculum-New.pdf"", ""score"": 0.03128054740957967, ""dense_rank"": 2, ""sparse_rank"": 6, ""metadata_rank"": null, ""text"": ""HSS301 English II : English for Communications 2.00 HSS 101 Total 21.50 Third Year Second Semester Course Code Course Title Credits Pre- Requisite""}]",insufficient,CANONICAL_QUERY_GATE_FAILED,INSUFFICIENT_EVIDENCE,প্রদত্ত বিশ্ববিদ্যালয়ের নথিতে নির্ভরযোগ্যভাবে উত্তর দেওয়ার মতো পর্যাপ্ত তথ্য পাওয়া যায়নি।,,,,bangla,0.5859504999998535,0.3532111000004079,0.0031484000001000823,0.22477449999951205,0.004083499999978812,0.23203509999984817,0.5859989000000496,4557942784,5628981248,2990940160,
Q085,banglish,HSS 111(B) Bangladesh Studies: Bangladesh History course-er prerequisite ki deya ache?,insufficient,"[{""rank"": 1, ""chunk_id"": ""doc-4d373684ce4879ed066003f5-p000051-b0005-c0001"", ""page"": 51, ""source"": ""curricula_BSc-Curriculum-New.pdf"", ""score"": 0.03278688524590164, ""dense_rank"": 1, ""sparse_rank"": 1, ""metadata_rank"": null, ""text"": ""HSS 111(A) Bangladesh Studies: Society and Culture 2.00 Nil HSS Bangladesh Studies: Bangladesh 2.00 Nil First Year First Semester Course Code Course Title Credits Pre- Requisite 111(B) History""}]","[{""rank"": 1, ""chunk_id"": ""doc-4d373684ce4879ed066003f5-p000051-b0005-c0001"", ""page"": 51, ""source"": ""curricula_BSc-Curriculum-New.pdf"", ""score"": 0.03278688524590164, ""dense_rank"": 1, ""sparse_rank"": 1, ""metadata_rank"": null, ""text"": ""HSS 111(A) Bangladesh Studies: Society and Culture 2.00 Nil HSS Bangladesh Studies: Bangladesh 2.00 Nil First Year First Semester Course Code Course Title Credits Pre- Requisite 111(B) History""}, {""rank"": 2, ""chunk_id"": ""doc-4d373684ce4879ed066003f5-p000061-b0006-c0001"", ""page"": 61, ""source"": ""curricula_BSc-Curriculum-New.pdf"", ""score"": 0.03225806451612903, ""dense_rank"": 2, ""sparse_rank"": 2, ""metadata_rank"": null, ""text"": ""Course Code: HSS 111 A & B Course Title: Bangladesh Studies Credits: 4.00 HSS 111 A : Society and Culture: The Sociological Perspective: Definition, nature. Sociology as a scientific discipline, relation with other social sciences. Primary ""}, {""rank"": 3, ""chunk_id"": ""doc-4d373684ce4879ed066003f5-p000062-b0001-c0001"", ""page"": 62, ""source"": ""curricula_BSc-Curriculum-New.pdf"", ""score"": 0.031746031746031744, ""dense_rank"": 3, ""sparse_rank"": 3, ""metadata_rank"": null, ""text"": ""Problems of Society, Social Problems of Bangladesh. Social Change, Theories of Social Change, Social Change in Bangladesh. Urbanization process and its impact on Bangladesh society. HSS 111 B: History of Bengal: The land: Geographical facto""}]",hss 111(b),prerequisite,True,DETERMINISTIC,HSS 111(B) prerequisite,VALIDATED,"[{""rank"": 1, ""chunk_id"": ""doc-4d373684ce4879ed066003f5-p000051-b0005-c0001"", ""page"": 51, ""source"": ""curricula_BSc-Curriculum-New.pdf"", ""score"": 0.03278688524590164, ""dense_rank"": 1, ""sparse_rank"": 1, ""metadata_rank"": null, ""text"": ""HSS 111(A) Bangladesh Studies: Society and Culture 2.00 Nil HSS Bangladesh Studies: Bangladesh 2.00 Nil First Year First Semester Course Code Course Title Credits Pre- Requisite 111(B) History""}]","[{""rank"": 1, ""chunk_id"": ""doc-4d373684ce4879ed066003f5-p000051-b0005-c0001"", ""page"": 51, ""source"": ""curricula_BSc-Curriculum-New.pdf"", ""score"": 0.03278688524590164, ""dense_rank"": 1, ""sparse_rank"": 1, ""metadata_rank"": null, ""text"": ""HSS 111(A) Bangladesh Studies: Society and Culture 2.00 Nil HSS Bangladesh Studies: Bangladesh 2.00 Nil First Year First Semester Course Code Course Title Credits Pre- Requisite 111(B) History""}, {""rank"": 2, ""chunk_id"": ""doc-4d373684ce4879ed066003f5-p000061-b0006-c0001"", ""page"": 61, ""source"": ""curricula_BSc-Curriculum-New.pdf"", ""score"": 0.031754032258064516, ""dense_rank"": 4, ""sparse_rank"": 2, ""metadata_rank"": null, ""text"": ""Course Code: HSS 111 A & B Course Title: Bangladesh Studies Credits: 4.00 HSS 111 A : Society and Culture: The Sociological Perspective: Definition, nature. Sociology as a scientific discipline, relation with other social sciences. Primary ""}, {""rank"": 3, ""chunk_id"": ""doc-4d373684ce4879ed066003f5-p000054-b0003-c0001"", ""page"": 54, ""source"": ""curricula_BSc-Curriculum-New.pdf"", ""score"": 0.03128054740957967, ""dense_rank"": 2, ""sparse_rank"": 6, ""metadata_rank"": null, ""text"": ""HSS301 English II : English for Communications 2.00 HSS 101 Total 21.50 Third Year Second Semester Course Code Course Title Credits Pre- Requisite""}]",insufficient,CANONICAL_QUERY_GATE_FAILED,INSUFFICIENT_EVIDENCE,Provided university document-e reliable answer deyar moto enough information paoa jayni.,,,,banglish,0.5369644000002154,0.29832510000051116,0.0023277000000234693,0.23078940000050352,0.00490669999999227,0.23805730000003678,0.5370292000006884,4536578048,5628981248,2987012096,
