question_id,before_category,english_status,bangla_status,banglish_status,after_category
Q001,ENGLISH_AND_BANGLISH,supported,ambiguous,supported,ENGLISH_AND_BANGLISH
Q002,ALL_THREE_SUPPORTED,supported,supported,supported,ALL_THREE_SUPPORTED
Q003,ENGLISH_ONLY,supported,insufficient,insufficient,ENGLISH_ONLY
Q004,MULTILINGUAL_MISMATCH,insufficient,supported,supported,OTHER_MISMATCH
Q005,ENGLISH_AND_BANGLISH,supported,supported,supported,ALL_THREE_SUPPORTED
Q006,ENGLISH_AND_BANGLISH,supported,insufficient,supported,ENGLISH_AND_BANGLISH
Q007,ENGLISH_AND_BANGLISH,supported,supported,supported,ALL_THREE_SUPPORTED
Q008,ENGLISH_AND_BANGLISH,supported,insufficient,supported,ENGLISH_AND_BANGLISH
Q009,ALL_THREE_SUPPORTED,supported,supported,supported,ALL_THREE_SUPPORTED
Q010,ENGLISH_AND_BANGLISH,supported,supported,supported,ALL_THREE_SUPPORTED
Q011,ENGLISH_AND_BANGLISH,supported,supported,supported,ALL_THREE_SUPPORTED
Q012,BANGLISH_ONLY,insufficient,ambiguous,supported,OTHER_MISMATCH
Q013,ALL_THREE_SUPPORTED,supported,supported,supported,ALL_THREE_SUPPORTED
Q014,ALL_THREE_SUPPORTED,supported,supported,supported,ALL_THREE_SUPPORTED
Q016,ALL_THREE_SUPPORTED,supported,supported,supported,ALL_THREE_SUPPORTED
Q018,NONE_SUPPORTED,ambiguous,ambiguous,ambiguous,NONE_SUPPORTED
Q019,ENGLISH_AND_BANGLISH,supported,supported,supported,ALL_THREE_SUPPORTED
Q020,ENGLISH_AND_BANGLISH,supported,supported,supported,ALL_THREE_SUPPORTED
Q021,ALL_THREE_SUPPORTED,supported,supported,supported,ALL_THREE_SUPPORTED
Q022,MULTILINGUAL_MISMATCH,insufficient,supported,supported,OTHER_MISMATCH
Q026,ALL_THREE_SUPPORTED,supported,supported,supported,ALL_THREE_SUPPORTED
Q027,ALL_THREE_SUPPORTED,supported,supported,supported,ALL_THREE_SUPPORTED
Q028,ALL_THREE_SUPPORTED,supported,supported,supported,ALL_THREE_SUPPORTED
Q029,ALL_THREE_SUPPORTED,supported,supported,supported,ALL_THREE_SUPPORTED
Q030,ALL_THREE_SUPPORTED,supported,supported,supported,ALL_THREE_SUPPORTED
Q031,ALL_THREE_SUPPORTED,supported,supported,supported,ALL_THREE_SUPPORTED
Q032,ALL_THREE_SUPPORTED,supported,supported,supported,ALL_THREE_SUPPORTED
Q033,ALL_THREE_SUPPORTED,supported,supported,supported,ALL_THREE_SUPPORTED
Q034,ALL_THREE_SUPPORTED,supported,supported,supported,ALL_THREE_SUPPORTED
Q036,NONE_SUPPORTED,insufficient,insufficient,insufficient,NONE_SUPPORTED
Q037,ALL_THREE_SUPPORTED,supported,supported,supported,ALL_THREE_SUPPORTED
Q038,ALL_THREE_SUPPORTED,supported,supported,supported,ALL_THREE_SUPPORTED
Q039,ALL_THREE_SUPPORTED,supported,supported,supported,ALL_THREE_SUPPORTED
Q040,ALL_THREE_SUPPORTED,supported,supported,supported,ALL_THREE_SUPPORTED
Q041,ALL_THREE_SUPPORTED,supported,supported,supported,ALL_THREE_SUPPORTED
Q042,ALL_THREE_SUPPORTED,supported,supported,supported,ALL_THREE_SUPPORTED
Q043,ALL_THREE_SUPPORTED,supported,supported,supported,ALL_THREE_SUPPORTED
Q044,ALL_THREE_SUPPORTED,supported,supported,supported,ALL_THREE_SUPPORTED
Q045,ALL_THREE_SUPPORTED,supported,supported,supported,ALL_THREE_SUPPORTED
Q046,ALL_THREE_SUPPORTED,supported,supported,supported,ALL_THREE_SUPPORTED
Q047,ALL_THREE_SUPPORTED,supported,supported,supported,ALL_THREE_SUPPORTED
Q048,ALL_THREE_SUPPORTED,supported,supported,supported,ALL_THREE_SUPPORTED
Q049,ALL_THREE_SUPPORTED,supported,supported,supported,ALL_THREE_SUPPORTED
Q050,ALL_THREE_SUPPORTED,supported,supported,supported,ALL_THREE_SUPPORTED
Q051,ALL_THREE_SUPPORTED,supported,supported,supported,ALL_THREE_SUPPORTED
Q052,ALL_THREE_SUPPORTED,supported,supported,supported,ALL_THREE_SUPPORTED
Q053,ALL_THREE_SUPPORTED,supported,supported,supported,ALL_THREE_SUPPORTED
Q054,ALL_THREE_SUPPORTED,supported,supported,supported,ALL_THREE_SUPPORTED
Q055,ALL_THREE_SUPPORTED,supported,supported,supported,ALL_THREE_SUPPORTED
Q056,ALL_THREE_SUPPORTED,supported,supported,supported,ALL_THREE_SUPPORTED
Q057,ALL_THREE_SUPPORTED,supported,supported,supported,ALL_THREE_SUPPORTED
Q058,ALL_THREE_SUPPORTED,supported,supported,supported,ALL_THREE_SUPPORTED
Q059,ALL_THREE_SUPPORTED,supported,supported,supported,ALL_THREE_SUPPORTED
Q060,ALL_THREE_SUPPORTED,supported,supported,supported,ALL_THREE_SUPPORTED
Q061,ALL_THREE_SUPPORTED,supported,supported,supported,ALL_THREE_SUPPORTED
Q062,ALL_THREE_SUPPORTED,supported,supported,supported,ALL_THREE_SUPPORTED
Q063,ALL_THREE_SUPPORTED,supported,supported,supported,ALL_THREE_SUPPORTED
Q064,ALL_THREE_SUPPORTED,supported,supported,supported,ALL_THREE_SUPPORTED
Q065,ALL_THREE_SUPPORTED,supported,supported,supported,ALL_THREE_SUPPORTED
Q066,ALL_THREE_SUPPORTED,supported,supported,supported,ALL_THREE_SUPPORTED
Q067,ALL_THREE_SUPPORTED,supported,supported,supported,ALL_THREE_SUPPORTED
Q068,ALL_THREE_SUPPORTED,supported,supported,supported,ALL_THREE_SUPPORTED
Q069,ALL_THREE_SUPPORTED,supported,supported,supported,ALL_THREE_SUPPORTED
Q070,ALL_THREE_SUPPORTED,supported,supported,supported,ALL_THREE_SUPPORTED
Q071,ALL_THREE_SUPPORTED,supported,supported,supported,ALL_THREE_SUPPORTED
Q072,ALL_THREE_SUPPORTED,supported,supported,supported,ALL_THREE_SUPPORTED
Q073,ALL_THREE_SUPPORTED,supported,supported,supported,ALL_THREE_SUPPORTED
Q074,ALL_THREE_SUPPORTED,supported,supported,supported,ALL_THREE_SUPPORTED
Q075,ALL_THREE_SUPPORTED,supported,supported,supported,ALL_THREE_SUPPORTED
Q076,ALL_THREE_SUPPORTED,supported,supported,supported,ALL_THREE_SUPPORTED
Q077,ALL_THREE_SUPPORTED,supported,supported,supported,ALL_THREE_SUPPORTED
Q078,ALL_THREE_SUPPORTED,supported,supported,supported,ALL_THREE_SUPPORTED
Q079,ALL_THREE_SUPPORTED,supported,supported,supported,ALL_THREE_SUPPORTED
Q080,ALL_THREE_SUPPORTED,supported,supported,supported,ALL_THREE_SUPPORTED
Q081,NONE_SUPPORTED,conflicting,conflicting,conflicting,NONE_SUPPORTED
Q082,ALL_THREE_SUPPORTED,supported,supported,supported,ALL_THREE_SUPPORTED
Q083,ALL_THREE_SUPPORTED,supported,supported,supported,ALL_THREE_SUPPORTED
Q085,NONE_SUPPORTED,insufficient,insufficient,insufficient,NONE_SUPPORTED
Q086,ALL_THREE_SUPPORTED,supported,supported,supported,ALL_THREE_SUPPORTED
Q087,ALL_THREE_SUPPORTED,supported,supported,supported,ALL_THREE_SUPPORTED
Q088,ALL_THREE_SUPPORTED,supported,supported,supported,ALL_THREE_SUPPORTED
Q089,ALL_THREE_SUPPORTED,supported,supported,supported,ALL_THREE_SUPPORTED
Q090,ALL_THREE_SUPPORTED,supported,supported,supported,ALL_THREE_SUPPORTED
Q091,ALL_THREE_SUPPORTED,supported,supported,supported,ALL_THREE_SUPPORTED
Q092,ALL_THREE_SUPPORTED,supported,supported,supported,ALL_THREE_SUPPORTED
Q093,ALL_THREE_SUPPORTED,supported,supported,supported,ALL_THREE_SUPPORTED
Q094,ALL_THREE_SUPPORTED,supported,supported,supported,ALL_THREE_SUPPORTED
Q095,ALL_THREE_SUPPORTED,supported,supported,supported,ALL_THREE_SUPPORTED
Q096,ALL_THREE_SUPPORTED,supported,supported,supported,ALL_THREE_SUPPORTED
Q097,ALL_THREE_SUPPORTED,supported,supported,supported,ALL_THREE_SUPPORTED
Q098,ALL_THREE_SUPPORTED,supported,supported,supported,ALL_THREE_SUPPORTED
Q099,ALL_THREE_SUPPORTED,supported,supported,supported,ALL_THREE_SUPPORTED
Q100,ALL_THREE_SUPPORTED,supported,supported,supported,ALL_THREE_SUPPORTED
Q015,ALL_THREE_SUPPORTED,supported,supported,supported,ALL_THREE_SUPPORTED
Q017,ALL_THREE_SUPPORTED,supported,supported,supported,ALL_THREE_SUPPORTED
Q023,ALL_THREE_SUPPORTED,supported,supported,supported,ALL_THREE_SUPPORTED
Q024,ALL_THREE_SUPPORTED,supported,supported,supported,ALL_THREE_SUPPORTED
Q025,ALL_THREE_SUPPORTED,supported,supported,supported,ALL_THREE_SUPPORTED
Q035,ALL_THREE_SUPPORTED,supported,supported,supported,ALL_THREE_SUPPORTED
Q084,ALL_THREE_SUPPORTED,supported,supported,supported,ALL_THREE_SUPPORTED
