question_id,language,question,reference,final_answer,final_status,answer_strategy,relation_type,previous_failure_category,crosslingual_recovered,source,page,chunk_id,supporting_evidence,language_validation_passed,grounding_validation_passed,correctness,relevance,groundedness,completeness,naturalness,semantic_consistency,overall_acceptability,review_notes
Q009,english,What accreditation did the CSE Department receive from IEB?,The CSE Department received IEB accreditation for the BSc in CSE program starting from August 2014.,The CSE Department received a Certificate of Accreditation from the Engineers Institution Bangladesh (IEB) for the BSc in CSE program starting from August 2014.,ANSWER_RETURNED,gguf_generation,,,False,curricula_BSc-Curriculum-New.pdf,6,doc-4d373684ce4879ed066003f5-p000006-b0002-c0001,IEB Affiliation Department of CSE has received the Certificate of Accreditation from the Engineers Institution Bangladesh (IEB) for the BSc in CSE program starting from August 2014. This will enable the CSE students to enjoy the privileges offered by Engineers Institution Bangladesh (IEB) including membership.,True,True,,,,,,,,
Q013,english,Where is the UAP Administration located?,"UAP Administration is located at 74/A, Green Road, Farmgate, Dhaka-1215, Bangladesh.","The UAP Administration is located at 74/A, Green Road, Farmgate, Dhaka - 1215, Bangladesh.",ANSWER_RETURNED,gguf_generation,,,False,curricula_BSc-Curriculum-New.pdf,11,doc-4d373684ce4879ed066003f5-p000011-b0003-c0001,"1.6 The Campus UAP Administration 74/A, Green Road, Farmgate, Dhaka - 1215, Bangladesh PABX:+8802-58157091-4, +8802-58157096 Ext: 107, 114 FAX:+8802-58157097 Email: registrar@uap-bd.edu",True,True,,,,,,,,
Q002,english,Who published the prospectus?,"The prospectus was published by the Department of Computer Science & Engineering, University of Asia Pacific.",The prospectus was published by Department of Computer Science & Engineering University of Asia Pacific.,ANSWER_RETURNED,semi_structured_relation,published_by,,False,curricula_BSc-Curriculum-New.pdf,2,doc-4d373684ce4879ed066003f5-p000002-b0001-c0001,"Published by Department of Computer Science & Engineering University of Asia Pacific 74/A, Green Road, Dhaka-1215 Edition 13th Edition, July 2017 Address of Correspondence",True,True,,,,,,,,
Q003,english,What edition and date are listed for the prospectus?,"The prospectus is the 13th Edition, July 2017.",The prospectus lists 13th Edition and the date July 2017.,ANSWER_RETURNED,semi_structured_relation,edition_publication_date,,False,curricula_BSc-Curriculum-New.pdf,2,doc-4d373684ce4879ed066003f5-p000002-b0001-c0001,"Published by Department of Computer Science & Engineering University of Asia Pacific 74/A, Green Road, Dhaka-1215 Edition 13th Edition, July 2017 Address of Correspondence",True,True,,,,,,,,
Q005,english,What does the disclaimer say about the prospectus information?,"The information in the prospectus is subject to change at the discretion of the Department of CSE, UAP.","The disclaimer says the prospectus information may change at the discretion of the Department of Computer Science & Engineering, UAP.",ANSWER_RETURNED,semi_structured_relation,publication_disclaimer,,False,curricula_BSc-Curriculum-New.pdf,3,doc-4d373684ce4879ed066003f5-p000003-b0001-c0001,"Disclaimer The information contained in this prospectus is subject to change at the discretion of the Department of Computer Science & Engineering, UAP.",True,True,,,,,,,,
Q030,english,How many courses can a student repeat for grade improvement?,"For grade improvement, a student may repeat a maximum of four courses.",The grade is C.,ANSWER_RETURNED,structured_exact,,,False,curricula_BSc-Curriculum-New.pdf,21,doc-4d373684ce4879ed066003f5-p000021-b0003-c0001,"Category – A 1. The Provision for Improvement of grades applies to those only who obtained a grade C or lower in any course. Such candidates may be allowed to improve their grades by surrendering the earlier grade obtained by him/her. 2. For grade improvement purpose, a student will be allowed to repeat a maximum of four courses. 3. For availing s uch provision of grade improvement, a candidate shall apply to the Controller of Examinations through the Head of the Department concerned with a fee @ Tk. 3000/ - (Tk. Three Thousand) only per credit hour. A student may apply for such provision any time during his/her study period in the university but not beyond two weeks after the publication of his/her final semester results.",True,False,,,,,,,,
Q047,english,How many credits is CHEM 112 Chemistry Lab?,CHEM 112 Chemistry Lab is a 1.50-credit course.,CHEM 112 carries 1.50 credits.,ANSWER_RETURNED,structured_exact,,,False,curricula_BSc-Curriculum-New.pdf,52,doc-4d373684ce4879ed066003f5-p000052-b0009-c0001,CHEM 112 Chemistry Lab 1.50 Nil Total 19.50 Second Year First Semester Course Code Course Title Credits Pre- Requisite,True,False,,,,,,,,
Q007,english,Which two bachelor degree programs did UAP initially offer?,UAP initially offered four-year bachelor degree programs in Computer Science & Engineering and Business Administration.,UAP initially offered the bachelor degree programs Computer Science & Technology and Business Administration.,ANSWER_RETURNED,semi_structured_relation,initially_offered,,False,curricula_BSc-Curriculum-New.pdf,8,doc-4d373684ce4879ed066003f5-p000008-b0001-c0001,"1. Introduction University of Asia Pacific (UAP) was established in 1996 with a vision to enhance the opportunities for higher education in Bangladesh. The University, under the Private University Act 1992, started its operation in 1996 by offering four -year Bachelor Degree Programs in Computer Science & Technology and Business Administration only. Now UAP offers undergraduate programs in nine disciplines and post-graduate programs in eight disciplines. Its curriculum has been approved by the University Grants Commission of the Government of the People's Republic of Bangladesh. UAP is sponsored by University of Asia Pacific Foundation, a non -profitable, non-commercial organization based in Dhaka, Bangladesh. The Foundation has been established in 1995 by a group of eminent educationalists, Industrialists and administrators who share the same vision and social commitments to promote improve and innovative educational opportunities to the society. UAP is the pr oject of such noble goals. Mr. Qayum Reza Chowdhury is the current Chairperson of this foundation.",True,True,,,,,,,,
Q010,english,Under which act did UAP start its operation?,UAP started its operation under the Private University Act 1992.,UAP started its operation under Private University Act 1992.,ANSWER_RETURNED,semi_structured_relation,started_under,,False,curricula_BSc-Curriculum-New.pdf,8,doc-4d373684ce4879ed066003f5-p000008-b0001-c0001,"1. Introduction University of Asia Pacific (UAP) was established in 1996 with a vision to enhance the opportunities for higher education in Bangladesh. The University, under the Private University Act 1992, started its operation in 1996 by offering four -year Bachelor Degree Programs in Computer Science & Technology and Business Administration only. Now UAP offers undergraduate programs in nine disciplines and post-graduate programs in eight disciplines. Its curriculum has been approved by the University Grants Commission of the Government of the People's Republic of Bangladesh. UAP is sponsored by University of Asia Pacific Foundation, a non -profitable, non-commercial organization based in Dhaka, Bangladesh. The Foundation has been established in 1995 by a group of eminent educationalists, Industrialists and administrators who share the same vision and social commitments to promote improve and innovative educational opportunities to the society. UAP is the pr oject of such noble goals. Mr. Qayum Reza Chowdhury is the current Chairperson of this foundation.",True,True,,,,,,,,
Q011,english,How many undergraduate and postgraduate disciplines does UAP offer according to the introduction?,The introduction says UAP offers undergraduate programs in nine disciplines and post-graduate programs in eight disciplines.,UAP offers undergraduate programs in 9 disciplines and postgraduate programs in 8 disciplines.,ANSWER_RETURNED,semi_structured_relation,program_discipline_counts,,False,curricula_BSc-Curriculum-New.pdf,8,doc-4d373684ce4879ed066003f5-p000008-b0001-c0001,"1. Introduction University of Asia Pacific (UAP) was established in 1996 with a vision to enhance the opportunities for higher education in Bangladesh. The University, under the Private University Act 1992, started its operation in 1996 by offering four -year Bachelor Degree Programs in Computer Science & Technology and Business Administration only. Now UAP offers undergraduate programs in nine disciplines and post-graduate programs in eight disciplines. Its curriculum has been approved by the University Grants Commission of the Government of the People's Republic of Bangladesh. UAP is sponsored by University of Asia Pacific Foundation, a non -profitable, non-commercial organization based in Dhaka, Bangladesh. The Foundation has been established in 1995 by a group of eminent educationalists, Industrialists and administrators who share the same vision and social commitments to promote improve and innovative educational opportunities to the society. UAP is the pr oject of such noble goals. Mr. Qayum Reza Chowdhury is the current Chairperson of this foundation.",True,True,,,,,,,,
Q009,bangla,CSE Department IEB থেকে কী স্বীকৃতি পেয়েছে?,CSE Department August 2014 থেকে BSc in CSE প্রোগ্রামের জন্য IEB accreditation পেয়েছে।,CSE Department BSc in CSE program starting from August 2014-এর জন্য Engineers Institution Bangladesh (IEB) থেকে Certificate of Accreditation পেয়েছে।,ANSWER_RETURNED,gguf_generation,,,False,curricula_BSc-Curriculum-New.pdf,6,doc-4d373684ce4879ed066003f5-p000006-b0002-c0001,IEB Affiliation Department of CSE has received the Certificate of Accreditation from the Engineers Institution Bangladesh (IEB) for the BSc in CSE program starting from August 2014. This will enable the CSE students to enjoy the privileges offered by Engineers Institution Bangladesh (IEB) including membership.,True,True,,,,,,,,
Q013,bangla,UAP Administration কোথায় অবস্থিত?,"UAP Administration 74/A, Green Road, Farmgate, Dhaka-1215, Bangladesh-এ অবস্থিত।","UAP Administration 74/A, Green Road, Farmgate, Dhaka - 1215, Bangladesh-এ অবস্থিত।",ANSWER_RETURNED,gguf_generation,,,False,curricula_BSc-Curriculum-New.pdf,11,doc-4d373684ce4879ed066003f5-p000011-b0003-c0001,"1.6 The Campus UAP Administration 74/A, Green Road, Farmgate, Dhaka - 1215, Bangladesh PABX:+8802-58157091-4, +8802-58157096 Ext: 107, 114 FAX:+8802-58157097 Email: registrar@uap-bd.edu",True,True,,,,,,,,
Q007,bangla,UAP শুরুতে কোন দুইটি ব্যাচেলর ডিগ্রি প্রোগ্রাম অফার করেছিল?,UAP শুরুতে Computer Science & Engineering এবং Business Administration-এ চার বছরের ব্যাচেলর ডিগ্রি প্রোগ্রাম অফার করেছিল।,UAP শুরুতে Computer Science & Technology এবং Business Administration—এই দুইটি ব্যাচেলর ডিগ্রি প্রোগ্রাম চালু করেছিল।,ANSWER_RETURNED,semi_structured_relation,initially_offered,FIELD_DETECTION_FAILURE,True,curricula_BSc-Curriculum-New.pdf,8,doc-4d373684ce4879ed066003f5-p000008-b0001-c0001,"1. Introduction University of Asia Pacific (UAP) was established in 1996 with a vision to enhance the opportunities for higher education in Bangladesh. The University, under the Private University Act 1992, started its operation in 1996 by offering four -year Bachelor Degree Programs in Computer Science & Technology and Business Administration only. Now UAP offers undergraduate programs in nine disciplines and post-graduate programs in eight disciplines. Its curriculum has been approved by the University Grants Commission of the Government of the People's Republic of Bangladesh. UAP is sponsored by University of Asia Pacific Foundation, a non -profitable, non-commercial organization based in Dhaka, Bangladesh. The Foundation has been established in 1995 by a group of eminent educationalists, Industrialists and administrators who share the same vision and social commitments to promote improve and innovative educational opportunities to the society. UAP is the pr oject of such noble goals. Mr. Qayum Reza Chowdhury is the current Chairperson of this foundation.",True,True,,,,,,,,
Q010,bangla,UAP কোন আইনের অধীনে কার্যক্রম শুরু করেছিল?,UAP Private University Act 1992-এর অধীনে কার্যক্রম শুরু করেছিল।,UAP Private University Act 1992-এর অধীনে কার্যক্রম শুরু করেছিল।,ANSWER_RETURNED,semi_structured_relation,started_under,FIELD_DETECTION_FAILURE,True,curricula_BSc-Curriculum-New.pdf,8,doc-4d373684ce4879ed066003f5-p000008-b0001-c0001,"1. Introduction University of Asia Pacific (UAP) was established in 1996 with a vision to enhance the opportunities for higher education in Bangladesh. The University, under the Private University Act 1992, started its operation in 1996 by offering four -year Bachelor Degree Programs in Computer Science & Technology and Business Administration only. Now UAP offers undergraduate programs in nine disciplines and post-graduate programs in eight disciplines. Its curriculum has been approved by the University Grants Commission of the Government of the People's Republic of Bangladesh. UAP is sponsored by University of Asia Pacific Foundation, a non -profitable, non-commercial organization based in Dhaka, Bangladesh. The Foundation has been established in 1995 by a group of eminent educationalists, Industrialists and administrators who share the same vision and social commitments to promote improve and innovative educational opportunities to the society. UAP is the pr oject of such noble goals. Mr. Qayum Reza Chowdhury is the current Chairperson of this foundation.",True,True,,,,,,,,
Q011,bangla,ভূমিকায় UAP কয়টি আন্ডারগ্র্যাজুয়েট ও পোস্টগ্র্যাজুয়েট ডিসিপ্লিন অফার করে বলা হয়েছে?,ভূমিকায় বলা হয়েছে UAP নয়টি ডিসিপ্লিনে আন্ডারগ্র্যাজুয়েট এবং আটটি ডিসিপ্লিনে পোস্টগ্র্যাজুয়েট প্রোগ্রাম অফার করে।,UAP 9টি আন্ডারগ্র্যাজুয়েট এবং 8টি পোস্টগ্র্যাজুয়েট ডিসিপ্লিনে প্রোগ্রাম অফার করে।,ANSWER_RETURNED,semi_structured_relation,program_discipline_counts,FIELD_DETECTION_FAILURE,True,curricula_BSc-Curriculum-New.pdf,8,doc-4d373684ce4879ed066003f5-p000008-b0001-c0001,"1. Introduction University of Asia Pacific (UAP) was established in 1996 with a vision to enhance the opportunities for higher education in Bangladesh. The University, under the Private University Act 1992, started its operation in 1996 by offering four -year Bachelor Degree Programs in Computer Science & Technology and Business Administration only. Now UAP offers undergraduate programs in nine disciplines and post-graduate programs in eight disciplines. Its curriculum has been approved by the University Grants Commission of the Government of the People's Republic of Bangladesh. UAP is sponsored by University of Asia Pacific Foundation, a non -profitable, non-commercial organization based in Dhaka, Bangladesh. The Foundation has been established in 1995 by a group of eminent educationalists, Industrialists and administrators who share the same vision and social commitments to promote improve and innovative educational opportunities to the society. UAP is the pr oject of such noble goals. Mr. Qayum Reza Chowdhury is the current Chairperson of this foundation.",True,True,,,,,,,,
Q019,bangla,রেজিস্ট্রেশন প্রক্রিয়ায় Category 1 কী?,Category 1 হলো যারা সেমিস্টারের সব নির্ধারিত কোর্সে পাস করেছে এবং কোনো backlog নেই।,Category 1-এ ওই সেমিস্টারের নির্ধারিত সব কোর্স পাস করা এবং কোনো কোর্স বাকি না থাকা শিক্ষার্থীরা পড়ে। তারা পরবর্তী সেমিস্টারের নির্ধারিত সব কোর্সে নিবন্ধন করতে পারে।,ANSWER_RETURNED,semi_structured_relation,category_definition,FIELD_DETECTION_FAILURE,True,curricula_BSc-Curriculum-New.pdf,18,doc-4d373684ce4879ed066003f5-p000018-b0002-c0001,"Category 1: Students, who have passed all the courses prescribed for the semester and have no backlog of courses. A student of Category -1 is eligible for registration in all courses prescribed for the next or following semesters.",True,True,,,,,,,,
Q020,bangla,থিওরেটিক্যাল কোর্সে মার্কস বণ্টন কী?,"বণ্টন হলো Assessment 30%, Mid Semester 20%, এবং Final Exam 50%।","নম্বর বণ্টন হলো: মূল্যায়ন 30%, মধ্য সেমিস্টার 20%, চূড়ান্ত পরীক্ষা 50%।",ANSWER_RETURNED,semi_structured_relation,mark_distribution,FIELD_DETECTION_FAILURE,True,curricula_BSc-Curriculum-New.pdf,18,doc-4d373684ce4879ed066003f5-p000018-b0005-c0001,"Grading System The total performance of a student in a given course is based on a scheme of continuous assessments. For theoretical courses this continuous assessment is made through homework, assignments, attendance, quizzes etc., a mid semester and a semester final examina tion of three/two hours duration. The distribution of marks for a given course is as follows: Assessment 30% Mid Semester 20% Final Exam 50%",True,True,,,,,,,,
Q003,bangla,প্রসপেক্টাসে কোন সংস্করণ ও তারিখ দেওয়া আছে?,"প্রসপেক্টাসটি 13th Edition, July 2017।",প্রসপেক্টাসে 13th Edition সংস্করণ এবং July 2017 তারিখ দেওয়া আছে।,ANSWER_RETURNED,semi_structured_relation,edition_publication_date,CORRECT_PAGE_WRONG_CHUNK,False,curricula_BSc-Curriculum-New.pdf,2,doc-4d373684ce4879ed066003f5-p000002-b0001-c0001,"Published by Department of Computer Science & Engineering University of Asia Pacific 74/A, Green Road, Dhaka-1215 Edition 13th Edition, July 2017 Address of Correspondence",True,True,,,,,,,,
Q005,bangla,প্রসপেক্টাসের তথ্য সম্পর্কে ডিসক্লেইমারে কী বলা হয়েছে?,"প্রসপেক্টাসের তথ্য Department of CSE, UAP-এর বিবেচনায় পরিবর্তনযোগ্য।","ডিসক্লেইমার অনুযায়ী, Department of Computer Science & Engineering, UAP-এর বিবেচনায় প্রসপেক্টাসের তথ্য পরিবর্তন হতে পারে।",ANSWER_RETURNED,semi_structured_relation,publication_disclaimer,FIELD_DETECTION_FAILURE,False,curricula_BSc-Curriculum-New.pdf,3,doc-4d373684ce4879ed066003f5-p000003-b0001-c0001,"Disclaimer The information contained in this prospectus is subject to change at the discretion of the Department of Computer Science & Engineering, UAP.",True,True,,,,,,,,
Q015,bangla,একটি শিক্ষাবর্ষে কয়টি নিয়মিত সেমিস্টার থাকে?,একটি শিক্ষাবর্ষে দুটি নিয়মিত সেমিস্টার থাকে: Fall এবং Spring।,এক শিক্ষাবর্ষে 2টি নিয়মিত সেমিস্টার আছে: Fall ও Spring।,ANSWER_RETURNED,semi_structured_relation,regular_semester_count,CANONICAL_GENERATION_FAILURE,False,curricula_BSc-Curriculum-New.pdf,17,doc-4d373684ce4879ed066003f5-p000017-b0002-c0001,"Semester System There will be two semesters- Fall and Spring Semester in an academic year. In addition to these two regular semesters, there may be a short semester (Summer) in the intervening period between the e nd of Spring Semester and commencement of Fall Semester. Regular Semester",True,True,,,,,,,,
Q006,banglish,UAP kobe established hoy?,UAP 1996 shale established hoy.,University of Asia Pacific (UAP) 1996. The University of Asia Pacific Foundation was established in 1995-e establish hoyechilo.,ANSWER_RETURNED,gguf_generation,,,False,curricula_BSc-Curriculum-New.pdf,8,doc-4d373684ce4879ed066003f5-p000008-b0001-c0001,"1. Introduction University of Asia Pacific (UAP) was established in 1996 with a vision to enhance the opportunities for higher education in Bangladesh. The University, under the Private University Act 1992, started its operation in 1996 by offering four -year Bachelor Degree Programs in Computer Science & Technology and Business Administration only. Now UAP offers undergraduate programs in nine disciplines and post-graduate programs in eight disciplines. Its curriculum has been approved by the University Grants Commission of the Government of the People's Republic of Bangladesh. UAP is sponsored by University of Asia Pacific Foundation, a non -profitable, non-commercial organization based in Dhaka, Bangladesh. The Foundation has been established in 1995 by a group of eminent educationalists, Industrialists and administrators who share the same vision and social commitments to promote improve and innovative educational opportunities to the society. UAP is the pr oject of such noble goals. Mr. Qayum Reza Chowdhury is the current Chairperson of this foundation.",True,True,,,,,,,,
Q009,banglish,CSE Department IEB theke ki accreditation peyechhe?,CSE Department August 2014 theke BSc in CSE program-er jonno IEB accreditation peyechhe.,Department of CSE BSc in CSE program starting from August 2014-er jonno Engineers Institution Bangladesh (IEB) theke Certificate of Accreditation peyechhe.,ANSWER_RETURNED,gguf_generation,,,False,curricula_BSc-Curriculum-New.pdf,6,doc-4d373684ce4879ed066003f5-p000006-b0002-c0001,IEB Affiliation Department of CSE has received the Certificate of Accreditation from the Engineers Institution Bangladesh (IEB) for the BSc in CSE program starting from August 2014. This will enable the CSE students to enjoy the privileges offered by Engineers Institution Bangladesh (IEB) including membership.,True,True,,,,,,,,
Q002,banglish,Prospectus-ta ke publish koreche?,Prospectus-ta University of Asia Pacific-er Department of Computer Science & Engineering publish koreche.,Prospectus-ta Department of Computer Science & Engineering University of Asia Pacific publish koreche.,ANSWER_RETURNED,semi_structured_relation,published_by,CANONICAL_GENERATION_FAILURE,False,curricula_BSc-Curriculum-New.pdf,2,doc-4d373684ce4879ed066003f5-p000002-b0001-c0001,"Published by Department of Computer Science & Engineering University of Asia Pacific 74/A, Green Road, Dhaka-1215 Edition 13th Edition, July 2017 Address of Correspondence",True,True,,,,,,,,
Q003,banglish,Prospectus-e kon edition ar date deya ache?,"Prospectus-ta 13th Edition, July 2017.",Prospectus-e 13th Edition ar July 2017 date deya ache.,ANSWER_RETURNED,semi_structured_relation,edition_publication_date,CORRECT_PAGE_WRONG_CHUNK,False,curricula_BSc-Curriculum-New.pdf,2,doc-4d373684ce4879ed066003f5-p000002-b0001-c0001,"Published by Department of Computer Science & Engineering University of Asia Pacific 74/A, Green Road, Dhaka-1215 Edition 13th Edition, July 2017 Address of Correspondence",True,True,,,,,,,,
Q005,banglish,Prospectus-er information niye disclaimer-e ki bola hoyeche?,"Prospectus-er information Department of CSE, UAP-er discretion-e change hote pare.","Disclaimer onujayi, the Department of Computer Science & Engineering, UAP-er discretion-e prospectus-er information change hote pare.",ANSWER_RETURNED,semi_structured_relation,publication_disclaimer,SEMANTIC_VALIDATION_REJECTION,False,curricula_BSc-Curriculum-New.pdf,3,doc-4d373684ce4879ed066003f5-p000003-b0001-c0001,"Disclaimer The information contained in this prospectus is subject to change at the discretion of the Department of Computer Science & Engineering, UAP.",True,True,,,,,,,,
Q007,banglish,UAP shurute kon duita bachelor degree program offer korechilo?,UAP shurute Computer Science & Engineering ebong Business Administration-e four-year bachelor degree program offer korechilo.,UAP shurute Computer Science & Technology ar Business Administration—ei duita bachelor degree program offer korechilo.,ANSWER_RETURNED,semi_structured_relation,initially_offered,CANONICAL_GENERATION_FAILURE,False,curricula_BSc-Curriculum-New.pdf,8,doc-4d373684ce4879ed066003f5-p000008-b0001-c0001,"1. Introduction University of Asia Pacific (UAP) was established in 1996 with a vision to enhance the opportunities for higher education in Bangladesh. The University, under the Private University Act 1992, started its operation in 1996 by offering four -year Bachelor Degree Programs in Computer Science & Technology and Business Administration only. Now UAP offers undergraduate programs in nine disciplines and post-graduate programs in eight disciplines. Its curriculum has been approved by the University Grants Commission of the Government of the People's Republic of Bangladesh. UAP is sponsored by University of Asia Pacific Foundation, a non -profitable, non-commercial organization based in Dhaka, Bangladesh. The Foundation has been established in 1995 by a group of eminent educationalists, Industrialists and administrators who share the same vision and social commitments to promote improve and innovative educational opportunities to the society. UAP is the pr oject of such noble goals. Mr. Qayum Reza Chowdhury is the current Chairperson of this foundation.",True,True,,,,,,,,
Q010,banglish,UAP kon act-er odhine operation start korechilo?,UAP Private University Act 1992-er odhine operation start korechilo.,UAP Private University Act 1992-er odhine operation start korechilo.,ANSWER_RETURNED,semi_structured_relation,started_under,CANONICAL_GENERATION_FAILURE,False,curricula_BSc-Curriculum-New.pdf,8,doc-4d373684ce4879ed066003f5-p000008-b0001-c0001,"1. Introduction University of Asia Pacific (UAP) was established in 1996 with a vision to enhance the opportunities for higher education in Bangladesh. The University, under the Private University Act 1992, started its operation in 1996 by offering four -year Bachelor Degree Programs in Computer Science & Technology and Business Administration only. Now UAP offers undergraduate programs in nine disciplines and post-graduate programs in eight disciplines. Its curriculum has been approved by the University Grants Commission of the Government of the People's Republic of Bangladesh. UAP is sponsored by University of Asia Pacific Foundation, a non -profitable, non-commercial organization based in Dhaka, Bangladesh. The Foundation has been established in 1995 by a group of eminent educationalists, Industrialists and administrators who share the same vision and social commitments to promote improve and innovative educational opportunities to the society. UAP is the pr oject of such noble goals. Mr. Qayum Reza Chowdhury is the current Chairperson of this foundation.",True,True,,,,,,,,
Q015,banglish,Ek academic year-e koyta regular semester thake?,Ek academic year-e duita regular semester thake: Fall ar Spring.,Ek academic year-e 2ta regular semester ache: Fall ar Spring.,ANSWER_RETURNED,semi_structured_relation,regular_semester_count,CANONICAL_GENERATION_FAILURE,False,curricula_BSc-Curriculum-New.pdf,17,doc-4d373684ce4879ed066003f5-p000017-b0002-c0001,"Semester System There will be two semesters- Fall and Spring Semester in an academic year. In addition to these two regular semesters, there may be a short semester (Summer) in the intervening period between the e nd of Spring Semester and commencement of Fall Semester. Regular Semester",True,True,,,,,,,,
Q019,banglish,Registration process-e Category 1 ki?,Category 1 holo students jara semester-er shob prescribed course pass koreche ebong kono backlog nei.,"Category 1-te oi semester-er shob prescribed course pass kora, kono backlog na thaka students-ra pore. Tara next semester-er shob prescribed course-e registration korte pare.",ANSWER_RETURNED,semi_structured_relation,category_definition,LANGUAGE_REALIZATION_FAILURE,False,curricula_BSc-Curriculum-New.pdf,18,doc-4d373684ce4879ed066003f5-p000018-b0002-c0001,"Category 1: Students, who have passed all the courses prescribed for the semester and have no backlog of courses. A student of Category -1 is eligible for registration in all courses prescribed for the next or following semesters.",True,True,,,,,,,,
Q023,banglish,Final exam-e boshte koto attendance dorkar?,Final exam-e boshte prottek course-e held classes-er at least 70% attendance dorkar.,Final exam-e boshte kompakhe 70% class-e attend korte hobe.,ANSWER_RETURNED,semi_structured_relation,attendance_exam_requirement,CANONICAL_GENERATION_FAILURE,False,curricula_BSc-Curriculum-New.pdf,20,doc-4d373684ce4879ed066003f5-p000020-b0001-c0001,Attendance All students are expected to attend classes regularly. The University of Asia Pacific believes that regular attendance is essential for effective learning. A student is required to attend at least 70% of all the classes held in every course in order to sit for the final examination.,True,True,,,,,,,,
