run_fingerprint,question_id,language,question,reference,expected_page_offline,evaluation_authority,answerability_status,answerability_reason,requested_entity,requested_field,requested_relation,extracted_relation,answer_strategy,final_answer,source,page,chunk_id,supporting_excerpt,supporting_evidence_count,conflict_detected,conflict_sources,conflicting_values,cross_lingual_fallback_used,language_validation_passed,grounding_validation_passed,semantic_validation_passed,answer_safety_failures,generation_used,generation_attempts,runtime_error,total_seconds,rss_bytes,available_ram_bytes,pagefile_used_bytes_system,answer_bank_enabled,reranker_enabled
1fff089b6748767f94a5,Q014,english,What is the admission office email address?,The admission office email addresses are admission@uap-bd.edu and registrar@uap-bd.edu.,11,DATASET_REFERENCE,SUPPORTED,DIRECT_STRUCTURED_SUPPORT,,email,,,structured_exact,"The email address is admission@uap-bd.edu, registrar@uap-bd.edu.",curricula_BSc-Curriculum-New.pdf,11,doc-4d373684ce4879ed066003f5-p000011-b0004-c0001,"Admission Office 74/A , Green Road , Farmgate, Dhaka - 1215, Bangladesh Telephone: +8802-9126812 PABX: +8802-58157091-4, +8802-58157096 (Ext - 0, 120) FAX:+8802-58157097 Email: admission@uap-bd.edu,, registrar@uap-bd.edu Department of Architecture 74/A , Green Road, Farmgate,Dhaka - 1215, Bangladesh PABX:+8802-58157091-4, +8802-58157096 FAX:+8802-58157097 Email: headarch@uap-bd.edu Department of Business Administration R H Center , House # 74/B/1 ,Green Road , Dhaka, Bangladesh Telephone: 9128716 PABX: +8802-58157091-4, +8802-58157096 (Ext - 121) Email: headba@uap-bd.edu Department of Civil Engineering 74/A , Green Road, Farmgate, Dhaka - 1215, Bangladesh PABX: +8802-58157091-4 FAX:+8802-58157097 Email: headce@uap-bd.edu Department of Computer S cience and Engineering 74/A , Green Road, Farmgate, Dhaka - 1215, Bangladesh PABX:+8802-58157091-4, +8802-58157096 FAX:+8802-58157097 Email: headcse@uap-bd.edu",3,False,[],[],False,True,True,True,[],False,0,,2.833563199999844,2014277632,2227679232,1581088768,False,False
1fff089b6748767f94a5,Q014,bangla,Admission Office-এর ইমেইল ঠিকানা কী?,Admission Office-এর ইমেইল ঠিকানা হলো admission@uap-bd.edu এবং registrar@uap-bd.edu।,11,DATASET_REFERENCE,SUPPORTED,DIRECT_STRUCTURED_SUPPORT,,email,,,structured_exact,"প্রাসঙ্গিক email address হলো admission@uap-bd.edu, registrar@uap-bd.edu।",curricula_BSc-Curriculum-New.pdf,11,doc-4d373684ce4879ed066003f5-p000011-b0004-c0001,"Admission Office 74/A , Green Road , Farmgate, Dhaka - 1215, Bangladesh Telephone: +8802-9126812 PABX: +8802-58157091-4, +8802-58157096 (Ext - 0, 120) FAX:+8802-58157097 Email: admission@uap-bd.edu,, registrar@uap-bd.edu Department of Architecture 74/A , Green Road, Farmgate,Dhaka - 1215, Bangladesh PABX:+8802-58157091-4, +8802-58157096 FAX:+8802-58157097 Email: headarch@uap-bd.edu Department of Business Administration R H Center , House # 74/B/1 ,Green Road , Dhaka, Bangladesh Telephone: 9128716 PABX: +8802-58157091-4, +8802-58157096 (Ext - 121) Email: headba@uap-bd.edu Department of Civil Engineering 74/A , Green Road, Farmgate, Dhaka - 1215, Bangladesh PABX: +8802-58157091-4 FAX:+8802-58157097 Email: headce@uap-bd.edu Department of Computer S cience and Engineering 74/A , Green Road, Farmgate, Dhaka - 1215, Bangladesh PABX:+8802-58157091-4, +8802-58157096 FAX:+8802-58157097 Email: headcse@uap-bd.edu",2,False,[],[],False,True,True,True,[],False,0,,0.186199900000247,2018709504,2237362176,1581088768,False,False
1fff089b6748767f94a5,Q014,banglish,Admission Office-er email address ki?,Admission Office-er email address holo admission@uap-bd.edu ebong registrar@uap-bd.edu.,11,DATASET_REFERENCE,SUPPORTED,DIRECT_STRUCTURED_SUPPORT,,email,,,structured_exact,"Relevant email address holo admission@uap-bd.edu, registrar@uap-bd.edu.",curricula_BSc-Curriculum-New.pdf,11,doc-4d373684ce4879ed066003f5-p000011-b0004-c0001,"Admission Office 74/A , Green Road , Farmgate, Dhaka - 1215, Bangladesh Telephone: +8802-9126812 PABX: +8802-58157091-4, +8802-58157096 (Ext - 0, 120) FAX:+8802-58157097 Email: admission@uap-bd.edu,, registrar@uap-bd.edu Department of Architecture 74/A , Green Road, Farmgate,Dhaka - 1215, Bangladesh PABX:+8802-58157091-4, +8802-58157096 FAX:+8802-58157097 Email: headarch@uap-bd.edu Department of Business Administration R H Center , House # 74/B/1 ,Green Road , Dhaka, Bangladesh Telephone: 9128716 PABX: +8802-58157091-4, +8802-58157096 (Ext - 121) Email: headba@uap-bd.edu Department of Civil Engineering 74/A , Green Road, Farmgate, Dhaka - 1215, Bangladesh PABX: +8802-58157091-4 FAX:+8802-58157097 Email: headce@uap-bd.edu Department of Computer S cience and Engineering 74/A , Green Road, Farmgate, Dhaka - 1215, Bangladesh PABX:+8802-58157091-4, +8802-58157096 FAX:+8802-58157097 Email: headcse@uap-bd.edu",3,False,[],[],False,True,True,True,[],False,0,,0.191970300000321,2018738176,2240643072,1581088768,False,False
1fff089b6748767f94a5,Q016,english,How long is a regular semester?,A regular semester totals 18 weeks.,17,DATASET_REFERENCE,GENERATION_REJECTED,GENERATION_GROUNDING_FAILURE,,semester,regular_semester_duration,,generation_rejected,"Relevant information was found, but I couldn't produce a reliable answer.",curricula_BSc-Curriculum-New.pdf,17,doc-4d373684ce4879ed066003f5-p000017-b0002-c0001,"Semester System There will be two semesters- Fall and Spring Semester in an academic year. In addition to these two regular semesters, there may be a short semester (Summer) in the intervening period between the e nd of Spring Semester and commencement of Fall Semester. Regular Semester",3,False,[],[],False,True,False,True,[],False,0,,0.1985530000001745,2019053568,2265010176,1595387904,False,False
1fff089b6748767f94a5,Q016,bangla,একটি নিয়মিত সেমিস্টারের মোট মেয়াদ কত?,একটি নিয়মিত সেমিস্টারের মোট মেয়াদ 18 সপ্তাহ।,17,DATASET_REFERENCE,RETRIEVAL_UNCERTAIN,RELATION_NOT_SUPPORTED,,semester,regular_semester_duration,,supported,"সম্পর্কিত তথ্য পাওয়া গেছে, কিন্তু তা এই নির্দিষ্ট প্রশ্নের উত্তর কি না নিশ্চিত করা যায়নি।",curricula_BSc-Curriculum-New.pdf,17,doc-4d373684ce4879ed066003f5-p000017-b0002-c0001,"Semester System There will be two semesters- Fall and Spring Semester in an academic year. In addition to these two regular semesters, there may be a short semester (Summer) in the intervening period between the e nd of Spring Semester and commencement of Fall Semester. Regular Semester",3,False,[],[],False,True,True,,[],False,0,,0.18408379999982571,2019364864,2286190592,1615310848,False,False
1fff089b6748767f94a5,Q016,banglish,Ekta regular semester-er total duration koto?,Ekta regular semester total 18 weeks.,17,DATASET_REFERENCE,GENERATION_REJECTED,GENERATION_SEMANTIC_FAILURE,,semester,regular_semester_duration,,generation_rejected,"Relevant tothyo paoa geche, kintu reliable uttor toiri kora jayni.",curricula_BSc-Curriculum-New.pdf,17,doc-4d373684ce4879ed066003f5-p000017-b0002-c0001,"Semester System There will be two semesters- Fall and Spring Semester in an academic year. In addition to these two regular semesters, there may be a short semester (Summer) in the intervening period between the e nd of Spring Semester and commencement of Fall Semester. Regular Semester",3,False,[],[],False,True,False,True,[],False,0,,0.17306209999969724,2019880960,2285793280,1615310848,False,False
1fff089b6748767f94a5,Q018,english,How is one credit assigned for theoretical courses?,"For theoretical courses, one lecture per week per semester is equivalent to one credit.",17,DATASET_REFERENCE,SUPPORTED,DIRECT_STRUCTURED_SUPPORT,,credits,,,gguf_generation,One lecture per week per semester is equivalent to one credit for theoretical courses.,curricula_BSc-Curriculum-New.pdf,17,doc-4d373684ce4879ed066003f5-p000017-b0004-c0001,"Total 18 Weeks Course Pattern and Credit Structure The entire undergraduate program is c overed through a set of theoretical and laboratory courses, fieldwork, design and project/thesis work. Assignment of Credits: Theoretical Courses: One lecture per week per semester will be equivalent to one credit. Thus, a three (3) credit hour course wi ll have three (3) lectures per week throughout the semester. Laboratory/Field/Design/Project/Thesis Work: Credits for laboratory/field work or design work usually will be half of the class hours per week per semester. Credits are also assigned to project a nd thesis work taken by the students. The amount of credits assigned to each of these may vary from discipline to discipline. Type of Courses: Core Courses: In each discipline, a number of compulsory courses will be identified as core courses, which form the nucleus of the bachelor degree program. Optional Courses : Apart form the core courses, students will have to complete a number of courses, which are optional in nature. Hence students may have some choices in selecting courses from a specific group o r a number of courses.",1,False,[],[],False,True,True,True,[],True,1,,40.54634850000002,4777558016,381259776,2380165120,False,False
1fff089b6748767f94a5,Q018,bangla,থিওরেটিক্যাল কোর্সে এক ক্রেডিট কীভাবে নির্ধারিত হয়?,থিওরেটিক্যাল কোর্সে প্রতি সেমিস্টারে প্রতি সপ্তাহে এক লেকচার এক ক্রেডিটের সমান।,17,DATASET_REFERENCE,GENERATION_REJECTED,GENERATION_GROUNDING_FAILURE,,credits,,,generation_rejected,"প্রাসঙ্গিক তথ্য পাওয়া গেছে, কিন্তু নির্ভরযোগ্য উত্তর তৈরি করা যায়নি।",curricula_BSc-Curriculum-New.pdf,17,doc-4d373684ce4879ed066003f5-p000017-b0004-c0001,"Total 18 Weeks Course Pattern and Credit Structure The entire undergraduate program is c overed through a set of theoretical and laboratory courses, fieldwork, design and project/thesis work. Assignment of Credits: Theoretical Courses: One lecture per week per semester will be equivalent to one credit. Thus, a three (3) credit hour course wi ll have three (3) lectures per week throughout the semester. Laboratory/Field/Design/Project/Thesis Work: Credits for laboratory/field work or design work usually will be half of the class hours per week per semester. Credits are also assigned to project a nd thesis work taken by the students. The amount of credits assigned to each of these may vary from discipline to discipline. Type of Courses: Core Courses: In each discipline, a number of compulsory courses will be identified as core courses, which form the nucleus of the bachelor degree program. Optional Courses : Apart form the core courses, students will have to complete a number of courses, which are optional in nature. Hence students may have some choices in selecting courses from a specific group o r a number of courses.",1,False,[],[],False,True,False,True,[],True,3,,171.31004029999986,4558458880,439062528,2330525696,False,False
1fff089b6748767f94a5,Q018,banglish,Theoretical course-e one credit kivabe assigned hoy?,Theoretical course-e per week per semester one lecture one credit-er equivalent.,17,DATASET_REFERENCE,SUPPORTED,DIRECT_STRUCTURED_SUPPORT,,credits,,,gguf_generation,Theoretical course-er one credit assign koreche holo one lecture per week per semester.,curricula_BSc-Curriculum-New.pdf,17,doc-4d373684ce4879ed066003f5-p000017-b0004-c0001,"Total 18 Weeks Course Pattern and Credit Structure The entire undergraduate program is c overed through a set of theoretical and laboratory courses, fieldwork, design and project/thesis work. Assignment of Credits: Theoretical Courses: One lecture per week per semester will be equivalent to one credit. Thus, a three (3) credit hour course wi ll have three (3) lectures per week throughout the semester. Laboratory/Field/Design/Project/Thesis Work: Credits for laboratory/field work or design work usually will be half of the class hours per week per semester. Credits are also assigned to project a nd thesis work taken by the students. The amount of credits assigned to each of these may vary from discipline to discipline. Type of Courses: Core Courses: In each discipline, a number of compulsory courses will be identified as core courses, which form the nucleus of the bachelor degree program. Optional Courses : Apart form the core courses, students will have to complete a number of courses, which are optional in nature. Hence students may have some choices in selecting courses from a specific group o r a number of courses.",1,False,[],[],False,True,True,True,[],True,2,,42.5238417999999,4714074112,302977024,2335358976,False,False
1fff089b6748767f94a5,Q020,english,What is the mark distribution for a theoretical course?,"The distribution is Assessment 30%, Mid Semester 20%, and Final Exam 50%.",18,DATASET_REFERENCE,SUPPORTED,DIRECT_RELATION_SUPPORT,,assessment,mark_distribution,mark_distribution,semi_structured_relation,"The mark distribution is Assessment 30%, Mid Semester 20%, Final Exam 50%.",curricula_BSc-Curriculum-New.pdf,18,doc-4d373684ce4879ed066003f5-p000018-b0005-c0001,"Grading System The total performance of a student in a given course is based on a scheme of continuous assessments. For theoretical courses this continuous assessment is made through homework, assignments, attendance, quizzes etc., a mid semester and a semester final examina tion of three/two hours duration. The distribution of marks for a given course is as follows: Assessment 30% Mid Semester 20% Final Exam 50%",2,False,[],[],False,True,True,True,[],False,0,,4.706135799999174,2950369280,665399296,2677018624,False,False
1fff089b6748767f94a5,Q020,bangla,থিওরেটিক্যাল কোর্সে মার্কস বণ্টন কী?,"বণ্টন হলো Assessment 30%, Mid Semester 20%, এবং Final Exam 50%।",18,DATASET_REFERENCE,SUPPORTED,DIRECT_RELATION_SUPPORT,,assessment,mark_distribution,mark_distribution,semi_structured_relation,"নম্বর বণ্টন হলো: মূল্যায়ন 30%, মধ্য সেমিস্টার 20%, চূড়ান্ত পরীক্ষা 50%।",curricula_BSc-Curriculum-New.pdf,18,doc-4d373684ce4879ed066003f5-p000018-b0005-c0001,"Grading System The total performance of a student in a given course is based on a scheme of continuous assessments. For theoretical courses this continuous assessment is made through homework, assignments, attendance, quizzes etc., a mid semester and a semester final examina tion of three/two hours duration. The distribution of marks for a given course is as follows: Assessment 30% Mid Semester 20% Final Exam 50%",1,False,[],[],True,True,True,True,[],False,0,,8.254231099999743,5752492032,407920640,3329495040,False,False
1fff089b6748767f94a5,Q020,banglish,Theoretical course-e marks distribution ki?,"Distribution holo Assessment 30%, Mid Semester 20%, ar Final Exam 50%.",18,DATASET_REFERENCE,SUPPORTED,DIRECT_RELATION_SUPPORT,,assessment,mark_distribution,mark_distribution,semi_structured_relation,"Marks distribution holo: assessment 30%, mid semester 20%, final exam 50%.",curricula_BSc-Curriculum-New.pdf,18,doc-4d373684ce4879ed066003f5-p000018-b0005-c0001,"Grading System The total performance of a student in a given course is based on a scheme of continuous assessments. For theoretical courses this continuous assessment is made through homework, assignments, attendance, quizzes etc., a mid semester and a semester final examina tion of three/two hours duration. The distribution of marks for a given course is as follows: Assessment 30% Mid Semester 20% Final Exam 50%",2,False,[],[],False,True,True,True,[],False,0,,0.19511690000035742,5752922112,398340096,3329302528,False,False
1fff089b6748767f94a5,Q031,english,What percentage of total seats is reserved for children of Freedom Fighters?,3% of total seats are reserved for the children of Freedom Fighters.,22,DATASET_REFERENCE,GENERATION_REJECTED,GENERATION_GROUNDING_FAILURE,,percentage,,,generation_rejected,"Relevant information was found, but I couldn't produce a reliable answer.",curricula_BSc-Curriculum-New.pdf,22,doc-4d373684ce4879ed066003f5-p000022-b0008-c0001,Waiver Policy 3% of total seats are reserved for the children of Freedom Fighters and another 3% for meritorious but poor students from remote areas of Bangladesh. They will be offered full free education opportunity. 1. Top 3% students in each department will be offered 100% tuition waiver based on semester results. 2. Vice Chancellor‘s special tuition fee waiver will be offered in amount 10%-100% to poor but meritorious students. 3. 50% waiver for students with individual GP A of 5.00 in S.S.C and H.S.C. 4. 25% waiver for students with individual GPA of 4.50 in S.S.C and H.S.C.,3,False,[],[],False,True,False,True,[],False,0,,0.23937039999964327,5754343424,393633792,3328794624,False,False
1fff089b6748767f94a5,Q031,bangla,Freedom Fighters-এর সন্তানদের জন্য মোট আসনের কত শতাংশ সংরক্ষিত?,Freedom Fighters-এর সন্তানদের জন্য মোট আসনের 3% সংরক্ষিত।,22,DATASET_REFERENCE,GENERATION_REJECTED,GENERATION_SEMANTIC_FAILURE,,percentage,,,generation_rejected,"প্রাসঙ্গিক তথ্য পাওয়া গেছে, কিন্তু নির্ভরযোগ্য উত্তর তৈরি করা যায়নি।",curricula_BSc-Curriculum-New.pdf,22,doc-4d373684ce4879ed066003f5-p000022-b0008-c0001,Waiver Policy 3% of total seats are reserved for the children of Freedom Fighters and another 3% for meritorious but poor students from remote areas of Bangladesh. They will be offered full free education opportunity. 1. Top 3% students in each department will be offered 100% tuition waiver based on semester results. 2. Vice Chancellor‘s special tuition fee waiver will be offered in amount 10%-100% to poor but meritorious students. 3. 50% waiver for students with individual GP A of 5.00 in S.S.C and H.S.C. 4. 25% waiver for students with individual GPA of 4.50 in S.S.C and H.S.C.,1,False,[],[],False,True,False,True,[],False,0,,0.21770310000010795,5755629568,386772992,3328778240,False,False
1fff089b6748767f94a5,Q031,banglish,Freedom Fighters-er children-der jonno total seats-er koto percent reserved?,Freedom Fighters-er children-der jonno total seats-er 3% reserved.,22,DATASET_REFERENCE,GENERATION_REJECTED,GENERATION_SEMANTIC_FAILURE,,percentage,,,generation_rejected,"Relevant tothyo paoa geche, kintu reliable uttor toiri kora jayni.",curricula_BSc-Curriculum-New.pdf,22,doc-4d373684ce4879ed066003f5-p000022-b0008-c0001,Waiver Policy 3% of total seats are reserved for the children of Freedom Fighters and another 3% for meritorious but poor students from remote areas of Bangladesh. They will be offered full free education opportunity. 1. Top 3% students in each department will be offered 100% tuition waiver based on semester results. 2. Vice Chancellor‘s special tuition fee waiver will be offered in amount 10%-100% to poor but meritorious students. 3. 50% waiver for students with individual GP A of 5.00 in S.S.C and H.S.C. 4. 25% waiver for students with individual GPA of 4.50 in S.S.C and H.S.C.,1,False,[],[],False,True,False,True,[],False,0,,0.2031901000000289,5756936192,390221824,3328495616,False,False
1fff089b6748767f94a5,Q081,english,What prerequisite is listed for CSE 101 Introduction to Computer Science & Programming Methodology?,No prerequisite is listed for CSE 101 Introduction to Computer Science & Programming Methodology.,51,DATASET_REFERENCE,SUPPORTED,DIRECT_RELATION_SUPPORT,cse 101,prerequisite,course_prerequisite,course_prerequisite,semi_structured_relation,The prerequisite for CSE 101 is none listed.,curricula_BSc-Curriculum-New.pdf,60,doc-4d373684ce4879ed066003f5-p000060-b0002-c0001,"Course Code: CSE 101 Course Title: Introduction to Computer Science & Programming Methodology Credits: 3.00 Prerequisite: None Introduction to computer science, what is computer, Fundamental parts of a computer, sto rage and memory management (RAM, ROM, Hard disk) system overview of a computer, I/O devices, software and hardware, basic knowledge of computer, Files and folders, Command prompt, Microsoft office, Shortcut command keys, web ideas, Number System: Binary, Decimal, Octal, Hexadecimal number system and their conversion. Introduction to structured programming, Flowchart: what is flowchart, expressions of flowchart, importance of flow chart. Pseudo code: pseudo code and expression of pseudo code. Algorithm: Algorithm writing, relationship among algorithm, pseudo code and flow chart, code to flowchart and vice versa conversion. Introduction to C program, Skeleton of C program, Compiler: overview of compiler, importance and functionality, output standard libr ary function as printf(), input standard library function as scanf(), Data types and Variable: different data types, variable types and their sizes, conversion among them, scope: global variable, local variable, static variable, auto variable . Operators: Types of operator in C, functionality of operators, increment – decrement operators, precedence of operators. Header files, library files, object files and their importance. Conditional Operators: if-else structure, switchcase structure, selection structure, statement and expression. Control Flow: for loop structure, while loop structure, do -while structure, sum of the series, co-ordinate geometry, design pattern using loop. Debugging: debug a sample program using compiler. Function: argument and parameter of a function, return types, inline declaration, forward declaration of a function. Macro: types of macro, sample macro program, macro as preprocessor, Course Code: CSE 101 Course Title: Introduction to Computer Science & Programming Credits: 3.00 Prerequisite: None series, co-ordinate geometry, design pattern using loop. Debugging: debug a sample program using compiler. Function: argument and parameter of a function, return types, inline declaration, forward declaration of a function. Macro: types of macro, sample macro program, macro as preprocessor, difference between macro and function, advantages and disadvantages of macro. Bitwise operator: introduction to bitwise operators, their functionality and truth table of basic and, or, xor, nor algebraic functions . Arrays: introduction to array, declaration and definition of an array, types of array, multidimensional array, size calculation of di fferent types of array, scanning array, programs using array, matrix multiplication using array, insertion, deletion, replacement, search from an array, advantages of array over variable. Scientific calculator using C program. References: 1. Teach yourself C by Herbert Schildt. Publisher: Osborne McGraw-Hill 2. C programming Language by Brian W. Kernighan, Dennis M. Ritchie Publisher: Prentice Hall",3,False,[],[],False,True,True,True,[],False,0,,0.3189714999998614,5760167936,367300608,3328020480,False,False
1fff089b6748767f94a5,Q081,bangla,CSE 101 Introduction to Computer Science & Programming Methodology কোর্সের prerequisite কী দেওয়া আছে?,CSE 101 Introduction to Computer Science & Programming Methodology কোর্সের জন্য কোনো prerequisite দেওয়া নেই।,51,DATASET_REFERENCE,SUPPORTED,DIRECT_RELATION_SUPPORT,cse 101,prerequisite,course_prerequisite,course_prerequisite,semi_structured_relation,CSE 101 কোর্সের পূর্বশর্ত: none listed।,curricula_BSc-Curriculum-New.pdf,60,doc-4d373684ce4879ed066003f5-p000060-b0002-c0001,"Course Code: CSE 101 Course Title: Introduction to Computer Science & Programming Methodology Credits: 3.00 Prerequisite: None Introduction to computer science, what is computer, Fundamental parts of a computer, sto rage and memory management (RAM, ROM, Hard disk) system overview of a computer, I/O devices, software and hardware, basic knowledge of computer, Files and folders, Command prompt, Microsoft office, Shortcut command keys, web ideas, Number System: Binary, Decimal, Octal, Hexadecimal number system and their conversion. Introduction to structured programming, Flowchart: what is flowchart, expressions of flowchart, importance of flow chart. Pseudo code: pseudo code and expression of pseudo code. Algorithm: Algorithm writing, relationship among algorithm, pseudo code and flow chart, code to flowchart and vice versa conversion. Introduction to C program, Skeleton of C program, Compiler: overview of compiler, importance and functionality, output standard libr ary function as printf(), input standard library function as scanf(), Data types and Variable: different data types, variable types and their sizes, conversion among them, scope: global variable, local variable, static variable, auto variable . Operators: Types of operator in C, functionality of operators, increment – decrement operators, precedence of operators. Header files, library files, object files and their importance. Conditional Operators: if-else structure, switchcase structure, selection structure, statement and expression. Control Flow: for loop structure, while loop structure, do -while structure, sum of the series, co-ordinate geometry, design pattern using loop. Debugging: debug a sample program using compiler. Function: argument and parameter of a function, return types, inline declaration, forward declaration of a function. Macro: types of macro, sample macro program, macro as preprocessor, Course Code: CSE 101 Course Title: Introduction to Computer Science & Programming Credits: 3.00 Prerequisite: None series, co-ordinate geometry, design pattern using loop. Debugging: debug a sample program using compiler. Function: argument and parameter of a function, return types, inline declaration, forward declaration of a function. Macro: types of macro, sample macro program, macro as preprocessor, difference between macro and function, advantages and disadvantages of macro. Bitwise operator: introduction to bitwise operators, their functionality and truth table of basic and, or, xor, nor algebraic functions . Arrays: introduction to array, declaration and definition of an array, types of array, multidimensional array, size calculation of di fferent types of array, scanning array, programs using array, matrix multiplication using array, insertion, deletion, replacement, search from an array, advantages of array over variable. Scientific calculator using C program. References: 1. Teach yourself C by Herbert Schildt. Publisher: Osborne McGraw-Hill 2. C programming Language by Brian W. Kernighan, Dennis M. Ritchie Publisher: Prentice Hall",3,False,[],[],False,True,True,True,[],False,0,,1.6299055999998018,5767245824,248983552,3205799936,False,False
1fff089b6748767f94a5,Q081,banglish,CSE 101 Introduction to Computer Science & Programming Methodology course-er prerequisite ki deya ache?,CSE 101 Introduction to Computer Science & Programming Methodology course-er jonno kono prerequisite deya nei.,51,DATASET_REFERENCE,SUPPORTED,DIRECT_RELATION_SUPPORT,cse 101,prerequisite,course_prerequisite,course_prerequisite,semi_structured_relation,CSE 101 course-er kono prerequisite deya nei.,curricula_BSc-Curriculum-New.pdf,60,doc-4d373684ce4879ed066003f5-p000060-b0002-c0001,"Course Code: CSE 101 Course Title: Introduction to Computer Science & Programming Methodology Credits: 3.00 Prerequisite: None Introduction to computer science, what is computer, Fundamental parts of a computer, sto rage and memory management (RAM, ROM, Hard disk) system overview of a computer, I/O devices, software and hardware, basic knowledge of computer, Files and folders, Command prompt, Microsoft office, Shortcut command keys, web ideas, Number System: Binary, Decimal, Octal, Hexadecimal number system and their conversion. Introduction to structured programming, Flowchart: what is flowchart, expressions of flowchart, importance of flow chart. Pseudo code: pseudo code and expression of pseudo code. Algorithm: Algorithm writing, relationship among algorithm, pseudo code and flow chart, code to flowchart and vice versa conversion. Introduction to C program, Skeleton of C program, Compiler: overview of compiler, importance and functionality, output standard libr ary function as printf(), input standard library function as scanf(), Data types and Variable: different data types, variable types and their sizes, conversion among them, scope: global variable, local variable, static variable, auto variable . Operators: Types of operator in C, functionality of operators, increment – decrement operators, precedence of operators. Header files, library files, object files and their importance. Conditional Operators: if-else structure, switchcase structure, selection structure, statement and expression. Control Flow: for loop structure, while loop structure, do -while structure, sum of the series, co-ordinate geometry, design pattern using loop. Debugging: debug a sample program using compiler. Function: argument and parameter of a function, return types, inline declaration, forward declaration of a function. Macro: types of macro, sample macro program, macro as preprocessor, Course Code: CSE 101 Course Title: Introduction to Computer Science & Programming Credits: 3.00 Prerequisite: None series, co-ordinate geometry, design pattern using loop. Debugging: debug a sample program using compiler. Function: argument and parameter of a function, return types, inline declaration, forward declaration of a function. Macro: types of macro, sample macro program, macro as preprocessor, difference between macro and function, advantages and disadvantages of macro. Bitwise operator: introduction to bitwise operators, their functionality and truth table of basic and, or, xor, nor algebraic functions . Arrays: introduction to array, declaration and definition of an array, types of array, multidimensional array, size calculation of di fferent types of array, scanning array, programs using array, matrix multiplication using array, insertion, deletion, replacement, search from an array, advantages of array over variable. Scientific calculator using C program. References: 1. Teach yourself C by Herbert Schildt. Publisher: Osborne McGraw-Hill 2. C programming Language by Brian W. Kernighan, Dennis M. Ritchie Publisher: Prentice Hall",3,False,[],[],False,True,True,True,[],False,0,,0.2513437999996313,5743816704,262696960,3205492736,False,False
1fff089b6748767f94a5,Q088,english,"What prerequisite is listed for MTH 101 Math I: Basic Calculus, Co-ordinate Geometry?","No prerequisite is listed for MTH 101 Math I: Basic Calculus, Co-ordinate Geometry.",51,DATASET_REFERENCE,SUPPORTED,DIRECT_STRUCTURED_SUPPORT,mth 101,prerequisite,,,structured_exact,MTH 101 has no listed prerequisite.,curricula_BSc-Curriculum-New.pdf,51,doc-4d373684ce4879ed066003f5-p000051-b0009-c0001,"MTH 101 Math I: Basic Calcu lus, Coordinate Geometry 3.00 Nil Total 19.00",2,False,[],[],False,True,True,True,[],False,0,,0.24407519999931537,5736394752,283922432,3189940224,False,False
1fff089b6748767f94a5,Q088,bangla,"MTH 101 Math I: Basic Calculus, Co-ordinate Geometry কোর্সের prerequisite কী দেওয়া আছে?","MTH 101 Math I: Basic Calculus, Co-ordinate Geometry কোর্সের জন্য কোনো prerequisite দেওয়া নেই।",51,DATASET_REFERENCE,SUPPORTED,DIRECT_STRUCTURED_SUPPORT,mth 101,prerequisite,,,structured_exact,MTH 101 কোর্সের কোনো পূর্বশর্ত দেওয়া নেই।,curricula_BSc-Curriculum-New.pdf,63,doc-4d373684ce4879ed066003f5-p000063-b0005-c0001,"Course Code: MTH 101 Course Title: Math I Credits: 3.00 Prerequisite: N/A Three dimensional geometry: Co-ordinates in three dimensions, direction cosines and direction ratios, planes, sphere, straight line and conicoids (basic definition and properties only). Concept of functions : Function, domain and range of a function, graphs of simple functions (exponential, logarithmic and trigonometric), inverse function, function of several variables. Limit and continuity for single and several variables : Existence of limits, limits at infinity, properties and computational techniques of limits, properties of continuous functions, L‘ Hospital‘s rule. Differentiation and its applications : Tangent lines and rates of change, differentiability, techniques of differentiation, successive differentiation, Leibnitz‘s theorem, Rolle‘s theorem and mean value theorem, Taylor and",2,False,[],[],False,True,True,True,[],False,0,,0.23231979999945906,5736349696,340869120,3205201920,False,False
1fff089b6748767f94a5,Q088,banglish,"MTH 101 Math I: Basic Calculus, Co-ordinate Geometry course-er prerequisite ki deya ache?","MTH 101 Math I: Basic Calculus, Co-ordinate Geometry course-er jonno kono prerequisite deya nei.",51,DATASET_REFERENCE,SUPPORTED,DIRECT_STRUCTURED_SUPPORT,mth 101,prerequisite,,,structured_exact,MTH 101 course-er kono prerequisite deya nei.,curricula_BSc-Curriculum-New.pdf,63,doc-4d373684ce4879ed066003f5-p000063-b0005-c0001,"Course Code: MTH 101 Course Title: Math I Credits: 3.00 Prerequisite: N/A Three dimensional geometry: Co-ordinates in three dimensions, direction cosines and direction ratios, planes, sphere, straight line and conicoids (basic definition and properties only). Concept of functions : Function, domain and range of a function, graphs of simple functions (exponential, logarithmic and trigonometric), inverse function, function of several variables. Limit and continuity for single and several variables : Existence of limits, limits at infinity, properties and computational techniques of limits, properties of continuous functions, L‘ Hospital‘s rule. Differentiation and its applications : Tangent lines and rates of change, differentiability, techniques of differentiation, successive differentiation, Leibnitz‘s theorem, Rolle‘s theorem and mean value theorem, Taylor and",2,False,[],[],False,True,True,True,[],False,0,,0.199760100000276,5736787968,352411648,3204653056,False,False
1fff089b6748767f94a5,Q095,english,What prerequisite is listed for CHEM 111 Chemistry?,No prerequisite is listed for CHEM 111 Chemistry.,52,DATASET_REFERENCE,SUPPORTED,DIRECT_RELATION_SUPPORT,chem 111,prerequisite,course_prerequisite,course_prerequisite,semi_structured_relation,The prerequisite for CHEM 111 is none listed.,curricula_BSc-Curriculum-New.pdf,64,doc-4d373684ce4879ed066003f5-p000064-b0010-c0001,"Course Code: CHEM 111 Course Title: Credits: 3.00 Prerequisite: N/A Atomic structure, quantum numbers, electroni c conﬁguration, periodic table; Properties and uses of noble gases; Different types of chemical bonds and their properties; Molecular structure of compounds; Selective organic reactions; Different types of solutions and their compositions; Phase rule, phase diagram of monocomponent system; Properties of dilute solutions; Thermochemistry, chemical kinetics, chemical equilibria; Ionization of water and pH concept; Electrical properties of Solution. Text Books: 1. Physical Chemistry, Author: Bhall and Tully 2. Inorganic Chemistry, Author: Haider",2,False,[],[],False,True,True,True,[],False,0,,0.23735000000033324,5736480768,347148288,3204345856,False,False
1fff089b6748767f94a5,Q095,bangla,CHEM 111 Chemistry কোর্সের prerequisite কী দেওয়া আছে?,CHEM 111 Chemistry কোর্সের জন্য কোনো prerequisite দেওয়া নেই।,52,DATASET_REFERENCE,SUPPORTED,DIRECT_RELATION_SUPPORT,chem 111,prerequisite,course_prerequisite,course_prerequisite,semi_structured_relation,CHEM 111 কোর্সের পূর্বশর্ত: none listed।,curricula_BSc-Curriculum-New.pdf,64,doc-4d373684ce4879ed066003f5-p000064-b0010-c0001,"Course Code: CHEM 111 Course Title: Credits: 3.00 Prerequisite: N/A Atomic structure, quantum numbers, electroni c conﬁguration, periodic table; Properties and uses of noble gases; Different types of chemical bonds and their properties; Molecular structure of compounds; Selective organic reactions; Different types of solutions and their compositions; Phase rule, phase diagram of monocomponent system; Properties of dilute solutions; Thermochemistry, chemical kinetics, chemical equilibria; Ionization of water and pH concept; Electrical properties of Solution. Text Books: 1. Physical Chemistry, Author: Bhall and Tully 2. Inorganic Chemistry, Author: Haider",2,False,[],[],False,True,True,True,[],False,0,,0.2093367000006765,5736587264,342687744,3203915776,False,False
1fff089b6748767f94a5,Q095,banglish,CHEM 111 Chemistry course-er prerequisite ki deya ache?,CHEM 111 Chemistry course-er jonno kono prerequisite deya nei.,52,DATASET_REFERENCE,SUPPORTED,DIRECT_RELATION_SUPPORT,chem 111,prerequisite,course_prerequisite,course_prerequisite,semi_structured_relation,CHEM 111 course-er kono prerequisite deya nei.,curricula_BSc-Curriculum-New.pdf,64,doc-4d373684ce4879ed066003f5-p000064-b0010-c0001,"Course Code: CHEM 111 Course Title: Credits: 3.00 Prerequisite: N/A Atomic structure, quantum numbers, electroni c conﬁguration, periodic table; Properties and uses of noble gases; Different types of chemical bonds and their properties; Molecular structure of compounds; Selective organic reactions; Different types of solutions and their compositions; Phase rule, phase diagram of monocomponent system; Properties of dilute solutions; Thermochemistry, chemical kinetics, chemical equilibria; Ionization of water and pH concept; Electrical properties of Solution. Text Books: 1. Physical Chemistry, Author: Bhall and Tully 2. Inorganic Chemistry, Author: Haider",2,False,[],[],False,True,True,True,[],False,0,,0.21717989999979181,5737635840,334938112,3202473984,False,False
1fff089b6748767f94a5,Q034,english,How many credits is HSS 101 English I: Written and Spoken English?,HSS 101 English I: Written and Spoken English is a 3.00-credit course.,51,DATASET_REFERENCE,CONFLICTING_EVIDENCE,CONFLICTING_VALUES,hss 101,credits,,,conflicting,The university documents contain conflicting information about this.,curricula_BSc-Curriculum-New.pdf,61,doc-4d373684ce4879ed066003f5-p000061-b0005-c0001,"Course Code: HSS 101 Course Title: English I: Written and Spoken English Credits: 1.50 A. Written English: Writing Mechanics & Grammar: Spelling, Capitalization, Punctuation, Vocabulary Writing skills for formal and i nformal communications: Paragraph/ Essay/ Story Writing, Opinion Writing, Letter Writing – Formal and Informal, Memo Writing, Report Writing, E-mail Writing, Web Content Writing. Editing & Proofreading:…",2,True,"[{""source"":""curricula_BSc-Curriculum-New.pdf"",""page"":61,""excerpt"":""Course Code: HSS 101 Course Title: English I: Written and Spoken English Credits: 1.50 A. Written English: Writing Mechanics & Grammar: Spelling, Capitalization, Punctuation, Vocabulary Writing skills for formal and i nformal communications: Paragraph/ Essay/ Story Writing, Opinion Writing, Letter Writing – Formal and Informal, Memo Writing, Report Writing, E-mail Writing, Web Content Writing. Editing & Proofreading:…""},{""source"":""curricula_BSc-Curriculum-New.pdf"",""page"":51,""excerpt"":""HSS 101 English I: Written and Spoken English 3.00 Nil""}]","[""1.5"",""3.0""]",False,True,True,,[],False,0,,2.8662243000007948,2014842880,2246119424,1691770880,False,False
1fff089b6748767f94a5,Q034,bangla,HSS 101 English I: Written and Spoken English কোর্সটির ক্রেডিট কত?,HSS 101 English I: Written and Spoken English 3.00 ক্রেডিটের কোর্স।,51,DATASET_REFERENCE,CONFLICTING_EVIDENCE,CONFLICTING_VALUES,hss 101,credits,,,conflicting,বিশ্ববিদ্যালয়ের নথিতে এই বিষয়ে পরস্পরবিরোধী তথ্য রয়েছে।,curricula_BSc-Curriculum-New.pdf,61,doc-4d373684ce4879ed066003f5-p000061-b0005-c0001,"Course Code: HSS 101 Course Title: English I: Written and Spoken English Credits: 1.50 A. Written English: Writing Mechanics & Grammar: Spelling, Capitalization, Punctuation, Vocabulary Writing skills for formal and i nformal communications: Paragraph/ Essay/ Story Writing, Opinion Writing, Letter Writing – Formal and Informal, Memo Writing, Report Writing, E-mail Writing, Web Content Writing. Editing & Proofreading:…",2,True,"[{""source"":""curricula_BSc-Curriculum-New.pdf"",""page"":61,""excerpt"":""Course Code: HSS 101 Course Title: English I: Written and Spoken English Credits: 1.50 A. Written English: Writing Mechanics & Grammar: Spelling, Capitalization, Punctuation, Vocabulary Writing skills for formal and i nformal communications: Paragraph/ Essay/ Story Writing, Opinion Writing, Letter Writing – Formal and Informal, Memo Writing, Report Writing, E-mail Writing, Web Content Writing. Editing & Proofreading:…""},{""source"":""curricula_BSc-Curriculum-New.pdf"",""page"":51,""excerpt"":""HSS 101 English I: Written and Spoken English 3.00 Nil""}]","[""1.5"",""3.0""]",False,True,True,,[],False,0,,0.1984829000002719,2020446208,2252627968,1691746304,False,False
1fff089b6748767f94a5,Q034,banglish,HSS 101 English I: Written and Spoken English course-er credit koto?,HSS 101 English I: Written and Spoken English 3.00-credit course.,51,DATASET_REFERENCE,CONFLICTING_EVIDENCE,CONFLICTING_VALUES,hss 101,credits,,,conflicting,University document-gulote ei bishoye conflicting tothyo ache.,curricula_BSc-Curriculum-New.pdf,61,doc-4d373684ce4879ed066003f5-p000061-b0005-c0001,"Course Code: HSS 101 Course Title: English I: Written and Spoken English Credits: 1.50 A. Written English: Writing Mechanics & Grammar: Spelling, Capitalization, Punctuation, Vocabulary Writing skills for formal and i nformal communications: Paragraph/ Essay/ Story Writing, Opinion Writing, Letter Writing – Formal and Informal, Memo Writing, Report Writing, E-mail Writing, Web Content Writing. Editing & Proofreading:…",2,True,"[{""source"":""curricula_BSc-Curriculum-New.pdf"",""page"":61,""excerpt"":""Course Code: HSS 101 Course Title: English I: Written and Spoken English Credits: 1.50 A. Written English: Writing Mechanics & Grammar: Spelling, Capitalization, Punctuation, Vocabulary Writing skills for formal and i nformal communications: Paragraph/ Essay/ Story Writing, Opinion Writing, Letter Writing – Formal and Informal, Memo Writing, Report Writing, E-mail Writing, Web Content Writing. Editing & Proofreading:…""},{""source"":""curricula_BSc-Curriculum-New.pdf"",""page"":51,""excerpt"":""HSS 101 English I: Written and Spoken English 3.00 Nil""}]","[""1.5"",""3.0""]",False,True,True,,[],False,0,,0.18491309999990335,2021167104,2250375168,1691746304,False,False
1fff089b6748767f94a5,Q065,english,How many credits is CSE 304 Data Communications Lab?,CSE 304 Data Communications Lab is a 0.75-credit course.,53,DATASET_REFERENCE,CONFLICTING_EVIDENCE,CONFLICTING_VALUES,cse 304,credits,,,conflicting,The university documents contain conflicting information about this.,curricula_BSc-Curriculum-New.pdf,53,doc-4d373684ce4879ed066003f5-p000053-b0011-c0001,CSE 304 Data Communications Lab 0.75 Nil,2,True,"[{""source"":""curricula_BSc-Curriculum-New.pdf"",""page"":53,""excerpt"":""CSE 304 Data Communications Lab 0.75 Nil""},{""source"":""curricula_BSc-Curriculum-New.pdf"",""page"":78,""excerpt"":""Course Code: CSE 304 Course Title: Data Communications Lab Credits: 3.00 Prerequisite: None Laboratory works based on theory classes""}]","[""0.75"",""3.0""]",False,True,True,,[],False,0,,0.1930079999992813,2020884480,2263076864,1700909056,False,False
1fff089b6748767f94a5,Q065,bangla,CSE 304 Data Communications Lab কোর্সটির ক্রেডিট কত?,CSE 304 Data Communications Lab 0.75 ক্রেডিটের কোর্স।,53,DATASET_REFERENCE,CONFLICTING_EVIDENCE,CONFLICTING_VALUES,cse 304,credits,,,conflicting,বিশ্ববিদ্যালয়ের নথিতে এই বিষয়ে পরস্পরবিরোধী তথ্য রয়েছে।,curricula_BSc-Curriculum-New.pdf,78,doc-4d373684ce4879ed066003f5-p000078-b0007-c0001,Course Code: CSE 304 Course Title: Data Communications Lab Credits: 3.00 Prerequisite: None Laboratory works based on theory classes,2,True,"[{""source"":""curricula_BSc-Curriculum-New.pdf"",""page"":78,""excerpt"":""Course Code: CSE 304 Course Title: Data Communications Lab Credits: 3.00 Prerequisite: None Laboratory works based on theory classes""},{""source"":""curricula_BSc-Curriculum-New.pdf"",""page"":53,""excerpt"":""CSE 304 Data Communications Lab 0.75 Nil""}]","[""0.75"",""3.0""]",False,True,True,,[],False,0,,0.18727820000003703,2020900864,2283945984,1719779328,False,False
1fff089b6748767f94a5,Q065,banglish,CSE 304 Data Communications Lab course-er credit koto?,CSE 304 Data Communications Lab 0.75-credit course.,53,DATASET_REFERENCE,CONFLICTING_EVIDENCE,CONFLICTING_VALUES,cse 304,credits,,,conflicting,University document-gulote ei bishoye conflicting tothyo ache.,curricula_BSc-Curriculum-New.pdf,78,doc-4d373684ce4879ed066003f5-p000078-b0007-c0001,Course Code: CSE 304 Course Title: Data Communications Lab Credits: 3.00 Prerequisite: None Laboratory works based on theory classes,2,True,"[{""source"":""curricula_BSc-Curriculum-New.pdf"",""page"":78,""excerpt"":""Course Code: CSE 304 Course Title: Data Communications Lab Credits: 3.00 Prerequisite: None Laboratory works based on theory classes""},{""source"":""curricula_BSc-Curriculum-New.pdf"",""page"":53,""excerpt"":""CSE 304 Data Communications Lab 0.75 Nil""}]","[""0.75"",""3.0""]",False,True,True,,[],False,0,,0.18151140000009036,2020900864,2282397696,1719701504,False,False
