question_id,language,question,previous_status,previous_stage,support_status,final_status,answer_strategy,relation_type,final_answer,page,chunk_id,language_validation_passed,grounding_validation_passed,generation_used,total_seconds
Q002,banglish,Prospectus-ta ke publish koreche?,GENERATION_REJECTED,CANONICAL_GENERATION_FAILURE,supported,ANSWER_RETURNED,semi_structured_relation,published_by,Prospectus-ta Department of Computer Science & Engineering University of Asia Pacific publish koreche.,2,doc-4d373684ce4879ed066003f5-p000002-b0001-c0001,True,True,False,2.4475421999995888
Q007,banglish,UAP shurute kon duita bachelor degree program offer korechilo?,GENERATION_REJECTED,CANONICAL_GENERATION_FAILURE,supported,ANSWER_RETURNED,semi_structured_relation,initially_offered,UAP shurute Computer Science & Technology ar Business Administration—ei duita bachelor degree program offer korechilo.,8,doc-4d373684ce4879ed066003f5-p000008-b0001-c0001,True,True,False,0.1801608000005217
Q008,banglish,Prospectus onujayi kotojon B.Sc.Engg. graduate degree peyechilo?,GENERATION_REJECTED,CANONICAL_GENERATION_FAILURE,supported,GENERATION_REJECTED,generation_rejected,,"Relevant information university document-e paoa geche, kintu ei muhurte ami eta reliable Banglish-e present korte parini.",8,doc-4d373684ce4879ed066003f5-p000008-b0004-c0001,True,False,True,29.30898530000013
Q010,banglish,UAP kon act-er odhine operation start korechilo?,GENERATION_REJECTED,CANONICAL_GENERATION_FAILURE,supported,ANSWER_RETURNED,semi_structured_relation,started_under,UAP Private University Act 1992-er odhine operation start korechilo.,8,doc-4d373684ce4879ed066003f5-p000008-b0001-c0001,True,True,False,2.6305004000005283
Q001,banglish,Undergraduate prospectus-tar title ki?,GENERATION_REJECTED,CANONICAL_GENERATION_FAILURE,supported,GENERATION_REJECTED,generation_rejected,,"Relevant information university document-e paoa geche, kintu ei muhurte ami eta reliable Banglish-e present korte parini.",51,doc-4d373684ce4879ed066003f5-p000051-b0001-c0001,True,False,False,0.3289392999995471
Q014,banglish,Admission Office-er email address ki?,GENERATION_REJECTED,CANONICAL_GENERATION_FAILURE,supported,GENERATION_REJECTED,generation_rejected,,"Relevant information university document-e paoa geche, kintu ei muhurte ami eta reliable Banglish-e present korte parini.",9,doc-4d373684ce4879ed066003f5-p000009-b0002-c0001,True,False,False,0.3195634000003338
Q015,banglish,Ek academic year-e koyta regular semester thake?,GENERATION_REJECTED,CANONICAL_GENERATION_FAILURE,supported,ANSWER_RETURNED,semi_structured_relation,regular_semester_count,Ek academic year-e 2ta regular semester ache: Fall ar Spring.,17,doc-4d373684ce4879ed066003f5-p000017-b0002-c0001,True,True,False,0.33402989999922283
Q016,banglish,Ekta regular semester-er total duration koto?,GENERATION_REJECTED,CANONICAL_GENERATION_FAILURE,supported,GENERATION_REJECTED,generation_rejected,,"Relevant information university document-e paoa geche, kintu ei muhurte ami eta reliable Banglish-e present korte parini.",17,doc-4d373684ce4879ed066003f5-p000017-b0002-c0001,True,False,False,2.8223834999989776
Q017,banglish,Regular semester-e class koy shoptaho hoy?,GENERATION_REJECTED,CANONICAL_GENERATION_FAILURE,supported,GENERATION_REJECTED,generation_rejected,,"Relevant information university document-e paoa geche, kintu ei muhurte ami eta reliable Banglish-e present korte parini.",17,doc-4d373684ce4879ed066003f5-p000017-b0002-c0001,True,False,False,0.20219449999967765
Q022,banglish,Kono course-e 40%-er kom pele ki hoy?,GENERATION_REJECTED,CANONICAL_GENERATION_FAILURE,supported,GENERATION_REJECTED,generation_rejected,,"Relevant information university document-e paoa geche, kintu ei muhurte ami eta reliable Banglish-e present korte parini.",19,doc-4d373684ce4879ed066003f5-p000019-b0004-c0001,True,False,False,0.19946410000011383
Q023,banglish,Final exam-e boshte koto attendance dorkar?,GENERATION_REJECTED,CANONICAL_GENERATION_FAILURE,supported,ANSWER_RETURNED,semi_structured_relation,attendance_exam_requirement,Final exam-e boshte kompakhe 70% class-e attend korte hobe.,20,doc-4d373684ce4879ed066003f5-p000020-b0001-c0001,True,True,False,0.19927149999966787
Q024,banglish,Degree with honors-er jonno koto CGPA dorkar?,GENERATION_REJECTED,CANONICAL_GENERATION_FAILURE,supported,ANSWER_RETURNED,semi_structured_relation,honors_cgpa,Honors degree-r jonno CGPA kompakhe 3.75 lagbe.,20,doc-4d373684ce4879ed066003f5-p000020-b0003-c0001,True,True,False,0.22460719999980938
Q025,banglish,Degree-r dike normal progress hisebe koto CGPA dhora hoy?,GENERATION_REJECTED,CANONICAL_GENERATION_FAILURE,supported,ANSWER_RETURNED,semi_structured_relation,normal_progress_cgpa,Degree-r normal progress-er jonno CGPA kompakhe 2.25 lagbe.,20,doc-4d373684ce4879ed066003f5-p000020-b0003-c0001,True,True,False,0.2331054000005679
Q027,banglish,Re-examination application koto working day-er moddhe submit korte hoy?,GENERATION_REJECTED,CANONICAL_GENERATION_FAILURE,supported,ANSWER_RETURNED,semi_structured_relation,reexamination_deadline,Final result publish howar 7 working day-er moddhe re-examination application submit korte hobe.,20,doc-4d373684ce4879ed066003f5-p000020-b0005-c0001,True,True,False,0.2871164000007411
Q035,banglish,HSS 111(A) Bangladesh Studies: Society and Culture course-er credit koto?,GENERATION_REJECTED,CANONICAL_GENERATION_FAILURE,supported,ANSWER_RETURNED,semi_structured_relation,course_credits,HSS 111(A) course-er credit 2.00.,51,doc-4d373684ce4879ed066003f5-p000051-b0005-c0001,True,True,False,0.28896940000049653
Q084,banglish,HSS 111(A) Bangladesh Studies: Society and Culture course-er prerequisite ki deya ache?,GENERATION_REJECTED,CANONICAL_GENERATION_FAILURE,supported,ANSWER_RETURNED,semi_structured_relation,course_prerequisite,HSS 111(A) course-er prerequisite none listed.,51,doc-4d373684ce4879ed066003f5-p000051-b0005-c0001,True,True,False,0.2620630000001256
