run_fingerprint,question_id,language,question,reference,original_dataset_reference,expected_page_offline,evaluation_authority,answerability_status,answerability_reason,evidence_level,requested_entity,requested_field,requested_relation,extracted_relation,extracted_relation_values,required_explicit_values,answer_safety_failures,entity_supported,field_supported,relation_supported,structured_extractable,supporting_evidence_count,independent_support_count,source_count,retrieval_channels,best_support_rank,cross_lingual_fallback_used,conflict_detected,ambiguity_detected,generation_required,generation_validation_status,final_answer_allowed,final_status,answer_strategy,final_answer,source,page,chunk_id,supporting_excerpt,conflict_sources,generation_used,generation_attempts,retry_used,language_validation_passed,grounding_validation_passed,semantic_validation_passed,grounding_validation_reason,generation_rejection_reason,retrieval_seconds,generation_seconds,answerability_seconds,total_seconds,rss_bytes,peak_process_bytes,available_ram_bytes,pagefile_used_bytes_system,runtime_error,answer_bank_enabled,reranker_enabled,page_hit_1,page_hit_3,mrr_3,entity_applicable,entity_hit_1,entity_hit_3,field_applicable,field_hit_1,field_hit_3,supportable_1,supportable_3
4f1fc551eb13358ecf59,Q014,english,What is the admission office email address?,The admission office email addresses are admission@uap-bd.edu and registrar@uap-bd.edu.,The admission office email addresses are admission@uap-bd.edu and registrar@uap-bd.edu.,11,DATASET_REFERENCE,SUPPORTED,DIRECT_STRUCTURED_SUPPORT,STRONG,,email,,,[],"[""admission@uap-bd.edu"", ""registrar@uap-bd.edu""]",[],True,True,,True,3,3,1,"[""bm25"", ""dense""]",1,False,False,False,False,NOT_REQUIRED,True,ANSWER_RETURNED,structured_exact,"The email address is admission@uap-bd.edu, registrar@uap-bd.edu.",curricula_BSc-Curriculum-New.pdf,11,doc-4d373684ce4879ed066003f5-p000011-b0004-c0001,"Admission Office 74/A , Green Road , Farmgate, Dhaka - 1215, Bangladesh Telephone: +8802-9126812 PABX: +8802-58157091-4, +8802-58157096 (Ext - 0, 120) FAX:+8802-58157097 Email: admission@uap-bd.edu,, registrar@uap-bd.edu Department of Architecture 74/A , Green Road, Farmgate,Dhaka - 1215, Bangladesh PABX:+8802-58157091-4, +8802-58157096 FAX:+8802-58157097 Email: headarch@uap-bd.edu Department of Business Administration R H Center , House # 74/B/1 ,Green Road , Dhaka, Bangladesh Telephone: 9128716 PABX: +8802-58157091-4, +8802-58157096 (Ext - 121) Email: headba@uap-bd.edu Department of Civil Engineering 74/A , Green Road, Farmgate, Dhaka - 1215, Bangladesh PABX: +8802-58157091-4 FAX:+8802-58157097 Email: headce@uap-bd.edu Department of Computer S cience and Engineering 74/A , Green Road, Farmgate, Dhaka - 1215, Bangladesh PABX:+8802-58157091-4, +8802-58157096 FAX:+8802-58157097 Email: headcse@uap-bd.edu",[],False,0,False,True,True,True,FACTUAL_TOKENS_SUPPORTED,,5.239221900000075,0.0,0.003755999999953019,5.2570418000000245,1999036416,2002898944,45944832,615587840,,False,False,True,True,1.0,False,False,False,True,True,True,True,True
4f1fc551eb13358ecf59,Q014,bangla,Admission Office-এর ইমেইল ঠিকানা কী?,Admission Office-এর ইমেইল ঠিকানা হলো admission@uap-bd.edu এবং registrar@uap-bd.edu।,Admission Office-এর ইমেইল ঠিকানা হলো admission@uap-bd.edu এবং registrar@uap-bd.edu।,11,DATASET_REFERENCE,SUPPORTED,DIRECT_STRUCTURED_SUPPORT,STRONG,,email,,,[],"[""admission@uap-bd.edu"", ""registrar@uap-bd.edu""]",[],True,True,,True,2,2,1,"[""bm25"", ""dense""]",1,False,False,False,False,NOT_REQUIRED,True,ANSWER_RETURNED,structured_exact,"প্রাসঙ্গিক email address হলো admission@uap-bd.edu, registrar@uap-bd.edu।",curricula_BSc-Curriculum-New.pdf,11,doc-4d373684ce4879ed066003f5-p000011-b0004-c0001,"Admission Office 74/A , Green Road , Farmgate, Dhaka - 1215, Bangladesh Telephone: +8802-9126812 PABX: +8802-58157091-4, +8802-58157096 (Ext - 0, 120) FAX:+8802-58157097 Email: admission@uap-bd.edu,, registrar@uap-bd.edu Department of Architecture 74/A , Green Road, Farmgate,Dhaka - 1215, Bangladesh PABX:+8802-58157091-4, +8802-58157096 FAX:+8802-58157097 Email: headarch@uap-bd.edu Department of Business Administration R H Center , House # 74/B/1 ,Green Road , Dhaka, Bangladesh Telephone: 9128716 PABX: +8802-58157091-4, +8802-58157096 (Ext - 121) Email: headba@uap-bd.edu Department of Civil Engineering 74/A , Green Road, Farmgate, Dhaka - 1215, Bangladesh PABX: +8802-58157091-4 FAX:+8802-58157097 Email: headce@uap-bd.edu Department of Computer S cience and Engineering 74/A , Green Road, Farmgate, Dhaka - 1215, Bangladesh PABX:+8802-58157091-4, +8802-58157096 FAX:+8802-58157097 Email: headcse@uap-bd.edu",[],False,0,False,True,True,True,FACTUAL_TOKENS_SUPPORTED,,0.31734270000004017,0.0,0.0007572000000664048,0.32784909999998035,2004983808,2009014272,562728960,816717824,,False,False,True,True,1.0,False,False,False,True,True,True,True,True
4f1fc551eb13358ecf59,Q014,banglish,Admission Office-er email address ki?,Admission Office-er email address holo admission@uap-bd.edu ebong registrar@uap-bd.edu.,Admission Office-er email address holo admission@uap-bd.edu ebong registrar@uap-bd.edu.,11,DATASET_REFERENCE,SUPPORTED,DIRECT_STRUCTURED_SUPPORT,STRONG,,email,,,[],"[""admission@uap-bd.edu"", ""registrar@uap-bd.edu""]",[],True,True,,True,3,3,1,"[""bm25"", ""dense""]",1,False,False,False,False,NOT_REQUIRED,True,ANSWER_RETURNED,structured_exact,"Relevant email address holo admission@uap-bd.edu, registrar@uap-bd.edu.",curricula_BSc-Curriculum-New.pdf,11,doc-4d373684ce4879ed066003f5-p000011-b0004-c0001,"Admission Office 74/A , Green Road , Farmgate, Dhaka - 1215, Bangladesh Telephone: +8802-9126812 PABX: +8802-58157091-4, +8802-58157096 (Ext - 0, 120) FAX:+8802-58157097 Email: admission@uap-bd.edu,, registrar@uap-bd.edu Department of Architecture 74/A , Green Road, Farmgate,Dhaka - 1215, Bangladesh PABX:+8802-58157091-4, +8802-58157096 FAX:+8802-58157097 Email: headarch@uap-bd.edu Department of Business Administration R H Center , House # 74/B/1 ,Green Road , Dhaka, Bangladesh Telephone: 9128716 PABX: +8802-58157091-4, +8802-58157096 (Ext - 121) Email: headba@uap-bd.edu Department of Civil Engineering 74/A , Green Road, Farmgate, Dhaka - 1215, Bangladesh PABX: +8802-58157091-4 FAX:+8802-58157097 Email: headce@uap-bd.edu Department of Computer S cience and Engineering 74/A , Green Road, Farmgate, Dhaka - 1215, Bangladesh PABX:+8802-58157091-4, +8802-58157096 FAX:+8802-58157097 Email: headcse@uap-bd.edu",[],False,0,False,True,True,True,FACTUAL_TOKENS_SUPPORTED,,0.26008020000006127,0.0,0.0007832000000007611,0.26673360000006596,2005032960,2009063424,604098560,816885760,,False,False,True,True,1.0,False,False,False,True,True,True,True,True
4f1fc551eb13358ecf59,Q016,english,How long is a regular semester?,A regular semester totals 18 weeks.,A regular semester totals 18 weeks.,17,DATASET_REFERENCE,GENERATION_REJECTED,GENERATION_GROUNDING_FAILURE,STRONG,,semester,regular_semester_duration,,[],[],[],True,True,,False,3,3,1,"[""bm25"", ""dense""]",1,False,False,False,False,REJECTED:GENERATION_GROUNDING_FAILURE,False,GENERATION_REJECTED,generation_rejected,"Relevant information was found, but I couldn't produce a reliable answer.",curricula_BSc-Curriculum-New.pdf,17,doc-4d373684ce4879ed066003f5-p000017-b0002-c0001,"Semester System There will be two semesters- Fall and Spring Semester in an academic year. In addition to these two regular semesters, there may be a short semester (Summer) in the intervening period between the e nd of Spring Semester and commencement of Fall Semester. Regular Semester",[],False,0,False,True,False,True,GENERATION_REJECTED,NO_SAFE_ANSWER_FROM_SUPPORTED_EVIDENCE,0.19842659999994794,0.0,0.0012441999999737163,0.20462820000000193,2005377024,2009407488,604704768,816885760,,False,False,True,True,1.0,False,False,False,True,True,True,True,True
4f1fc551eb13358ecf59,Q016,bangla,একটি নিয়মিত সেমিস্টারের মোট মেয়াদ কত?,একটি নিয়মিত সেমিস্টারের মোট মেয়াদ 18 সপ্তাহ।,একটি নিয়মিত সেমিস্টারের মোট মেয়াদ 18 সপ্তাহ।,17,DATASET_REFERENCE,RETRIEVAL_UNCERTAIN,RELATION_NOT_SUPPORTED,WEAK,,semester,regular_semester_duration,,[],[],[],True,True,False,,3,3,1,"[""dense""]",1,False,False,False,False,NOT_ATTEMPTED,False,RETRIEVAL_UNCERTAIN,supported,"সম্পর্কিত তথ্য পাওয়া গেছে, কিন্তু তা এই নির্দিষ্ট প্রশ্নের উত্তর কি না নিশ্চিত করা যায়নি।",curricula_BSc-Curriculum-New.pdf,17,doc-4d373684ce4879ed066003f5-p000017-b0002-c0001,"Semester System There will be two semesters- Fall and Spring Semester in an academic year. In addition to these two regular semesters, there may be a short semester (Summer) in the intervening period between the e nd of Spring Semester and commencement of Fall Semester. Regular Semester",[],False,0,False,True,True,,GENERATION_NOT_USED,,0.20888769999999113,0.0,0.0014184000000341257,0.2130777999999509,2005729280,2009812992,596287488,816885760,,False,False,True,True,1.0,False,False,False,True,True,True,True,True
4f1fc551eb13358ecf59,Q016,banglish,Ekta regular semester-er total duration koto?,Ekta regular semester total 18 weeks.,Ekta regular semester total 18 weeks.,17,DATASET_REFERENCE,GENERATION_REJECTED,GENERATION_SEMANTIC_FAILURE,STRONG,,semester,regular_semester_duration,,[],[],[],True,True,,False,3,3,1,"[""bm25"", ""dense""]",1,False,False,False,False,REJECTED:GENERATION_SEMANTIC_FAILURE,False,GENERATION_REJECTED,generation_rejected,"Relevant tothyo paoa geche, kintu reliable uttor toiri kora jayni.",curricula_BSc-Curriculum-New.pdf,17,doc-4d373684ce4879ed066003f5-p000017-b0002-c0001,"Semester System There will be two semesters- Fall and Spring Semester in an academic year. In addition to these two regular semesters, there may be a short semester (Summer) in the intervening period between the e nd of Spring Semester and commencement of Fall Semester. Regular Semester",[],False,0,False,True,False,True,GENERATION_REJECTED,SEMANTIC_CONTRACT_UNCERTAIN,0.25847729999998137,0.0,0.0006266999999979816,0.2644004999999652,2006245376,2010275840,588472320,816623616,,False,False,True,True,1.0,False,False,False,True,True,True,True,True
4f1fc551eb13358ecf59,Q018,english,How is one credit assigned for theoretical courses?,"For theoretical courses, one lecture per week per semester is equivalent to one credit.","For theoretical courses, one lecture per week per semester is equivalent to one credit.",17,DATASET_REFERENCE,SUPPORTED,DIRECT_STRUCTURED_SUPPORT,STRONG,,credits,,,[],[],[],True,True,,,2,2,1,"[""bm25"", ""dense""]",1,False,False,False,True,ACCEPTED,True,ANSWER_RETURNED,gguf_generation,One lecture per week per semester is equivalent to one credit for theoretical courses.,curricula_BSc-Curriculum-New.pdf,17,doc-4d373684ce4879ed066003f5-p000017-b0004-c0001,"Total 18 Weeks Course Pattern and Credit Structure The entire undergraduate program is c overed through a set of theoretical and laboratory courses, fieldwork, design and project/thesis work. Assignment of Credits: Theoretical Courses: One lecture per week per semester will be equivalent to one credit. Thus, a three (3) credit hour course wi ll have three (3) lectures per week throughout the semester. Laboratory/Field/Design/Project/Thesis Work: Credits for laboratory/field work or design work usually will be half of the class hours per week per semester. Credits are also assigned to project a nd thesis work taken by the students. The amount of credits assigned to each of these may vary from discipline to discipline. Type of Courses: Core Courses: In each discipline, a number of compulsory courses will be identified as core courses, which form the nucleus of the bachelor degree program. Optional Courses : Apart form the core courses, students will have to complete a number of courses, which are optional in nature. Hence students may have some choices in selecting courses from a specific group o r a number of courses.",[],True,1,False,True,True,True,FACTUAL_TOKENS_SUPPORTED,,0.24624720000008438,50.329014700000016,0.0005687999999963722,50.64207490000001,4532076544,4595048448,198737920,1886269440,,False,False,True,True,1.0,False,False,False,True,True,True,True,True
4f1fc551eb13358ecf59,Q018,bangla,থিওরেটিক্যাল কোর্সে এক ক্রেডিট কীভাবে নির্ধারিত হয়?,থিওরেটিক্যাল কোর্সে প্রতি সেমিস্টারে প্রতি সপ্তাহে এক লেকচার এক ক্রেডিটের সমান।,থিওরেটিক্যাল কোর্সে প্রতি সেমিস্টারে প্রতি সপ্তাহে এক লেকচার এক ক্রেডিটের সমান।,17,DATASET_REFERENCE,CONFLICTING_EVIDENCE,CONFLICTING_VALUES,WEAK,,credits,,,[],[],[],True,True,,,3,3,1,"[""dense""]",1,False,True,False,,NOT_ATTEMPTED,False,CONFLICTING_EVIDENCE,conflicting,বিশ্ববিদ্যালয়ের নথিতে এই বিষয়ে পরস্পরবিরোধী তথ্য রয়েছে।,curricula_BSc-Curriculum-New.pdf,17,doc-4d373684ce4879ed066003f5-p000017-b0004-c0001,"Total 18 Weeks Course Pattern and Credit Structure The entire undergraduate program is c overed through a set of theoretical and laboratory courses, fieldwork, design and project/thesis work. Assignment of Credits: Theoretical Courses: One lecture per week per semester will be equivalent to one credit. Thus, a three (3) credit hour course wi ll have three (3) lectures per week throughout the semester. Laboratory/Fiel…","[{""source"": ""curricula_BSc-Curriculum-New.pdf"", ""page"": 17, ""excerpt"": ""Total 18 Weeks Course Pattern and Credit Structure The entire undergraduate program is c overed through a set of theoretical and laboratory courses, fieldwork, design and project/thesis work. Assignment of Credits: Theoretical Courses: One lecture per week per semester will be equivalent to one credit. Thus, a three (3) credit hour course wi ll have three (3) lectures per week throughout the semester. Laboratory/Fiel…""}, {""source"": ""curricula_BSc-Curriculum-New.pdf"", ""page"": 81, ""excerpt"": ""Credits: 1.50 Prerequisite: None Laboratory work based on theory course.""}, {""source"": ""curricula_BSc-Curriculum-New.pdf"", ""page"": 63, ""excerpt"": ""Course Code: MTH 101 Course Title: Math I Credits: 3.00 Prerequisite: N/A Three dimensional geometry: Co-ordinates in three dimensions, direction cosines and direction ratios, planes, sphere, straight line and conicoids (basic definition and properties only). Concept of functions : Function, domain and range of a function, graphs of simple functions (exponential, logarithmic and trigonometric), inverse function, func…""}]",False,0,False,True,True,,GENERATION_NOT_USED,,4.460552300000018,0.0,0.00029119999999238644,4.46630469999991,3221073920,4721709056,109539328,1862696960,,False,False,True,True,1.0,False,False,False,True,True,True,True,False
4f1fc551eb13358ecf59,Q018,banglish,Theoretical course-e one credit kivabe assigned hoy?,Theoretical course-e per week per semester one lecture one credit-er equivalent.,Theoretical course-e per week per semester one lecture one credit-er equivalent.,17,DATASET_REFERENCE,CONFLICTING_EVIDENCE,CONFLICTING_VALUES,WEAK,,credits,,,[],[],[],True,True,,,3,3,1,"[""bm25"", ""dense""]",1,False,True,False,,NOT_ATTEMPTED,False,CONFLICTING_EVIDENCE,conflicting,University document-gulote ei bishoye conflicting tothyo ache.,curricula_BSc-Curriculum-New.pdf,17,doc-4d373684ce4879ed066003f5-p000017-b0004-c0001,"Total 18 Weeks Course Pattern and Credit Structure The entire undergraduate program is c overed through a set of theoretical and laboratory courses, fieldwork, design and project/thesis work. Assignment of Credits: Theoretical Courses: One lecture per week per semester will be equivalent to one credit. Thus, a three (3) credit hour course wi ll have three (3) lectures per week throughout the semester. Laboratory/Fiel…","[{""source"": ""curricula_BSc-Curriculum-New.pdf"", ""page"": 17, ""excerpt"": ""Total 18 Weeks Course Pattern and Credit Structure The entire undergraduate program is c overed through a set of theoretical and laboratory courses, fieldwork, design and project/thesis work. Assignment of Credits: Theoretical Courses: One lecture per week per semester will be equivalent to one credit. Thus, a three (3) credit hour course wi ll have three (3) lectures per week throughout the semester. Laboratory/Fiel…""}, {""source"": ""curricula_BSc-Curriculum-New.pdf"", ""page"": 63, ""excerpt"": ""Course Code: PHY 102 Course Title: Physics Lab Credits: 1.5 Prerequisite: None Lab work based on theory, assigned by the course teacher.""}, {""source"": ""curricula_BSc-Curriculum-New.pdf"", ""page"": 81, ""excerpt"": ""Course Code: CSE 316 Course Title: Peripheral &Interfacing Lab Credits: 1.50 Prerequisite: CSE 210, CSE 312 Assigned by Course teacher based on theory, CSE 315.""}]",False,0,False,True,True,,GENERATION_NOT_USED,,0.3813725999999633,0.0,0.0004960000001119624,0.39497369999992316,3175952384,4721709056,125108224,1858191360,,False,False,True,True,1.0,False,False,False,True,True,True,True,False
4f1fc551eb13358ecf59,Q020,english,What is the mark distribution for a theoretical course?,"The distribution is Assessment 30%, Mid Semester 20%, and Final Exam 50%.","The distribution is Assessment 30%, Mid Semester 20%, and Final Exam 50%.",18,DATASET_REFERENCE,SUPPORTED,DIRECT_RELATION_SUPPORT,STRONG,,assessment,mark_distribution,mark_distribution,"[""30%"", ""20%"", ""50%""]",[],[],True,True,True,True,2,2,1,"[""bm25"", ""dense""]",1,False,False,False,False,NOT_REQUIRED,True,ANSWER_RETURNED,semi_structured_relation,"The mark distribution is Assessment 30%, Mid Semester 20%, Final Exam 50%.",curricula_BSc-Curriculum-New.pdf,18,doc-4d373684ce4879ed066003f5-p000018-b0005-c0001,"Grading System The total performance of a student in a given course is based on a scheme of continuous assessments. For theoretical courses this continuous assessment is made through homework, assignments, attendance, quizzes etc., a mid semester and a semester final examina tion of three/two hours duration. The distribution of marks for a given course is as follows: Assessment 30% Mid Semester 20% Final Exam 50%",[],False,0,False,True,True,True,RELATION_EVIDENCE_VERIFIED,,0.3147605999999996,0.0,0.0010108999999829393,0.3212211999999681,3155513344,4721709056,130404352,1857417216,,False,False,True,True,1.0,False,False,False,True,True,True,True,True
4f1fc551eb13358ecf59,Q020,bangla,থিওরেটিক্যাল কোর্সে মার্কস বণ্টন কী?,"বণ্টন হলো Assessment 30%, Mid Semester 20%, এবং Final Exam 50%।","বণ্টন হলো Assessment 30%, Mid Semester 20%, এবং Final Exam 50%।",18,DATASET_REFERENCE,SUPPORTED,DIRECT_RELATION_SUPPORT,STRONG,,assessment,mark_distribution,mark_distribution,"[""30%"", ""20%"", ""50%""]",[],[],True,True,True,True,1,1,1,"[""bm25"", ""cross_lingual"", ""dense""]",3,True,False,False,False,NOT_REQUIRED,True,ANSWER_RETURNED,semi_structured_relation,"নম্বর বণ্টন হলো: মূল্যায়ন 30%, মধ্য সেমিস্টার 20%, চূড়ান্ত পরীক্ষা 50%।",curricula_BSc-Curriculum-New.pdf,18,doc-4d373684ce4879ed066003f5-p000018-b0005-c0001,"Grading System The total performance of a student in a given course is based on a scheme of continuous assessments. For theoretical courses this continuous assessment is made through homework, assignments, attendance, quizzes etc., a mid semester and a semester final examina tion of three/two hours duration. The distribution of marks for a given course is as follows: Assessment 30% Mid Semester 20% Final Exam 50%",[],False,0,False,True,True,True,RELATION_EVIDENCE_VERIFIED,,12.061825800000065,0.0,0.004009999999993852,12.103735899999947,5392048128,5624033280,288632832,2293530624,,False,False,False,True,0.3333333333333333,False,False,False,True,False,True,False,True
4f1fc551eb13358ecf59,Q020,banglish,Theoretical course-e marks distribution ki?,"Distribution holo Assessment 30%, Mid Semester 20%, ar Final Exam 50%.","Distribution holo Assessment 30%, Mid Semester 20%, ar Final Exam 50%.",18,DATASET_REFERENCE,SUPPORTED,DIRECT_RELATION_SUPPORT,STRONG,,assessment,mark_distribution,mark_distribution,"[""30%"", ""20%"", ""50%""]",[],[],True,True,True,True,2,2,1,"[""bm25"", ""dense""]",1,False,False,False,False,NOT_REQUIRED,True,ANSWER_RETURNED,semi_structured_relation,"Marks distribution holo: assessment 30%, mid semester 20%, final exam 50%.",curricula_BSc-Curriculum-New.pdf,18,doc-4d373684ce4879ed066003f5-p000018-b0005-c0001,"Grading System The total performance of a student in a given course is based on a scheme of continuous assessments. For theoretical courses this continuous assessment is made through homework, assignments, attendance, quizzes etc., a mid semester and a semester final examina tion of three/two hours duration. The distribution of marks for a given course is as follows: Assessment 30% Mid Semester 20% Final Exam 50%",[],False,0,False,True,True,True,RELATION_EVIDENCE_VERIFIED,,0.294860799999924,0.0,0.0005443000000013853,0.29925520000006145,5397598208,5624033280,313839616,2289729536,,False,False,True,True,1.0,False,False,False,True,True,True,True,True
4f1fc551eb13358ecf59,Q031,english,What percentage of total seats is reserved for children of Freedom Fighters?,3% of total seats are reserved for the children of Freedom Fighters.,3% of total seats are reserved for the children of Freedom Fighters.,22,DATASET_REFERENCE,GENERATION_REJECTED,GENERATION_GROUNDING_FAILURE,STRONG,,percentage,,,[],[],[],True,True,,False,3,3,1,"[""bm25"", ""dense""]",1,False,False,False,False,REJECTED:GENERATION_GROUNDING_FAILURE,False,GENERATION_REJECTED,generation_rejected,"Relevant information was found, but I couldn't produce a reliable answer.",curricula_BSc-Curriculum-New.pdf,22,doc-4d373684ce4879ed066003f5-p000022-b0008-c0001,Waiver Policy 3% of total seats are reserved for the children of Freedom Fighters and another 3% for meritorious but poor students from remote areas of Bangladesh. They will be offered full free education opportunity. 1. Top 3% students in each department will be offered 100% tuition waiver based on semester results. 2. Vice Chancellor‘s special tuition fee waiver will be offered in amount 10%-100% to poor but meritorious students. 3. 50% waiver for students with individual GP A of 5.00 in S.S.C and H.S.C. 4. 25% waiver for students with individual GPA of 4.50 in S.S.C and H.S.C.,[],False,0,False,True,False,True,GENERATION_REJECTED,NO_SAFE_ANSWER_FROM_SUPPORTED_EVIDENCE,0.27828489999990325,0.0,0.0009086000000024796,0.28967660000000706,5397024768,5624033280,304226304,2289475584,,False,False,True,True,1.0,False,False,False,True,True,True,True,True
4f1fc551eb13358ecf59,Q031,bangla,Freedom Fighters-এর সন্তানদের জন্য মোট আসনের কত শতাংশ সংরক্ষিত?,Freedom Fighters-এর সন্তানদের জন্য মোট আসনের 3% সংরক্ষিত।,Freedom Fighters-এর সন্তানদের জন্য মোট আসনের 3% সংরক্ষিত।,22,DATASET_REFERENCE,GENERATION_REJECTED,GENERATION_SEMANTIC_FAILURE,STRONG,,percentage,,,[],[],[],True,True,,False,1,1,1,"[""bm25"", ""dense""]",1,False,False,False,False,REJECTED:GENERATION_SEMANTIC_FAILURE,False,GENERATION_REJECTED,generation_rejected,"প্রাসঙ্গিক তথ্য পাওয়া গেছে, কিন্তু নির্ভরযোগ্য উত্তর তৈরি করা যায়নি।",curricula_BSc-Curriculum-New.pdf,22,doc-4d373684ce4879ed066003f5-p000022-b0008-c0001,Waiver Policy 3% of total seats are reserved for the children of Freedom Fighters and another 3% for meritorious but poor students from remote areas of Bangladesh. They will be offered full free education opportunity. 1. Top 3% students in each department will be offered 100% tuition waiver based on semester results. 2. Vice Chancellor‘s special tuition fee waiver will be offered in amount 10%-100% to poor but meritorious students. 3. 50% waiver for students with individual GP A of 5.00 in S.S.C and H.S.C. 4. 25% waiver for students with individual GPA of 4.50 in S.S.C and H.S.C.,[],False,0,False,True,False,True,GENERATION_REJECTED,SEMANTIC_CONTRACT_UNCERTAIN,0.30347759999995105,0.0,0.0007087999999839667,0.3129400999999916,5384044544,5624033280,304046080,2289475584,,False,False,True,True,1.0,False,False,False,True,True,True,True,True
4f1fc551eb13358ecf59,Q031,banglish,Freedom Fighters-er children-der jonno total seats-er koto percent reserved?,Freedom Fighters-er children-der jonno total seats-er 3% reserved.,Freedom Fighters-er children-der jonno total seats-er 3% reserved.,22,DATASET_REFERENCE,GENERATION_REJECTED,GENERATION_SEMANTIC_FAILURE,STRONG,,percentage,,,[],[],[],True,True,,False,1,1,1,"[""bm25"", ""dense""]",1,False,False,False,False,REJECTED:GENERATION_SEMANTIC_FAILURE,False,GENERATION_REJECTED,generation_rejected,"Relevant tothyo paoa geche, kintu reliable uttor toiri kora jayni.",curricula_BSc-Curriculum-New.pdf,22,doc-4d373684ce4879ed066003f5-p000022-b0008-c0001,Waiver Policy 3% of total seats are reserved for the children of Freedom Fighters and another 3% for meritorious but poor students from remote areas of Bangladesh. They will be offered full free education opportunity. 1. Top 3% students in each department will be offered 100% tuition waiver based on semester results. 2. Vice Chancellor‘s special tuition fee waiver will be offered in amount 10%-100% to poor but meritorious students. 3. 50% waiver for students with individual GP A of 5.00 in S.S.C and H.S.C. 4. 25% waiver for students with individual GPA of 4.50 in S.S.C and H.S.C.,[],False,0,False,True,False,True,GENERATION_REJECTED,SEMANTIC_CONTRACT_UNCERTAIN,0.31662229999994906,0.0,0.0006548000000066168,0.3229152999999769,5371019264,5624033280,305008640,2280984576,,False,False,True,True,1.0,False,False,False,True,True,True,True,True
4f1fc551eb13358ecf59,Q081,english,What prerequisite is listed for CSE 101 Introduction to Computer Science & Programming Methodology?,No prerequisite is listed for CSE 101 Introduction to Computer Science & Programming Methodology.,No prerequisite is listed for CSE 101 Introduction to Computer Science & Programming Methodology.,51,DATASET_REFERENCE,SUPPORTED,DIRECT_RELATION_SUPPORT,STRONG,cse 101,prerequisite,course_prerequisite,course_prerequisite,"[""Nil""]",[],[],True,True,True,True,3,2,1,"[""bm25"", ""dense"", ""metadata""]",1,False,False,False,False,NOT_REQUIRED,True,ANSWER_RETURNED,semi_structured_relation,The prerequisite for CSE 101 is none listed.,curricula_BSc-Curriculum-New.pdf,60,doc-4d373684ce4879ed066003f5-p000060-b0002-c0001,"Course Code: CSE 101 Course Title: Introduction to Computer Science & Programming Methodology Credits: 3.00 Prerequisite: None Introduction to computer science, what is computer, Fundamental parts of a computer, sto rage and memory management (RAM, ROM, Hard disk) system overview of a computer, I/O devices, software and hardware, basic knowledge of computer, Files and folders, Command prompt, Microsoft office, Shortcut command keys, web ideas, Number System: Binary, Decimal, Octal, Hexadecimal number system and their conversion. Introduction to structured programming, Flowchart: what is flowchart, expressions of flowchart, importance of flow chart. Pseudo code: pseudo code and expression of pseudo code. Algorithm: Algorithm writing, relationship among algorithm, pseudo code and flow chart, code to flowchart and vice versa conversion. Introduction to C program, Skeleton of C program, Compiler: overview of compiler, importance and functionality, output standard libr ary function as printf(), input standard library function as scanf(), Data types and Variable: different data types, variable types and their sizes, conversion among them, scope: global variable, local variable, static variable, auto variable . Operators: Types of operator in C, functionality of operators, increment – decrement operators, precedence of operators. Header files, library files, object files and their importance. Conditional Operators: if-else structure, switchcase structure, selection structure, statement and expression. Control Flow: for loop structure, while loop structure, do -while structure, sum of the series, co-ordinate geometry, design pattern using loop. Debugging: debug a sample program using compiler. Function: argument and parameter of a function, return types, inline declaration, forward declaration of a function. Macro: types of macro, sample macro program, macro as preprocessor, Course Code: CSE 101 Course Title: Introduction to Computer Science & Programming Credits: 3.00 Prerequisite: None series, co-ordinate geometry, design pattern using loop. Debugging: debug a sample program using compiler. Function: argument and parameter of a function, return types, inline declaration, forward declaration of a function. Macro: types of macro, sample macro program, macro as preprocessor, difference between macro and function, advantages and disadvantages of macro. Bitwise operator: introduction to bitwise operators, their functionality and truth table of basic and, or, xor, nor algebraic functions . Arrays: introduction to array, declaration and definition of an array, types of array, multidimensional array, size calculation of di fferent types of array, scanning array, programs using array, matrix multiplication using array, insertion, deletion, replacement, search from an array, advantages of array over variable. Scientific calculator using C program. References: 1. Teach yourself C by Herbert Schildt. Publisher: Osborne McGraw-Hill 2. C programming Language by Brian W. Kernighan, Dennis M. Ritchie Publisher: Prentice Hall",[],False,0,False,True,True,True,RELATION_EVIDENCE_VERIFIED,,0.48500699999999597,0.0,0.00307240000006459,0.5041117000000668,5357588480,5624033280,389648384,2281693184,,False,False,False,True,0.5,True,True,True,True,True,True,True,True
4f1fc551eb13358ecf59,Q081,bangla,CSE 101 Introduction to Computer Science & Programming Methodology কোর্সের prerequisite কী দেওয়া আছে?,CSE 101 Introduction to Computer Science & Programming Methodology কোর্সের জন্য কোনো prerequisite দেওয়া নেই।,CSE 101 Introduction to Computer Science & Programming Methodology কোর্সের জন্য কোনো prerequisite দেওয়া নেই।,51,DATASET_REFERENCE,SUPPORTED,DIRECT_RELATION_SUPPORT,STRONG,cse 101,prerequisite,course_prerequisite,course_prerequisite,"[""Nil""]",[],[],True,True,True,True,3,2,1,"[""bm25"", ""dense"", ""metadata""]",1,False,False,False,False,NOT_REQUIRED,True,ANSWER_RETURNED,semi_structured_relation,CSE 101 কোর্সের পূর্বশর্ত: none listed।,curricula_BSc-Curriculum-New.pdf,60,doc-4d373684ce4879ed066003f5-p000060-b0002-c0001,"Course Code: CSE 101 Course Title: Introduction to Computer Science & Programming Methodology Credits: 3.00 Prerequisite: None Introduction to computer science, what is computer, Fundamental parts of a computer, sto rage and memory management (RAM, ROM, Hard disk) system overview of a computer, I/O devices, software and hardware, basic knowledge of computer, Files and folders, Command prompt, Microsoft office, Shortcut command keys, web ideas, Number System: Binary, Decimal, Octal, Hexadecimal number system and their conversion. Introduction to structured programming, Flowchart: what is flowchart, expressions of flowchart, importance of flow chart. Pseudo code: pseudo code and expression of pseudo code. Algorithm: Algorithm writing, relationship among algorithm, pseudo code and flow chart, code to flowchart and vice versa conversion. Introduction to C program, Skeleton of C program, Compiler: overview of compiler, importance and functionality, output standard libr ary function as printf(), input standard library function as scanf(), Data types and Variable: different data types, variable types and their sizes, conversion among them, scope: global variable, local variable, static variable, auto variable . Operators: Types of operator in C, functionality of operators, increment – decrement operators, precedence of operators. Header files, library files, object files and their importance. Conditional Operators: if-else structure, switchcase structure, selection structure, statement and expression. Control Flow: for loop structure, while loop structure, do -while structure, sum of the series, co-ordinate geometry, design pattern using loop. Debugging: debug a sample program using compiler. Function: argument and parameter of a function, return types, inline declaration, forward declaration of a function. Macro: types of macro, sample macro program, macro as preprocessor, Course Code: CSE 101 Course Title: Introduction to Computer Science & Programming Credits: 3.00 Prerequisite: None series, co-ordinate geometry, design pattern using loop. Debugging: debug a sample program using compiler. Function: argument and parameter of a function, return types, inline declaration, forward declaration of a function. Macro: types of macro, sample macro program, macro as preprocessor, difference between macro and function, advantages and disadvantages of macro. Bitwise operator: introduction to bitwise operators, their functionality and truth table of basic and, or, xor, nor algebraic functions . Arrays: introduction to array, declaration and definition of an array, types of array, multidimensional array, size calculation of di fferent types of array, scanning array, programs using array, matrix multiplication using array, insertion, deletion, replacement, search from an array, advantages of array over variable. Scientific calculator using C program. References: 1. Teach yourself C by Herbert Schildt. Publisher: Osborne McGraw-Hill 2. C programming Language by Brian W. Kernighan, Dennis M. Ritchie Publisher: Prentice Hall",[],False,0,False,True,True,True,RELATION_EVIDENCE_VERIFIED,,0.2909942000000001,0.0,0.0006670999999869309,0.2998122000000194,5358071808,5624033280,401330176,2281693184,,False,False,True,True,1.0,True,True,True,True,True,True,True,True
4f1fc551eb13358ecf59,Q081,banglish,CSE 101 Introduction to Computer Science & Programming Methodology course-er prerequisite ki deya ache?,CSE 101 Introduction to Computer Science & Programming Methodology course-er jonno kono prerequisite deya nei.,CSE 101 Introduction to Computer Science & Programming Methodology course-er jonno kono prerequisite deya nei.,51,DATASET_REFERENCE,SUPPORTED,DIRECT_RELATION_SUPPORT,STRONG,cse 101,prerequisite,course_prerequisite,course_prerequisite,"[""Nil""]",[],[],True,True,True,True,3,2,1,"[""bm25"", ""dense"", ""metadata""]",1,False,False,False,False,NOT_REQUIRED,True,ANSWER_RETURNED,semi_structured_relation,CSE 101 course-er kono prerequisite deya nei.,curricula_BSc-Curriculum-New.pdf,60,doc-4d373684ce4879ed066003f5-p000060-b0002-c0001,"Course Code: CSE 101 Course Title: Introduction to Computer Science & Programming Methodology Credits: 3.00 Prerequisite: None Introduction to computer science, what is computer, Fundamental parts of a computer, sto rage and memory management (RAM, ROM, Hard disk) system overview of a computer, I/O devices, software and hardware, basic knowledge of computer, Files and folders, Command prompt, Microsoft office, Shortcut command keys, web ideas, Number System: Binary, Decimal, Octal, Hexadecimal number system and their conversion. Introduction to structured programming, Flowchart: what is flowchart, expressions of flowchart, importance of flow chart. Pseudo code: pseudo code and expression of pseudo code. Algorithm: Algorithm writing, relationship among algorithm, pseudo code and flow chart, code to flowchart and vice versa conversion. Introduction to C program, Skeleton of C program, Compiler: overview of compiler, importance and functionality, output standard libr ary function as printf(), input standard library function as scanf(), Data types and Variable: different data types, variable types and their sizes, conversion among them, scope: global variable, local variable, static variable, auto variable . Operators: Types of operator in C, functionality of operators, increment – decrement operators, precedence of operators. Header files, library files, object files and their importance. Conditional Operators: if-else structure, switchcase structure, selection structure, statement and expression. Control Flow: for loop structure, while loop structure, do -while structure, sum of the series, co-ordinate geometry, design pattern using loop. Debugging: debug a sample program using compiler. Function: argument and parameter of a function, return types, inline declaration, forward declaration of a function. Macro: types of macro, sample macro program, macro as preprocessor, Course Code: CSE 101 Course Title: Introduction to Computer Science & Programming Credits: 3.00 Prerequisite: None series, co-ordinate geometry, design pattern using loop. Debugging: debug a sample program using compiler. Function: argument and parameter of a function, return types, inline declaration, forward declaration of a function. Macro: types of macro, sample macro program, macro as preprocessor, difference between macro and function, advantages and disadvantages of macro. Bitwise operator: introduction to bitwise operators, their functionality and truth table of basic and, or, xor, nor algebraic functions . Arrays: introduction to array, declaration and definition of an array, types of array, multidimensional array, size calculation of di fferent types of array, scanning array, programs using array, matrix multiplication using array, insertion, deletion, replacement, search from an array, advantages of array over variable. Scientific calculator using C program. References: 1. Teach yourself C by Herbert Schildt. Publisher: Osborne McGraw-Hill 2. C programming Language by Brian W. Kernighan, Dennis M. Ritchie Publisher: Prentice Hall",[],False,0,False,True,True,True,RELATION_EVIDENCE_VERIFIED,,0.2797605000000658,0.0,0.0006184999999732099,0.2890002999999979,5357932544,5624033280,384036864,2281693184,,False,False,True,True,1.0,True,True,True,True,True,True,True,True
