question_id,language,question,reference_answer,answerability_status,answerability_reason,evidence_level,answer_strategy,final_answer,source,page,supporting_excerpt,grounding_status,semantic_status,language_status,correctness,relevance,groundedness,completeness,naturalness,semantic_consistency,overall_acceptability,review_notes
Q014,english,What is the admission office email address?,The admission office email addresses are admission@uap-bd.edu and registrar@uap-bd.edu.,SUPPORTED,DIRECT_STRUCTURED_SUPPORT,STRONG,structured_exact,"The email address is admission@uap-bd.edu, registrar@uap-bd.edu.",curricula_BSc-Curriculum-New.pdf,11,"Admission Office 74/A , Green Road , Farmgate, Dhaka - 1215, Bangladesh Telephone: +8802-9126812 PABX: +8802-58157091-4, +8802-58157096 (Ext - 0, 120) FAX:+8802-58157097 Email: admission@uap-bd.edu,, registrar@uap-bd.edu Department of Architecture 74/A , Green Road, Farmgate,Dhaka - 1215, Bangladesh PABX:+8802-58157091-4, +8802-58157096 FAX:+8802-58157097 Email: headarch@uap-bd.edu Department of Business Administration R H Center , House # 74/B/1 ,Green Road , Dhaka, Bangladesh Telephone: 9128716 PABX: +8802-58157091-4, +8802-58157096 (Ext - 121) Email: headba@uap-bd.edu Department of Civil Engineering 74/A , Green Road, Farmgate, Dhaka - 1215, Bangladesh PABX: +8802-58157091-4 FAX:+8802-58157097 Email: headce@uap-bd.edu Department of Computer S cience and Engineering 74/A , Green Road, Farmgate, Dhaka - 1215, Bangladesh PABX:+8802-58157091-4, +8802-58157096 FAX:+8802-58157097 Email: headcse@uap-bd.edu",PASS,PASS,PASS,,,,,,,,
Q016,english,How long is a regular semester?,A regular semester totals 18 weeks.,GENERATION_REJECTED,GENERATION_GROUNDING_FAILURE,STRONG,generation_rejected,"Relevant information was found, but I couldn't produce a reliable answer.",curricula_BSc-Curriculum-New.pdf,17,"Semester System There will be two semesters- Fall and Spring Semester in an academic year. In addition to these two regular semesters, there may be a short semester (Summer) in the intervening period between the e nd of Spring Semester and commencement of Fall Semester. Regular Semester",NOT_RETURNED,NOT_RETURNED,PASS,,,,,,,,
Q018,english,How is one credit assigned for theoretical courses?,"For theoretical courses, one lecture per week per semester is equivalent to one credit.",SUPPORTED,DIRECT_STRUCTURED_SUPPORT,STRONG,gguf_generation,One lecture per week per semester is equivalent to one credit for theoretical courses.,curricula_BSc-Curriculum-New.pdf,17,"Total 18 Weeks Course Pattern and Credit Structure The entire undergraduate program is c overed through a set of theoretical and laboratory courses, fieldwork, design and project/thesis work. Assignment of Credits: Theoretical Courses: One lecture per week per semester will be equivalent to one credit. Thus, a three (3) credit hour course wi ll have three (3) lectures per week throughout the semester. Laboratory/Field/Design/Project/Thesis Work: Credits for laboratory/field work or design work usually will be half of the class hours per week per semester. Credits are also assigned to project a nd thesis work taken by the students. The amount of credits assigned to each of these may vary from discipline to discipline. Type of Courses: Core Courses: In each discipline, a number of compulsory courses will be identified as core courses, which form the nucleus of the bachelor degree program. Optional Courses : Apart form the core courses, students will have to complete a number of courses, which are optional in nature. Hence students may have some choices in selecting courses from a specific group o r a number of courses.",PASS,PASS,PASS,,,,,,,,
Q020,english,What is the mark distribution for a theoretical course?,"The distribution is Assessment 30%, Mid Semester 20%, and Final Exam 50%.",SUPPORTED,DIRECT_RELATION_SUPPORT,STRONG,semi_structured_relation,"The mark distribution is Assessment 30%, Mid Semester 20%, Final Exam 50%.",curricula_BSc-Curriculum-New.pdf,18,"Grading System The total performance of a student in a given course is based on a scheme of continuous assessments. For theoretical courses this continuous assessment is made through homework, assignments, attendance, quizzes etc., a mid semester and a semester final examina tion of three/two hours duration. The distribution of marks for a given course is as follows: Assessment 30% Mid Semester 20% Final Exam 50%",PASS,PASS,PASS,,,,,,,,
Q031,english,What percentage of total seats is reserved for children of Freedom Fighters?,3% of total seats are reserved for the children of Freedom Fighters.,GENERATION_REJECTED,GENERATION_GROUNDING_FAILURE,STRONG,generation_rejected,"Relevant information was found, but I couldn't produce a reliable answer.",curricula_BSc-Curriculum-New.pdf,22,Waiver Policy 3% of total seats are reserved for the children of Freedom Fighters and another 3% for meritorious but poor students from remote areas of Bangladesh. They will be offered full free education opportunity. 1. Top 3% students in each department will be offered 100% tuition waiver based on semester results. 2. Vice Chancellor‘s special tuition fee waiver will be offered in amount 10%-100% to poor but meritorious students. 3. 50% waiver for students with individual GP A of 5.00 in S.S.C and H.S.C. 4. 25% waiver for students with individual GPA of 4.50 in S.S.C and H.S.C.,NOT_RETURNED,NOT_RETURNED,PASS,,,,,,,,
Q081,english,What prerequisite is listed for CSE 101 Introduction to Computer Science & Programming Methodology?,No prerequisite is listed for CSE 101 Introduction to Computer Science & Programming Methodology.,SUPPORTED,DIRECT_RELATION_SUPPORT,STRONG,semi_structured_relation,The prerequisite for CSE 101 is none listed.,curricula_BSc-Curriculum-New.pdf,60,"Course Code: CSE 101 Course Title: Introduction to Computer Science & Programming Methodology Credits: 3.00 Prerequisite: None Introduction to computer science, what is computer, Fundamental parts of a computer, sto rage and memory management (RAM, ROM, Hard disk) system overview of a computer, I/O devices, software and hardware, basic knowledge of computer, Files and folders, Command prompt, Microsoft office, Shortcut command keys, web ideas, Number System: Binary, Decimal, Octal, Hexadecimal number system and their conversion. Introduction to structured programming, Flowchart: what is flowchart, expressions of flowchart, importance of flow chart. Pseudo code: pseudo code and expression of pseudo code. Algorithm: Algorithm writing, relationship among algorithm, pseudo code and flow chart, code to flowchart and vice versa conversion. Introduction to C program, Skeleton of C program, Compiler: overview of compiler, importance and functionality, output standard libr ary function as printf(), input standard library function as scanf(), Data types and Variable: different data types, variable types and their sizes, conversion among them, scope: global variable, local variable, static variable, auto variable . Operators: Types of operator in C, functionality of operators, increment – decrement operators, precedence of operators. Header files, library files, object files and their importance. Conditional Operators: if-else structure, switchcase structure, selection structure, statement and expression. Control Flow: for loop structure, while loop structure, do -while structure, sum of the series, co-ordinate geometry, design pattern using loop. Debugging: debug a sample program using compiler. Function: argument and parameter of a function, return types, inline declaration, forward declaration of a function. Macro: types of macro, sample macro program, macro as preprocessor, Course Code: CSE 101 Course Title: Introduction to Computer Science & Programming Credits: 3.00 Prerequisite: None series, co-ordinate geometry, design pattern using loop. Debugging: debug a sample program using compiler. Function: argument and parameter of a function, return types, inline declaration, forward declaration of a function. Macro: types of macro, sample macro program, macro as preprocessor, difference between macro and function, advantages and disadvantages of macro. Bitwise operator: introduction to bitwise operators, their functionality and truth table of basic and, or, xor, nor algebraic functions . Arrays: introduction to array, declaration and definition of an array, types of array, multidimensional array, size calculation of di fferent types of array, scanning array, programs using array, matrix multiplication using array, insertion, deletion, replacement, search from an array, advantages of array over variable. Scientific calculator using C program. References: 1. Teach yourself C by Herbert Schildt. Publisher: Osborne McGraw-Hill 2. C programming Language by Brian W. Kernighan, Dennis M. Ritchie Publisher: Prentice Hall",PASS,PASS,PASS,,,,,,,,
Q009,english,What accreditation did the CSE Department receive from IEB?,The CSE Department received IEB accreditation for the BSc in CSE program starting from August 2014.,SUPPORTED,MULTIPLE_AGREEING_PASSAGES,STRONG,gguf_generation,The CSE Department received a Certificate of Accreditation from the Engineers Institution Bangladesh (IEB) for the BSc in CSE program starting from August 2014.,curricula_BSc-Curriculum-New.pdf,6,IEB Affiliation Department of CSE has received the Certificate of Accreditation from the Engineers Institution Bangladesh (IEB) for the BSc in CSE program starting from August 2014. This will enable the CSE students to enjoy the privileges offered by Engineers Institution Bangladesh (IEB) including membership.,PASS,PASS,PASS,,,,,,,,
Q047,english,How many credits is CHEM 112 Chemistry Lab?,CHEM 112 Chemistry Lab is a 1.50-credit course.,SUPPORTED,DIRECT_STRUCTURED_SUPPORT,STRONG,structured_exact,CHEM 112 carries 1.50 credits.,curricula_BSc-Curriculum-New.pdf,52,CHEM 112 Chemistry Lab 1.50 Nil Total 19.50 Second Year First Semester Course Code Course Title Credits Pre- Requisite,PASS,PASS,PASS,,,,,,,,
Q088,english,"What prerequisite is listed for MTH 101 Math I: Basic Calculus, Co-ordinate Geometry?","No prerequisite is listed for MTH 101 Math I: Basic Calculus, Co-ordinate Geometry.",CONFLICTING_EVIDENCE,CONFLICTING_VALUES,WEAK,conflicting,The university documents contain conflicting information about this.,curricula_BSc-Curriculum-New.pdf,51,"MTH 101 Math I: Basic Calcu lus, Coordinate Geometry 3.00 Nil Total 19.00",NOT_RETURNED,NOT_RETURNED,PASS,,,,,,,,
SYN-AMB,english,What is the credit?,,AMBIGUOUS_QUERY,AMBIGUOUS_ENTITY,NONE,ambiguous,"Which course, document, program, or policy do you mean?",,,,NOT_RETURNED,NOT_RETURNED,PASS,,,,,,,,
Q014,bangla,Admission Office-এর ইমেইল ঠিকানা কী?,Admission Office-এর ইমেইল ঠিকানা হলো admission@uap-bd.edu এবং registrar@uap-bd.edu।,SUPPORTED,DIRECT_STRUCTURED_SUPPORT,STRONG,structured_exact,"প্রাসঙ্গিক email address হলো admission@uap-bd.edu, registrar@uap-bd.edu।",curricula_BSc-Curriculum-New.pdf,11,"Admission Office 74/A , Green Road , Farmgate, Dhaka - 1215, Bangladesh Telephone: +8802-9126812 PABX: +8802-58157091-4, +8802-58157096 (Ext - 0, 120) FAX:+8802-58157097 Email: admission@uap-bd.edu,, registrar@uap-bd.edu Department of Architecture 74/A , Green Road, Farmgate,Dhaka - 1215, Bangladesh PABX:+8802-58157091-4, +8802-58157096 FAX:+8802-58157097 Email: headarch@uap-bd.edu Department of Business Administration R H Center , House # 74/B/1 ,Green Road , Dhaka, Bangladesh Telephone: 9128716 PABX: +8802-58157091-4, +8802-58157096 (Ext - 121) Email: headba@uap-bd.edu Department of Civil Engineering 74/A , Green Road, Farmgate, Dhaka - 1215, Bangladesh PABX: +8802-58157091-4 FAX:+8802-58157097 Email: headce@uap-bd.edu Department of Computer S cience and Engineering 74/A , Green Road, Farmgate, Dhaka - 1215, Bangladesh PABX:+8802-58157091-4, +8802-58157096 FAX:+8802-58157097 Email: headcse@uap-bd.edu",PASS,PASS,PASS,,,,,,,,
Q016,bangla,একটি নিয়মিত সেমিস্টারের মোট মেয়াদ কত?,একটি নিয়মিত সেমিস্টারের মোট মেয়াদ 18 সপ্তাহ।,RETRIEVAL_UNCERTAIN,RELATION_NOT_SUPPORTED,WEAK,supported,"সম্পর্কিত তথ্য পাওয়া গেছে, কিন্তু তা এই নির্দিষ্ট প্রশ্নের উত্তর কি না নিশ্চিত করা যায়নি।",curricula_BSc-Curriculum-New.pdf,17,"Semester System There will be two semesters- Fall and Spring Semester in an academic year. In addition to these two regular semesters, there may be a short semester (Summer) in the intervening period between the e nd of Spring Semester and commencement of Fall Semester. Regular Semester",NOT_RETURNED,NOT_RETURNED,PASS,,,,,,,,
Q018,bangla,থিওরেটিক্যাল কোর্সে এক ক্রেডিট কীভাবে নির্ধারিত হয়?,থিওরেটিক্যাল কোর্সে প্রতি সেমিস্টারে প্রতি সপ্তাহে এক লেকচার এক ক্রেডিটের সমান।,CONFLICTING_EVIDENCE,CONFLICTING_VALUES,WEAK,conflicting,বিশ্ববিদ্যালয়ের নথিতে এই বিষয়ে পরস্পরবিরোধী তথ্য রয়েছে।,curricula_BSc-Curriculum-New.pdf,17,"Total 18 Weeks Course Pattern and Credit Structure The entire undergraduate program is c overed through a set of theoretical and laboratory courses, fieldwork, design and project/thesis work. Assignment of Credits: Theoretical Courses: One lecture per week per semester will be equivalent to one credit. Thus, a three (3) credit hour course wi ll have three (3) lectures per week throughout the semester. Laboratory/Fiel…",NOT_RETURNED,NOT_RETURNED,PASS,,,,,,,,
Q020,bangla,থিওরেটিক্যাল কোর্সে মার্কস বণ্টন কী?,"বণ্টন হলো Assessment 30%, Mid Semester 20%, এবং Final Exam 50%।",SUPPORTED,DIRECT_RELATION_SUPPORT,STRONG,semi_structured_relation,"নম্বর বণ্টন হলো: মূল্যায়ন 30%, মধ্য সেমিস্টার 20%, চূড়ান্ত পরীক্ষা 50%।",curricula_BSc-Curriculum-New.pdf,18,"Grading System The total performance of a student in a given course is based on a scheme of continuous assessments. For theoretical courses this continuous assessment is made through homework, assignments, attendance, quizzes etc., a mid semester and a semester final examina tion of three/two hours duration. The distribution of marks for a given course is as follows: Assessment 30% Mid Semester 20% Final Exam 50%",PASS,PASS,PASS,,,,,,,,
Q031,bangla,Freedom Fighters-এর সন্তানদের জন্য মোট আসনের কত শতাংশ সংরক্ষিত?,Freedom Fighters-এর সন্তানদের জন্য মোট আসনের 3% সংরক্ষিত।,GENERATION_REJECTED,GENERATION_SEMANTIC_FAILURE,STRONG,generation_rejected,"প্রাসঙ্গিক তথ্য পাওয়া গেছে, কিন্তু নির্ভরযোগ্য উত্তর তৈরি করা যায়নি।",curricula_BSc-Curriculum-New.pdf,22,Waiver Policy 3% of total seats are reserved for the children of Freedom Fighters and another 3% for meritorious but poor students from remote areas of Bangladesh. They will be offered full free education opportunity. 1. Top 3% students in each department will be offered 100% tuition waiver based on semester results. 2. Vice Chancellor‘s special tuition fee waiver will be offered in amount 10%-100% to poor but meritorious students. 3. 50% waiver for students with individual GP A of 5.00 in S.S.C and H.S.C. 4. 25% waiver for students with individual GPA of 4.50 in S.S.C and H.S.C.,NOT_RETURNED,NOT_RETURNED,PASS,,,,,,,,
Q081,bangla,CSE 101 Introduction to Computer Science & Programming Methodology কোর্সের prerequisite কী দেওয়া আছে?,CSE 101 Introduction to Computer Science & Programming Methodology কোর্সের জন্য কোনো prerequisite দেওয়া নেই।,SUPPORTED,DIRECT_RELATION_SUPPORT,STRONG,semi_structured_relation,CSE 101 কোর্সের পূর্বশর্ত: none listed।,curricula_BSc-Curriculum-New.pdf,60,"Course Code: CSE 101 Course Title: Introduction to Computer Science & Programming Methodology Credits: 3.00 Prerequisite: None Introduction to computer science, what is computer, Fundamental parts of a computer, sto rage and memory management (RAM, ROM, Hard disk) system overview of a computer, I/O devices, software and hardware, basic knowledge of computer, Files and folders, Command prompt, Microsoft office, Shortcut command keys, web ideas, Number System: Binary, Decimal, Octal, Hexadecimal number system and their conversion. Introduction to structured programming, Flowchart: what is flowchart, expressions of flowchart, importance of flow chart. Pseudo code: pseudo code and expression of pseudo code. Algorithm: Algorithm writing, relationship among algorithm, pseudo code and flow chart, code to flowchart and vice versa conversion. Introduction to C program, Skeleton of C program, Compiler: overview of compiler, importance and functionality, output standard libr ary function as printf(), input standard library function as scanf(), Data types and Variable: different data types, variable types and their sizes, conversion among them, scope: global variable, local variable, static variable, auto variable . Operators: Types of operator in C, functionality of operators, increment – decrement operators, precedence of operators. Header files, library files, object files and their importance. Conditional Operators: if-else structure, switchcase structure, selection structure, statement and expression. Control Flow: for loop structure, while loop structure, do -while structure, sum of the series, co-ordinate geometry, design pattern using loop. Debugging: debug a sample program using compiler. Function: argument and parameter of a function, return types, inline declaration, forward declaration of a function. Macro: types of macro, sample macro program, macro as preprocessor, Course Code: CSE 101 Course Title: Introduction to Computer Science & Programming Credits: 3.00 Prerequisite: None series, co-ordinate geometry, design pattern using loop. Debugging: debug a sample program using compiler. Function: argument and parameter of a function, return types, inline declaration, forward declaration of a function. Macro: types of macro, sample macro program, macro as preprocessor, difference between macro and function, advantages and disadvantages of macro. Bitwise operator: introduction to bitwise operators, their functionality and truth table of basic and, or, xor, nor algebraic functions . Arrays: introduction to array, declaration and definition of an array, types of array, multidimensional array, size calculation of di fferent types of array, scanning array, programs using array, matrix multiplication using array, insertion, deletion, replacement, search from an array, advantages of array over variable. Scientific calculator using C program. References: 1. Teach yourself C by Herbert Schildt. Publisher: Osborne McGraw-Hill 2. C programming Language by Brian W. Kernighan, Dennis M. Ritchie Publisher: Prentice Hall",PASS,PASS,PASS,,,,,,,,
Q009,bangla,CSE Department IEB থেকে কী স্বীকৃতি পেয়েছে?,CSE Department August 2014 থেকে BSc in CSE প্রোগ্রামের জন্য IEB accreditation পেয়েছে।,SUPPORTED,MULTIPLE_AGREEING_PASSAGES,STRONG,gguf_generation,CSE Department BSc in CSE program starting from August 2014-এর জন্য Engineers Institution Bangladesh (IEB) থেকে Certificate of Accreditation পেয়েছে।,curricula_BSc-Curriculum-New.pdf,6,IEB Affiliation Department of CSE has received the Certificate of Accreditation from the Engineers Institution Bangladesh (IEB) for the BSc in CSE program starting from August 2014. This will enable the CSE students to enjoy the privileges offered by Engineers Institution Bangladesh (IEB) including membership.,PASS,PASS,PASS,,,,,,,,
Q007,bangla,UAP শুরুতে কোন দুইটি ব্যাচেলর ডিগ্রি প্রোগ্রাম অফার করেছিল?,UAP শুরুতে Computer Science & Technology এবং Business Administration-এ চার বছরের ব্যাচেলর ডিগ্রি প্রোগ্রাম অফার করেছিল।,SUPPORTED,DIRECT_RELATION_SUPPORT,STRONG,semi_structured_relation,UAP শুরুতে Computer Science & Technology এবং Business Administration—এই দুইটি ব্যাচেলর ডিগ্রি প্রোগ্রাম চালু করেছিল।,curricula_BSc-Curriculum-New.pdf,8,"1. Introduction University of Asia Pacific (UAP) was established in 1996 with a vision to enhance the opportunities for higher education in Bangladesh. The University, under the Private University Act 1992, started its operation in 1996 by offering four -year Bachelor Degree Programs in Computer Science & Technology and Business Administration only. Now UAP offers undergraduate programs in nine disciplines and post-graduate programs in eight disciplines. Its curriculum has been approved by the University Grants Commission of the Government of the People's Republic of Bangladesh. UAP is sponsored by University of Asia Pacific Foundation, a non -profitable, non-commercial organization based in Dhaka, Bangladesh. The Foundation has been established in 1995 by a group of eminent educationalists, Industrialists and administrators who share the same vision and social commitments to promote improve and innovative educational opportunities to the society. UAP is the pr oject of such noble goals. Mr. Qayum Reza Chowdhury is the current Chairperson of this foundation.",PASS,PASS,PASS,,,,,,,,
Q088,bangla,"MTH 101 Math I: Basic Calculus, Co-ordinate Geometry কোর্সের prerequisite কী দেওয়া আছে?","MTH 101 Math I: Basic Calculus, Co-ordinate Geometry কোর্সের জন্য কোনো prerequisite দেওয়া নেই।",CONFLICTING_EVIDENCE,CONFLICTING_VALUES,WEAK,conflicting,বিশ্ববিদ্যালয়ের নথিতে এই বিষয়ে পরস্পরবিরোধী তথ্য রয়েছে।,curricula_BSc-Curriculum-New.pdf,63,"Course Code: MTH 101 Course Title: Math I Credits: 3.00 Prerequisite: N/A Three dimensional geometry: Co-ordinates in three dimensions, direction cosines and direction ratios, planes, sphere, straight line and conicoids (basic definition and properties only). Concept of functions : Function, domain and range of a function, graphs of simple functions (exponential, logarithmic and trigonometric), inverse function, func…",NOT_RETURNED,NOT_RETURNED,PASS,,,,,,,,
SYN-AMB,bangla,ক্রেডিট কত?,,AMBIGUOUS_QUERY,AMBIGUOUS_ENTITY,NONE,ambiguous,"আপনি কোন কোর্স, নথি, প্রোগ্রাম বা নীতির কথা বলছেন?",,,,NOT_RETURNED,NOT_RETURNED,PASS,,,,,,,,
Q014,banglish,Admission Office-er email address ki?,Admission Office-er email address holo admission@uap-bd.edu ebong registrar@uap-bd.edu.,SUPPORTED,DIRECT_STRUCTURED_SUPPORT,STRONG,structured_exact,"Relevant email address holo admission@uap-bd.edu, registrar@uap-bd.edu.",curricula_BSc-Curriculum-New.pdf,11,"Admission Office 74/A , Green Road , Farmgate, Dhaka - 1215, Bangladesh Telephone: +8802-9126812 PABX: +8802-58157091-4, +8802-58157096 (Ext - 0, 120) FAX:+8802-58157097 Email: admission@uap-bd.edu,, registrar@uap-bd.edu Department of Architecture 74/A , Green Road, Farmgate,Dhaka - 1215, Bangladesh PABX:+8802-58157091-4, +8802-58157096 FAX:+8802-58157097 Email: headarch@uap-bd.edu Department of Business Administration R H Center , House # 74/B/1 ,Green Road , Dhaka, Bangladesh Telephone: 9128716 PABX: +8802-58157091-4, +8802-58157096 (Ext - 121) Email: headba@uap-bd.edu Department of Civil Engineering 74/A , Green Road, Farmgate, Dhaka - 1215, Bangladesh PABX: +8802-58157091-4 FAX:+8802-58157097 Email: headce@uap-bd.edu Department of Computer S cience and Engineering 74/A , Green Road, Farmgate, Dhaka - 1215, Bangladesh PABX:+8802-58157091-4, +8802-58157096 FAX:+8802-58157097 Email: headcse@uap-bd.edu",PASS,PASS,PASS,,,,,,,,
Q016,banglish,Ekta regular semester-er total duration koto?,Ekta regular semester total 18 weeks.,GENERATION_REJECTED,GENERATION_SEMANTIC_FAILURE,STRONG,generation_rejected,"Relevant tothyo paoa geche, kintu reliable uttor toiri kora jayni.",curricula_BSc-Curriculum-New.pdf,17,"Semester System There will be two semesters- Fall and Spring Semester in an academic year. In addition to these two regular semesters, there may be a short semester (Summer) in the intervening period between the e nd of Spring Semester and commencement of Fall Semester. Regular Semester",NOT_RETURNED,NOT_RETURNED,PASS,,,,,,,,
Q018,banglish,Theoretical course-e one credit kivabe assigned hoy?,Theoretical course-e per week per semester one lecture one credit-er equivalent.,CONFLICTING_EVIDENCE,CONFLICTING_VALUES,WEAK,conflicting,University document-gulote ei bishoye conflicting tothyo ache.,curricula_BSc-Curriculum-New.pdf,17,"Total 18 Weeks Course Pattern and Credit Structure The entire undergraduate program is c overed through a set of theoretical and laboratory courses, fieldwork, design and project/thesis work. Assignment of Credits: Theoretical Courses: One lecture per week per semester will be equivalent to one credit. Thus, a three (3) credit hour course wi ll have three (3) lectures per week throughout the semester. Laboratory/Fiel…",NOT_RETURNED,NOT_RETURNED,PASS,,,,,,,,
Q020,banglish,Theoretical course-e marks distribution ki?,"Distribution holo Assessment 30%, Mid Semester 20%, ar Final Exam 50%.",SUPPORTED,DIRECT_RELATION_SUPPORT,STRONG,semi_structured_relation,"Marks distribution holo: assessment 30%, mid semester 20%, final exam 50%.",curricula_BSc-Curriculum-New.pdf,18,"Grading System The total performance of a student in a given course is based on a scheme of continuous assessments. For theoretical courses this continuous assessment is made through homework, assignments, attendance, quizzes etc., a mid semester and a semester final examina tion of three/two hours duration. The distribution of marks for a given course is as follows: Assessment 30% Mid Semester 20% Final Exam 50%",PASS,PASS,PASS,,,,,,,,
Q031,banglish,Freedom Fighters-er children-der jonno total seats-er koto percent reserved?,Freedom Fighters-er children-der jonno total seats-er 3% reserved.,GENERATION_REJECTED,GENERATION_SEMANTIC_FAILURE,STRONG,generation_rejected,"Relevant tothyo paoa geche, kintu reliable uttor toiri kora jayni.",curricula_BSc-Curriculum-New.pdf,22,Waiver Policy 3% of total seats are reserved for the children of Freedom Fighters and another 3% for meritorious but poor students from remote areas of Bangladesh. They will be offered full free education opportunity. 1. Top 3% students in each department will be offered 100% tuition waiver based on semester results. 2. Vice Chancellor‘s special tuition fee waiver will be offered in amount 10%-100% to poor but meritorious students. 3. 50% waiver for students with individual GP A of 5.00 in S.S.C and H.S.C. 4. 25% waiver for students with individual GPA of 4.50 in S.S.C and H.S.C.,NOT_RETURNED,NOT_RETURNED,PASS,,,,,,,,
Q081,banglish,CSE 101 Introduction to Computer Science & Programming Methodology course-er prerequisite ki deya ache?,CSE 101 Introduction to Computer Science & Programming Methodology course-er jonno kono prerequisite deya nei.,SUPPORTED,DIRECT_RELATION_SUPPORT,STRONG,semi_structured_relation,CSE 101 course-er kono prerequisite deya nei.,curricula_BSc-Curriculum-New.pdf,60,"Course Code: CSE 101 Course Title: Introduction to Computer Science & Programming Methodology Credits: 3.00 Prerequisite: None Introduction to computer science, what is computer, Fundamental parts of a computer, sto rage and memory management (RAM, ROM, Hard disk) system overview of a computer, I/O devices, software and hardware, basic knowledge of computer, Files and folders, Command prompt, Microsoft office, Shortcut command keys, web ideas, Number System: Binary, Decimal, Octal, Hexadecimal number system and their conversion. Introduction to structured programming, Flowchart: what is flowchart, expressions of flowchart, importance of flow chart. Pseudo code: pseudo code and expression of pseudo code. Algorithm: Algorithm writing, relationship among algorithm, pseudo code and flow chart, code to flowchart and vice versa conversion. Introduction to C program, Skeleton of C program, Compiler: overview of compiler, importance and functionality, output standard libr ary function as printf(), input standard library function as scanf(), Data types and Variable: different data types, variable types and their sizes, conversion among them, scope: global variable, local variable, static variable, auto variable . Operators: Types of operator in C, functionality of operators, increment – decrement operators, precedence of operators. Header files, library files, object files and their importance. Conditional Operators: if-else structure, switchcase structure, selection structure, statement and expression. Control Flow: for loop structure, while loop structure, do -while structure, sum of the series, co-ordinate geometry, design pattern using loop. Debugging: debug a sample program using compiler. Function: argument and parameter of a function, return types, inline declaration, forward declaration of a function. Macro: types of macro, sample macro program, macro as preprocessor, Course Code: CSE 101 Course Title: Introduction to Computer Science & Programming Credits: 3.00 Prerequisite: None series, co-ordinate geometry, design pattern using loop. Debugging: debug a sample program using compiler. Function: argument and parameter of a function, return types, inline declaration, forward declaration of a function. Macro: types of macro, sample macro program, macro as preprocessor, difference between macro and function, advantages and disadvantages of macro. Bitwise operator: introduction to bitwise operators, their functionality and truth table of basic and, or, xor, nor algebraic functions . Arrays: introduction to array, declaration and definition of an array, types of array, multidimensional array, size calculation of di fferent types of array, scanning array, programs using array, matrix multiplication using array, insertion, deletion, replacement, search from an array, advantages of array over variable. Scientific calculator using C program. References: 1. Teach yourself C by Herbert Schildt. Publisher: Osborne McGraw-Hill 2. C programming Language by Brian W. Kernighan, Dennis M. Ritchie Publisher: Prentice Hall",PASS,PASS,PASS,,,,,,,,
Q009,banglish,CSE Department IEB theke ki accreditation peyechhe?,CSE Department August 2014 theke BSc in CSE program-er jonno IEB accreditation peyechhe.,SUPPORTED,MULTIPLE_AGREEING_PASSAGES,STRONG,gguf_generation,Department of CSE BSc in CSE program starting from August 2014-er jonno Engineers Institution Bangladesh (IEB) theke Certificate of Accreditation peyechhe.,curricula_BSc-Curriculum-New.pdf,6,IEB Affiliation Department of CSE has received the Certificate of Accreditation from the Engineers Institution Bangladesh (IEB) for the BSc in CSE program starting from August 2014. This will enable the CSE students to enjoy the privileges offered by Engineers Institution Bangladesh (IEB) including membership.,PASS,PASS,PASS,,,,,,,,
Q023,banglish,Final exam-e boshte koto attendance dorkar?,Final exam-e boshte prottek course-e held classes-er at least 70% attendance dorkar.,SUPPORTED,DIRECT_RELATION_SUPPORT,STRONG,semi_structured_relation,Final exam-e boshte protiti course-e kompakhe 70% class-e attend korte hobe.,curricula_BSc-Curriculum-New.pdf,20,Attendance All students are expected to attend classes regularly. The University of Asia Pacific believes that regular attendance is essential for effective learning. A student is required to attend at least 70% of all the classes held in every course in order to sit for the final examination.,PASS,PASS,PASS,,,,,,,,
Q088,banglish,"MTH 101 Math I: Basic Calculus, Co-ordinate Geometry course-er prerequisite ki deya ache?","MTH 101 Math I: Basic Calculus, Co-ordinate Geometry course-er jonno kono prerequisite deya nei.",CONFLICTING_EVIDENCE,CONFLICTING_VALUES,WEAK,conflicting,University document-gulote ei bishoye conflicting tothyo ache.,curricula_BSc-Curriculum-New.pdf,51,"MTH 101 Math I: Basic Calcu lus, Coordinate Geometry 3.00 Nil Total 19.00",NOT_RETURNED,NOT_RETURNED,PASS,,,,,,,,
SYN-AMB,banglish,Credit koto?,,AMBIGUOUS_QUERY,AMBIGUOUS_ENTITY,NONE,ambiguous,"Apni kon course, document, program, ba policy-r kotha bolchen?",,,,NOT_RETURNED,NOT_RETURNED,PASS,,,,,,,,
