language,question,reference,supporting_evidence,canonical_answer,final_answer,status,correctness,relevance,groundedness,completeness,naturalness,semantic_consistency,overall_acceptability,review_notes
bangla,আন্ডারগ্র্যাজুয়েট প্রসপেক্টাসটির শিরোনাম কী?,শিরোনামটি হলো UAP-এর Department of Computer Science & Engineering-এর Prospectus (Undergraduate Program) 2017-18।,,,"নির্ভরযোগ্যভাবে উত্তর দেওয়ার জন্য অনুগ্রহ করে কোন কোর্স, প্রোগ্রাম, নীতি বা বিষয় বোঝাচ্ছেন তা নির্দিষ্ট করুন।",AMBIGUOUS,,,,,,,,
english,Who published the prospectus?,"The prospectus was published by the Department of Computer Science & Engineering, University of Asia Pacific.","Published by Department of Computer Science & Engineering University of Asia Pacific 74/A, Green Road, Dhaka-1215 Edition 13th Edition, July 2017 Address of Correspondence",The prospectus was published by the Department of Computer Science & Engineering University of Asia Pacific.,The prospectus was published by the Department of Computer Science & Engineering University of Asia Pacific.,ANSWER_RETURNED,,,,,,,,
bangla,প্রসপেক্টাসটি কে প্রকাশ করেছে?,প্রসপেক্টাসটি University of Asia Pacific-এর Department of Computer Science & Engineering প্রকাশ করেছে।,"4. E. Swokpwski, Calculus, Boston, USA: PWS Publisher.",The publication was not specified in the given evidence.,"প্রাসঙ্গিক তথ্য বিশ্ববিদ্যালয়ের নথিতে পাওয়া গেছে, কিন্তু এই মুহূর্তে আমি সেটির একটি নির্ভরযোগ্য বাংলা উত্তর তৈরি করতে পারিনি।",GENERATION_REJECTED,,,,,,,,
banglish,Prospectus-ta ke publish koreche?,Prospectus-ta University of Asia Pacific-er Department of Computer Science & Engineering publish koreche.,…onals who can make positive contribution in the development of this country. Most of the faculty members and students of UAP are engaged to publish their researches at IJCIT.,The faculty members and students of UAP are engaged to publish their research at IJCIT.,"Relevant information university document-e paoa geche, kintu ei muhurte ami eta reliable Banglish-e present korte parini.",GENERATION_REJECTED,,,,,,,,
bangla,প্রসপেক্টাসে কোন সংস্করণ ও তারিখ দেওয়া আছে?,"প্রসপেক্টাসটি 13th Edition, July 2017।",,,প্রদত্ত বিশ্ববিদ্যালয়ের নথিতে নির্ভরযোগ্যভাবে উত্তর দেওয়ার মতো পর্যাপ্ত তথ্য পাওয়া যায়নি।,INSUFFICIENT_EVIDENCE,,,,,,,,
bangla,CSE Head-এর সঙ্গে যোগাযোগের জন্য কোন ইমেইল দেওয়া আছে?,CSE Head-এর যোগাযোগের ইমেইল হলো headcse@uap-bd.edu।,Head Department of Computer Science & Engineering University of Asia Pacific Phone: +(880-2) 9127226 E-mail: headcse@uap-bd.edu,,প্রাসঙ্গিক email address হলো headcse@uap-bd.edu।,ANSWER_RETURNED,,,,,,,,
english,What does the disclaimer say about the prospectus information?,"The information in the prospectus is subject to change at the discretion of the Department of CSE, UAP.","Disclaimer The information contained in this prospectus is subject to change at the discretion of the Department of Computer Science & Engineering, UAP.","The information contained in this prospectus is subject to change at the discretion of the Department of Computer Science & Engineering, UAP.","The information contained in this prospectus is subject to change at the discretion of the Department of Computer Science & Engineering, UAP.",ANSWER_RETURNED,,,,,,,,
bangla,প্রসপেক্টাসের তথ্য সম্পর্কে ডিসক্লেইমারে কী বলা হয়েছে?,"প্রসপেক্টাসের তথ্য Department of CSE, UAP-এর বিবেচনায় পরিবর্তনযোগ্য।",,,প্রদত্ত বিশ্ববিদ্যালয়ের নথিতে নির্ভরযোগ্যভাবে উত্তর দেওয়ার মতো পর্যাপ্ত তথ্য পাওয়া যায়নি।,INSUFFICIENT_EVIDENCE,,,,,,,,
banglish,Prospectus-er information niye disclaimer-e ki bola hoyeche?,"Prospectus-er information Department of CSE, UAP-er discretion-e change hote pare.","Disclaimer The information contained in this prospectus is subject to change at the discretion of the Department of Computer Science & Engineering, UAP.","The information contained in this prospectus is subject to change at the discretion of the Department of Computer Science & Engineering, UAP.","Relevant information university document-e paoa geche, kintu ei muhurte ami eta reliable Banglish-e present korte parini.",GENERATION_REJECTED,,,,,,,,
banglish,UAP kobe established hoy?,UAP 1996 shale established hoy.,"1. Introduction University of Asia Pacific (UAP) was established in 1996 with a vision to enhance the opportunities for higher education in Bangladesh. The University, under the Private University Act 1992, started its operation in 1996 by offering four -year Bachelor Degree Programs in Computer Science & Technology and Business Administration only. Now UAP offers undergraduate programs in nine disciplines and post-g…",The University of Asia Pacific (UAP) was established in 1996.,University of Asia Pacific (UAP) 1996-e establish hoyechilo.,ANSWER_RETURNED,,,,,,,,
english,Which two bachelor degree programs did UAP initially offer?,UAP initially offered four-year bachelor degree programs in Computer Science & Engineering and Business Administration.,"1. Introduction University of Asia Pacific (UAP) was established in 1996 with a vision to enhance the opportunities for higher education in Bangladesh. The University, under the Private University Act 1992, started its operation in 1996 by offering four -year Bachelor Degree Programs in Computer Science & Technology and Business Administration only. Now UAP offers undergraduate programs in nine disciplines and post-g…",UAP initially offered four-year Bachelor Degree Programs in Computer Science & Technology and Business Administration.,UAP initially offered four-year Bachelor Degree Programs in Computer Science & Technology and Business Administration.,ANSWER_RETURNED,,,,,,,,
banglish,UAP shurute kon duita bachelor degree program offer korechilo?,UAP shurute Computer Science & Engineering ebong Business Administration-e four-year bachelor degree program offer korechilo.,"1. Introduction University of Asia Pacific (UAP) was established in 1996 with a vision to enhance the opportunities for higher education in Bangladesh. The University, under the Private University Act 1992, started its operation in 1996 by offering four -year Bachelor Degree Programs in Computer Science & Technology and Business Administration only. Now UAP offers undergraduate programs in nine disciplines and post-g…","Now UAP offers undergraduate programs in nine disciplines. Initially, UAP offered four-year bachelor degree programs in Computer Science & Engineering and Business Administration only.","Relevant information university document-e paoa geche, kintu ei muhurte ami eta reliable Banglish-e present korte parini.",GENERATION_REJECTED,,,,,,,,
english,How many B.Sc.Engg. graduates had received degrees according to the prospectus?,"According to the prospectus, B.Sc.Engg. degrees had been conferred on 2200 graduates.","University of Asia Pacific (UAP) was established in 1996 under the Private University Act 1992 as a private university with the vision of providing quality education and fulf illing the needs of our motherland, Bangladesh. This university started its journ ey in 1996 and offered four years bachelor degree programs in Computer Science & Engineering and Business Administration only, thus the very step of publishing the…",Reliable information was not found regarding the number of B.Sc.Engg. graduates who had received degrees according to the prospectus.,"Relevant information was found in the university documents, but a reliable answer could not be produced at this time.",GENERATION_REJECTED,,,,,,,,
banglish,Prospectus onujayi kotojon B.Sc.Engg. graduate degree peyechilo?,Prospectus onujayi 2200 graduate-ke B.Sc.Engg. degree deya hoyeche.,"Prof. M. R. Kabir Ph.D,Catholic University of Leuven, Belgium, M.Sc.Engg.Post Graduate Diploma,",Reliable information was not found.,"Relevant information university document-e paoa geche, kintu ei muhurte ami eta reliable Banglish-e present korte parini.",GENERATION_REJECTED,,,,,,,,
english,What accreditation did the CSE Department receive from IEB?,The CSE Department received IEB accreditation for the BSc in CSE program starting from August 2014.,IEB Affiliation Department of CSE has received the Certificate of Accreditation from the Engineers Institution Bangladesh (IEB) for the BSc in CSE program starting from August 2014. This will enable the CSE students to enjoy the privileges offered by Engineers Institution Bangladesh (IEB) including membership.,The CSE Department received a Certificate of Accreditation from the Engineers Institution Bangladesh (IEB) for the BSc in CSE program starting from August 2014.,The CSE Department received a Certificate of Accreditation from the Engineers Institution Bangladesh (IEB) for the BSc in CSE program starting from August 2014.,ANSWER_RETURNED,,,,,,,,
bangla,CSE Department IEB থেকে কী স্বীকৃতি পেয়েছে?,CSE Department August 2014 থেকে BSc in CSE প্রোগ্রামের জন্য IEB accreditation পেয়েছে।,IEB Affiliation Department of CSE has received the Certificate of Accreditation from the Engineers Institution Bangladesh (IEB) for the BSc in CSE program starting from August 2014. This will enable the CSE students to enjoy the privileges offered by Engineers Institution Bangladesh (IEB) including membership.,The CSE Department has received the Certificate of Accreditation from the Engineers Institution Bangladesh (IEB) for the BSc in CSE program starting from August 2014.,CSE Department BSc in CSE program starting from August 2014-এর জন্য Engineers Institution Bangladesh (IEB) থেকে Certificate of Accreditation পেয়েছে।,ANSWER_RETURNED,,,,,,,,
banglish,CSE Department IEB theke ki accreditation peyechhe?,CSE Department August 2014 theke BSc in CSE program-er jonno IEB accreditation peyechhe.,IEB Affiliation Department of CSE has received the Certificate of Accreditation from the Engineers Institution Bangladesh (IEB) for the BSc in CSE program starting from August 2014. This will enable the CSE students to enjoy the privileges offered by Engineers Institution Bangladesh (IEB) including membership.,The Department of CSE has received the Certificate of Accreditation from the Engineers Institution Bangladesh (IEB) for the BSc in CSE program starting from August 2014.,Department of CSE BSc in CSE program starting from August 2014-er jonno Engineers Institution Bangladesh (IEB) theke Certificate of Accreditation peyechhe.,ANSWER_RETURNED,,,,,,,,
english,Under which act did UAP start its operation?,UAP started its operation under the Private University Act 1992.,"University of Asia Pacific (UAP) was established in 1996 under the Private University Act 1992 as a private university with the vision of providing quality education and fulf illing the needs of our motherland, Bangladesh. This university started its journ ey in 1996 and offered four years bachelor degree programs in Computer Science & Engineering and Business Administration only, thus the very step of publishing the…",The University of Asia Pacific (UAP) started its operation under the Private University Act 1992.,"Relevant information was found in the university documents, but a reliable answer could not be produced at this time.",GENERATION_REJECTED,,,,,,,,
banglish,UAP kon act-er odhine operation start korechilo?,UAP Private University Act 1992-er odhine operation start korechilo.,"1. Introduction University of Asia Pacific (UAP) was established in 1996 with a vision to enhance the opportunities for higher education in Bangladesh. The University, under the Private University Act 1992, started its operation in 1996 by offering four -year Bachelor Degree Programs in Computer Science & Technology and Business Administration only. Now UAP offers undergraduate programs in nine disciplines and post-g…",The University of Asia Pacific (UAP) started its operation in 1996 under the Private University Act 1992.,"Relevant information university document-e paoa geche, kintu ei muhurte ami eta reliable Banglish-e present korte parini.",GENERATION_REJECTED,,,,,,,,
english,How many undergraduate and postgraduate disciplines does UAP offer according to the introduction?,The introduction says UAP offers undergraduate programs in nine disciplines and post-graduate programs in eight disciplines.,"1. Introduction University of Asia Pacific (UAP) was established in 1996 with a vision to enhance the opportunities for higher education in Bangladesh. The University, under the Private University Act 1992, started its operation in 1996 by offering four -year Bachelor Degree Programs in Computer Science & Technology and Business Administration only. Now UAP offers undergraduate programs in nine disciplines and post-g…",Now UAP offers undergraduate programs in nine disciplines and postgraduate programs in multiple disciplines.,"Relevant information was found in the university documents, but a reliable answer could not be produced at this time.",GENERATION_REJECTED,,,,,,,,
banglish,Introduction-e UAP koyta undergraduate ar postgraduate discipline offer kore bola hoyeche?,Introduction-e bola hoyeche UAP nine discipline-e undergraduate ar eight discipline-e post-graduate program offer kore.,"1. Introduction University of Asia Pacific (UAP) was established in 1996 with a vision to enhance the opportunities for higher education in Bangladesh. The University, under the Private University Act 1992, started its operation in 1996 by offering four -year Bachelor Degree Programs in Computer Science & Technology and Business Administration only. Now UAP offers undergraduate programs in nine disciplines and post-g…",Now UAP offers undergraduate programs in nine disciplines and postgraduate programs.,UAP holo now ninnor nine discipline-er undergraduate program-er and postgraduate program-er offer koreche.,ANSWER_RETURNED,,,,,,,,
banglish,Prospectus-e Vice-Chancellor hisebe kar naam deya ache?,Prof. Dr. Jamilur Reza Choudhury-ke Vice-Chancellor hisebe mention kora hoyeche.,"1.2 University Administration Vice-Chancellor Prof. Dr. Jamilur Reza Choudhury B.Sc.(Engg.), Civil (BUET), M.Sc.(Engg.) ( Advanced Structural Engineering), Ph.D. (University of Southampton), Doctor of Engineering (Honoris Causa) Man chester University, UK. Fellow, Bangladesh Computer Society, Fellow, Bangladesh Academy of Sciences. Fellow, Institution of Engineers (Ba ngladesh) Email: vc@uap -bd.edu Pro Vice- Chancel…",The Vice-Chancellor of the university is named Prof. Dr. Jamilur Reza Choudhury.,University-er Vice-Chancellor hisebe Prof. Dr. Jamilur Reza Choudhury-er naam deya ache.,ANSWER_RETURNED,,,,,,,,
english,Where is the UAP Administration located?,"UAP Administration is located at 74/A, Green Road, Farmgate, Dhaka-1215, Bangladesh.","1.6 The Campus UAP Administration 74/A, Green Road, Farmgate, Dhaka - 1215, Bangladesh PABX:+8802-58157091-4, +8802-58157096 Ext: 107, 114 FAX:+8802-58157097 Email: registrar@uap-bd.edu","The UAP Administration is located at 74/A, Green Road, Farmgate, Dhaka - 1215, Bangladesh.","The UAP Administration is located at 74/A, Green Road, Farmgate, Dhaka - 1215, Bangladesh.",ANSWER_RETURNED,,,,,,,,
bangla,UAP Administration কোথায় অবস্থিত?,"UAP Administration 74/A, Green Road, Farmgate, Dhaka-1215, Bangladesh-এ অবস্থিত।","1.6 The Campus UAP Administration 74/A, Green Road, Farmgate, Dhaka - 1215, Bangladesh PABX:+8802-58157091-4, +8802-58157096 Ext: 107, 114 FAX:+8802-58157097 Email: registrar@uap-bd.edu","UAP Administration is located at 74/A, Green Road, Farmgate, Dhaka - 1215, Bangladesh.","UAP Administration 74/A, Green Road, Farmgate, Dhaka - 1215, Bangladesh-এ অবস্থিত।",ANSWER_RETURNED,,,,,,,,
banglish,UAP Administration kothay located?,"UAP Administration 74/A, Green Road, Farmgate, Dhaka-1215, Bangladesh-e located.","1.6 The Campus UAP Administration 74/A, Green Road, Farmgate, Dhaka - 1215, Bangladesh PABX:+8802-58157091-4, +8802-58157096 Ext: 107, 114 FAX:+8802-58157097 Email: registrar@uap-bd.edu","UAP Administration is located at 74/A, Green Road, Farmgate, Dhaka - 1215, Bangladesh.","UAP Administration 74/A, Green Road, Farmgate, Dhaka - 1215, Bangladesh-e located.",ANSWER_RETURNED,,,,,,,,
english,What is Category 1 in the registration process?,Category 1 is for students who passed all prescribed semester courses and have no backlog.,"Category 1: Students, who have passed all the courses prescribed for the semester and have no backlog of courses. A student of Category -1 is eligible for registration in all courses prescribed for the next or following semesters.",Category 1 students have passed all the courses prescribed for the semester and have no backlog of courses. These students are eligible for registration in all courses prescribed for the next or following semesters.,Category 1 students have passed all the courses prescribed for the semester and have no backlog of courses. These students are eligible for registration in all courses prescribed for the next or following semesters.,ANSWER_RETURNED,,,,,,,,
english,What is the fee for re-examination of a final answer script?,The re-examination fee is Taka 200 per script.,Examination Rules Re -examination or Re -scrutiny of Answer Scripts Re-examination of final examination answer scripts may be permissible. A candidate can apply for re -examination of any answer script of final examination to the Controller of Examinati ons through their advisor and the head of the department on payment of Taka 200/ - (Tk. Two Hundred) only per script within 7 (seven) working days from the publicatio…,The fee for re-examination of a final answer script is Taka 200/- (Tk. Two Hundred) per script.,The fee for re-examination of a final answer script is Taka 200/- (Tk. Two Hundred) per script.,ANSWER_RETURNED,,,,,,,,
bangla,ফাইনাল answer script re-examination-এর ফি কত?,প্রতি script re-examination-এর ফি Taka 200।,Examination Rules Re -examination or Re -scrutiny of Answer Scripts Re-examination of final examination answer scripts may be permissible. A candidate can apply for re -examination of any answer script of final examination to the Controller of Examinati ons through their advisor and the head of the department on payment of Taka 200/ - (Tk. Two Hundred) only per script within 7 (seven) working days from the publicatio…,The fee for re-examination or re-scrutiny of answer scripts is Taka 200/- (Tk. Two Hundred) only per script.,re-examination or re-scrutiny of answer scripts-এর ফি হলো Taka 200/- (Tk. Two Hundred) only per script।,ANSWER_RETURNED,,,,,,,,
bangla,কখন একজন শিক্ষার্থী repeat examination দিতে পারে?,তিনটি বা তার কম theory course-এ ফেল করলে এবং তা 10 credit hour-এর বেশি না হলে repeat examination দেওয়া যায়।,Rules for Repeat Examination A student wo uld be allowed to appear at the Repeat Examination in case s/he fails in three theory courses or less but not exceeding 10 credit hours. The results of Repeat Examinations would be published within three weeks from the date of publication of the results of the Semester Final,A student would be allowed to appear at the Repeat Examination in case they fail in three theory courses or less but not exceeding 10 credit hours. Repeat examinations are not held for sessional courses.,"প্রাসঙ্গিক তথ্য বিশ্ববিদ্যালয়ের নথিতে পাওয়া গেছে, কিন্তু এই মুহূর্তে আমি সেটির একটি নির্ভরযোগ্য বাংলা উত্তর তৈরি করতে পারিনি।",GENERATION_REJECTED,,,,,,,,
bangla,Repeat examination-এর প্রতি কোর্সের ফি কত?,Repeat examination-এর ফি প্রতি course Taka 3000।,…xt semester would start. Repeat Examinations on theory courses would be held on 50 percent of marks for each course and the marks for Class Assessment and Mid Semester Examination would be carried. There shall be no repeat examinations for sessional courses. The maximum grade to be obtained by a student in a repeat examination would be ‗B‘ (equivalent to 60%). The following grading system would be followed in the rep…,Reliable information was not found regarding the fee for repeat examinations.,"প্রাসঙ্গিক তথ্য বিশ্ববিদ্যালয়ের নথিতে পাওয়া গেছে, কিন্তু এই মুহূর্তে আমি সেটির একটি নির্ভরযোগ্য বাংলা উত্তর তৈরি করতে পারিনি।",GENERATION_REJECTED,,,,,,,,
