question_id,language,expected_page_offline,before_page_hit_1,before_page_hit_3,before_mrr_3,before_entity_applicable,before_entity_hit_1,before_entity_hit_3,before_field_applicable,before_field_hit_1,before_field_hit_3,before_supportable_1,before_supportable_3,after_page_hit_1,after_page_hit_3,after_mrr_3,after_entity_applicable,after_entity_hit_1,after_entity_hit_3,after_field_applicable,after_field_hit_1,after_field_hit_3,after_supportable_1,after_supportable_3
Q001,bangla,1,True,True,1.0,False,False,False,True,False,False,False,False,True,True,1.0,False,False,False,True,False,False,False,False
Q002,english,2,False,True,0.3333333333333333,False,False,False,True,False,True,False,True,False,True,0.3333333333333333,False,False,False,True,False,True,False,True
Q002,bangla,2,False,False,0,False,False,False,True,True,True,True,True,False,False,0,False,False,False,True,True,True,True,True
Q002,banglish,2,False,False,0,False,False,False,True,False,True,False,True,False,False,0,False,False,False,True,False,True,False,True
Q003,bangla,2,False,True,0.3333333333333333,False,False,False,True,False,True,False,False,False,True,0.3333333333333333,False,False,False,True,False,True,False,False
Q003,banglish,2,False,True,0.3333333333333333,False,False,False,True,False,True,False,False,False,True,0.3333333333333333,False,False,False,True,False,True,False,False
Q004,english,2,True,True,1.0,False,False,False,True,False,False,False,False,True,True,1.0,False,False,False,True,False,False,False,False
Q004,bangla,2,True,True,1.0,False,False,False,True,True,True,True,True,True,True,1.0,False,False,False,True,True,True,True,True
Q004,banglish,2,True,True,1.0,False,False,False,True,True,True,True,True,True,True,1.0,False,False,False,True,True,True,True,True
Q005,english,3,True,True,1.0,False,False,False,False,False,False,True,True,True,True,1.0,False,False,False,False,False,False,True,True
Q005,bangla,3,False,True,0.5,False,False,False,False,False,False,False,False,True,True,1.0,False,False,False,False,False,False,True,True
Q005,banglish,3,True,True,1.0,False,False,False,False,False,False,True,True,True,True,1.0,False,False,False,False,False,False,True,True
Q006,bangla,4,False,False,0,False,False,False,False,False,False,False,False,False,False,0,False,False,False,False,False,False,False,False
Q006,banglish,4,False,True,0.5,False,False,False,False,False,False,True,True,False,True,0.5,False,False,False,False,False,False,True,True
Q007,english,4,False,True,0.5,False,False,False,False,False,False,True,True,False,True,0.5,False,False,False,False,False,False,True,True
Q007,bangla,4,False,False,0,False,False,False,False,False,False,False,False,False,True,0.5,False,False,False,False,False,False,True,True
Q007,banglish,4,False,True,0.3333333333333333,False,False,False,False,False,False,True,True,False,True,0.3333333333333333,False,False,False,False,False,False,True,True
Q008,english,4,True,True,1.0,False,False,False,False,False,False,True,True,True,True,1.0,False,False,False,False,False,False,True,True
Q008,bangla,4,False,True,0.3333333333333333,False,False,False,False,False,False,False,False,False,True,0.3333333333333333,False,False,False,False,False,False,False,False
Q008,banglish,4,False,False,0,False,False,False,False,False,False,False,True,False,False,0,False,False,False,False,False,False,False,True
Q009,english,6,True,True,1.0,False,False,False,False,False,False,True,True,True,True,1.0,False,False,False,False,False,False,True,True
Q009,bangla,6,True,True,1.0,False,False,False,False,False,False,True,True,True,True,1.0,False,False,False,False,False,False,True,True
Q009,banglish,6,True,True,1.0,False,False,False,False,False,False,True,True,True,True,1.0,False,False,False,False,False,False,True,True
Q010,english,8,True,True,1.0,False,False,False,False,False,False,True,True,True,True,1.0,False,False,False,False,False,False,True,True
Q010,bangla,8,False,True,0.3333333333333333,False,False,False,False,False,False,False,False,True,True,1.0,False,False,False,False,False,False,True,True
Q010,banglish,8,True,True,1.0,False,False,False,False,False,False,True,True,True,True,1.0,False,False,False,False,False,False,True,True
Q011,english,8,True,True,1.0,False,False,False,False,False,False,True,True,True,True,1.0,False,False,False,False,False,False,True,True
Q011,bangla,8,False,False,0,False,False,False,False,False,False,False,False,True,True,1.0,False,False,False,False,False,False,True,True
Q011,banglish,8,False,True,0.5,False,False,False,False,False,False,True,True,False,True,0.5,False,False,False,False,False,False,True,True
Q012,english,8,True,True,1.0,False,False,False,True,False,False,False,False,True,True,1.0,False,False,False,True,False,False,False,False
Q012,bangla,8,True,True,1.0,False,False,False,True,False,False,False,False,True,True,1.0,False,False,False,True,False,False,False,False
Q012,banglish,8,True,True,1.0,False,False,False,False,False,False,True,True,True,True,1.0,False,False,False,False,False,False,True,True
Q013,english,11,True,True,1.0,False,False,False,False,False,False,True,True,True,True,1.0,False,False,False,False,False,False,True,True
Q013,bangla,11,True,True,1.0,False,False,False,False,False,False,True,True,True,True,1.0,False,False,False,False,False,False,True,True
Q013,banglish,11,True,True,1.0,False,False,False,False,False,False,True,True,True,True,1.0,False,False,False,False,False,False,True,True
Q014,bangla,11,True,True,1.0,False,False,False,True,True,True,True,True,True,True,1.0,False,False,False,True,True,True,True,True
Q016,bangla,17,True,True,1.0,False,False,False,True,True,True,True,True,True,True,1.0,False,False,False,True,True,True,True,True
Q018,english,17,True,True,1.0,False,False,False,True,True,True,False,False,True,True,1.0,False,False,False,True,True,True,False,False
Q018,bangla,17,True,True,1.0,False,False,False,True,True,True,False,False,True,True,1.0,False,False,False,True,True,True,False,False
Q018,banglish,17,True,True,1.0,False,False,False,True,True,True,False,False,True,True,1.0,False,False,False,True,True,True,False,False
Q019,english,18,True,True,1.0,False,False,False,False,False,False,True,True,True,True,1.0,False,False,False,False,False,False,True,True
Q019,bangla,18,True,True,1.0,False,False,False,False,False,False,False,False,True,True,1.0,False,False,False,False,False,False,True,True
Q019,banglish,18,True,True,1.0,False,False,False,False,False,False,True,True,True,True,1.0,False,False,False,False,False,False,True,True
Q020,english,18,True,True,1.0,False,False,False,True,True,True,True,True,True,True,1.0,False,False,False,True,True,True,True,True
Q020,bangla,18,False,False,0,False,False,False,False,False,False,False,False,False,True,0.3333333333333333,False,False,False,False,False,False,False,True
Q020,banglish,18,True,True,1.0,False,False,False,True,True,True,True,True,True,True,1.0,False,False,False,True,True,True,True,True
Q021,english,19,True,True,1.0,False,False,False,True,True,True,True,True,True,True,1.0,False,False,False,True,True,True,True,True
Q021,bangla,19,True,True,1.0,False,False,False,True,True,True,True,True,True,True,1.0,False,False,False,True,True,True,True,True
Q021,banglish,19,True,True,1.0,False,False,False,True,True,True,True,True,True,True,1.0,False,False,False,True,True,True,True,True
Q022,english,19,False,True,0.5,True,True,True,True,True,True,False,False,False,True,0.5,True,True,True,True,True,True,False,False
Q026,english,20,True,True,1.0,False,False,False,True,True,True,True,True,True,True,1.0,False,False,False,True,True,True,True,True
Q026,bangla,20,True,True,1.0,False,False,False,True,True,True,True,True,True,True,1.0,False,False,False,True,True,True,True,True
Q026,banglish,20,True,True,1.0,False,False,False,True,True,True,True,True,True,True,1.0,False,False,False,True,True,True,True,True
Q027,bangla,20,True,True,1.0,False,False,False,True,True,True,True,True,True,True,1.0,False,False,False,True,True,True,True,True
Q028,bangla,20,True,True,1.0,False,False,False,True,True,True,True,True,True,True,1.0,False,False,False,True,True,True,True,True
Q028,banglish,20,False,True,0.5,False,False,False,True,True,True,True,True,False,True,0.5,False,False,False,True,True,True,True,True
Q029,english,21,True,True,1.0,False,False,False,True,True,True,True,True,True,True,1.0,False,False,False,True,True,True,True,True
Q029,bangla,21,True,True,1.0,False,False,False,True,True,True,True,True,True,True,1.0,False,False,False,True,True,True,True,True
Q029,banglish,21,True,True,1.0,False,False,False,True,True,True,True,True,True,True,1.0,False,False,False,True,True,True,True,True
Q030,english,21,True,True,1.0,False,False,False,True,True,True,True,True,True,True,1.0,False,False,False,True,True,True,True,True
Q030,bangla,21,True,True,1.0,False,False,False,True,True,True,True,True,True,True,1.0,False,False,False,True,True,True,True,True
Q030,banglish,21,True,True,1.0,False,False,False,True,True,True,True,True,True,True,1.0,False,False,False,True,True,True,True,True
Q031,bangla,22,True,True,1.0,False,False,False,True,True,True,True,True,True,True,1.0,False,False,False,True,True,True,True,True
Q031,banglish,22,True,True,1.0,False,False,False,True,True,True,True,True,True,True,1.0,False,False,False,True,True,True,True,True
Q032,english,51,True,True,1.0,True,True,True,True,True,True,True,True,True,True,1.0,True,True,True,True,True,True,True,True
Q032,bangla,51,True,True,1.0,True,True,True,True,True,True,True,True,True,True,1.0,True,True,True,True,True,True,True,True
Q032,banglish,51,True,True,1.0,True,True,True,True,True,True,True,True,True,True,1.0,True,True,True,True,True,True,True,True
Q033,english,51,True,True,1.0,True,True,True,True,True,True,True,True,True,True,1.0,True,True,True,True,True,True,True,True
Q033,bangla,51,True,True,1.0,True,True,True,True,True,True,True,True,True,True,1.0,True,True,True,True,True,True,True,True
Q033,banglish,51,True,True,1.0,True,True,True,True,True,True,True,True,True,True,1.0,True,True,True,True,True,True,True,True
Q034,english,51,False,True,0.5,True,True,True,True,True,True,True,True,False,True,0.5,True,True,True,True,True,True,True,True
Q034,bangla,51,False,True,0.5,True,True,True,True,True,True,True,True,False,True,0.5,True,True,True,True,True,True,True,True
Q034,banglish,51,False,True,0.5,True,True,True,True,True,True,True,True,False,True,0.5,True,True,True,True,True,True,True,True
Q036,english,51,True,True,1.0,True,False,True,True,True,True,False,False,True,True,1.0,True,False,True,True,True,True,False,False
Q036,bangla,51,True,True,1.0,True,False,False,True,True,True,False,False,True,True,1.0,True,False,False,True,True,True,False,False
Q036,banglish,51,True,True,1.0,True,False,True,True,True,True,False,False,True,True,1.0,True,False,True,True,True,True,False,False
Q037,english,51,True,True,1.0,True,True,True,True,True,True,True,True,True,True,1.0,True,True,True,True,True,True,True,True
Q037,bangla,51,False,True,0.5,True,True,True,True,True,True,True,True,False,True,0.5,True,True,True,True,True,True,True,True
Q037,banglish,51,False,True,0.5,True,True,True,True,True,True,True,True,False,True,0.5,True,True,True,True,True,True,True,True
Q038,english,51,True,True,1.0,True,True,True,True,True,True,True,True,True,True,1.0,True,True,True,True,True,True,True,True
Q038,bangla,51,False,True,0.5,True,True,True,True,True,True,True,True,False,True,0.5,True,True,True,True,True,True,True,True
Q038,banglish,51,False,True,0.5,True,True,True,True,True,True,True,True,False,True,0.5,True,True,True,True,True,True,True,True
Q039,english,51,True,True,1.0,True,True,True,True,True,True,True,True,True,True,1.0,True,True,True,True,True,True,True,True
Q039,bangla,51,True,True,1.0,True,True,True,True,True,True,True,True,True,True,1.0,True,True,True,True,True,True,True,True
Q039,banglish,51,False,True,0.5,True,True,True,True,True,True,True,True,False,True,0.5,True,True,True,True,True,True,True,True
Q040,english,52,True,True,1.0,True,True,True,True,True,True,True,True,True,True,1.0,True,True,True,True,True,True,True,True
Q040,bangla,52,True,True,1.0,True,True,True,True,True,True,True,True,True,True,1.0,True,True,True,True,True,True,True,True
Q040,banglish,52,True,True,1.0,True,True,True,True,True,True,True,True,True,True,1.0,True,True,True,True,True,True,True,True
Q041,english,52,False,True,0.5,True,True,True,True,True,True,True,True,False,True,0.5,True,True,True,True,True,True,True,True
Q041,bangla,52,False,True,0.5,True,True,True,True,True,True,True,True,False,True,0.5,True,True,True,True,True,True,True,True
Q041,banglish,52,False,True,0.5,True,True,True,True,True,True,True,True,False,True,0.5,True,True,True,True,True,True,True,True
Q042,english,52,True,True,1.0,True,True,True,True,True,True,True,True,True,True,1.0,True,True,True,True,True,True,True,True
Q042,bangla,52,True,True,1.0,True,True,True,True,True,True,True,True,True,True,1.0,True,True,True,True,True,True,True,True
Q042,banglish,52,True,True,1.0,True,True,True,True,True,True,True,True,True,True,1.0,True,True,True,True,True,True,True,True
Q043,english,52,True,True,1.0,True,True,True,True,True,True,True,True,True,True,1.0,True,True,True,True,True,True,True,True
Q043,bangla,52,True,True,1.0,True,True,True,True,True,True,True,True,True,True,1.0,True,True,True,True,True,True,True,True
Q043,banglish,52,True,True,1.0,True,True,True,True,True,True,True,True,True,True,1.0,True,True,True,True,True,True,True,True
Q044,english,52,False,True,0.5,True,True,True,True,True,True,True,True,False,True,0.5,True,True,True,True,True,True,True,True
Q044,bangla,52,False,True,0.5,True,True,True,True,True,True,True,True,False,True,0.5,True,True,True,True,True,True,True,True
Q044,banglish,52,False,True,0.5,True,True,True,True,True,True,True,True,False,True,0.5,True,True,True,True,True,True,True,True
Q045,english,52,True,True,1.0,True,True,True,True,True,True,True,True,True,True,1.0,True,True,True,True,True,True,True,True
Q045,bangla,52,True,True,1.0,True,True,True,True,True,True,True,True,True,True,1.0,True,True,True,True,True,True,True,True
Q045,banglish,52,False,True,0.5,True,True,True,True,True,True,True,True,False,True,0.5,True,True,True,True,True,True,True,True
Q046,english,52,False,True,0.5,True,True,True,True,True,True,True,True,False,True,0.5,True,True,True,True,True,True,True,True
Q046,bangla,52,False,True,0.5,True,True,True,True,True,True,True,True,False,True,0.5,True,True,True,True,True,True,True,True
Q046,banglish,52,False,True,0.5,True,True,True,True,True,True,True,True,False,True,0.5,True,True,True,True,True,True,True,True
Q047,english,52,True,True,1.0,True,True,True,True,True,True,True,True,True,True,1.0,True,True,True,True,True,True,True,True
Q047,bangla,52,True,True,1.0,True,True,True,True,True,True,True,True,True,True,1.0,True,True,True,True,True,True,True,True
Q047,banglish,52,True,True,1.0,True,True,True,True,True,True,True,True,True,True,1.0,True,True,True,True,True,True,True,True
Q048,english,52,True,True,1.0,True,True,True,True,True,True,True,True,True,True,1.0,True,True,True,True,True,True,True,True
Q048,bangla,52,True,True,1.0,True,True,True,True,True,True,True,True,True,True,1.0,True,True,True,True,True,True,True,True
Q048,banglish,52,True,True,1.0,True,True,True,True,True,True,True,True,True,True,1.0,True,True,True,True,True,True,True,True
Q049,english,52,False,True,0.5,True,True,True,True,True,True,True,True,False,True,0.5,True,True,True,True,True,True,True,True
Q049,bangla,52,False,True,0.5,True,True,True,True,True,True,True,True,False,True,0.5,True,True,True,True,True,True,True,True
Q049,banglish,52,True,True,1.0,True,True,True,True,True,True,True,True,True,True,1.0,True,True,True,True,True,True,True,True
Q050,english,52,True,True,1.0,True,True,True,True,True,True,True,True,True,True,1.0,True,True,True,True,True,True,True,True
Q050,bangla,52,False,True,0.3333333333333333,True,True,True,True,True,True,True,True,False,True,0.3333333333333333,True,True,True,True,True,True,True,True
Q050,banglish,52,False,True,0.5,True,True,True,True,True,True,True,True,False,True,0.5,True,True,True,True,True,True,True,True
Q051,english,52,False,True,0.5,True,True,True,True,True,True,True,True,False,True,0.5,True,True,True,True,True,True,True,True
Q051,bangla,52,False,True,0.5,True,True,True,True,True,True,True,True,False,True,0.5,True,True,True,True,True,True,True,True
Q051,banglish,52,False,False,0,True,True,True,True,True,True,True,True,False,False,0,True,True,True,True,True,True,True,True
Q052,english,52,True,True,1.0,True,True,True,True,True,True,True,True,True,True,1.0,True,True,True,True,True,True,True,True
Q052,bangla,52,True,True,1.0,True,True,True,True,True,True,True,True,True,True,1.0,True,True,True,True,True,True,True,True
Q052,banglish,52,True,True,1.0,True,True,True,True,True,True,True,True,True,True,1.0,True,True,True,True,True,True,True,True
Q053,english,52,True,True,1.0,True,True,True,True,True,True,True,True,True,True,1.0,True,True,True,True,True,True,True,True
Q053,bangla,52,True,True,1.0,True,True,True,True,True,True,True,True,True,True,1.0,True,True,True,True,True,True,True,True
Q053,banglish,52,True,True,1.0,True,True,True,True,True,True,True,True,True,True,1.0,True,True,True,True,True,True,True,True
Q054,english,52,False,True,0.5,True,True,True,True,True,True,True,True,False,True,0.5,True,True,True,True,True,True,True,True
Q054,bangla,52,False,True,0.5,True,True,True,True,True,True,True,True,False,True,0.5,True,True,True,True,True,True,True,True
Q054,banglish,52,False,True,0.5,True,True,True,True,True,True,True,True,False,True,0.5,True,True,True,True,True,True,True,True
Q055,english,52,True,True,1.0,True,True,True,True,True,True,True,True,True,True,1.0,True,True,True,True,True,True,True,True
Q055,bangla,52,True,True,1.0,True,True,True,True,True,True,True,True,True,True,1.0,True,True,True,True,True,True,True,True
Q055,banglish,52,True,True,1.0,True,True,True,True,True,True,True,True,True,True,1.0,True,True,True,True,True,True,True,True
Q056,english,53,False,True,0.5,True,True,True,True,True,True,True,True,False,True,0.5,True,True,True,True,True,True,True,True
Q056,bangla,53,False,False,0,True,True,True,True,True,True,True,True,False,False,0,True,True,True,True,True,True,True,True
Q056,banglish,53,False,True,0.5,True,True,True,True,True,True,True,True,False,True,0.5,True,True,True,True,True,True,True,True
Q057,english,53,False,True,0.5,True,True,True,True,True,True,True,True,False,True,0.5,True,True,True,True,True,True,True,True
Q057,bangla,53,False,True,0.5,True,True,True,True,True,True,True,True,False,True,0.5,True,True,True,True,True,True,True,True
Q057,banglish,53,False,False,0,True,True,True,True,True,True,True,True,False,False,0,True,True,True,True,True,True,True,True
Q058,english,53,False,True,0.5,True,True,True,True,True,True,True,True,False,True,0.5,True,True,True,True,True,True,True,True
Q058,bangla,53,False,True,0.5,True,True,True,True,True,True,True,True,False,True,0.5,True,True,True,True,True,True,True,True
Q058,banglish,53,False,True,0.5,True,True,True,True,True,True,True,True,False,True,0.5,True,True,True,True,True,True,True,True
Q059,english,53,False,True,0.5,True,True,True,True,True,True,True,True,False,True,0.5,True,True,True,True,True,True,True,True
Q059,bangla,53,False,True,0.5,True,True,True,True,True,True,True,True,False,True,0.5,True,True,True,True,True,True,True,True
Q059,banglish,53,False,True,0.5,True,True,True,True,True,True,True,True,False,True,0.5,True,True,True,True,True,True,True,True
Q060,english,53,False,True,0.5,True,True,True,True,True,True,True,True,False,True,0.5,True,True,True,True,True,True,True,True
Q060,bangla,53,False,True,0.5,True,True,True,True,True,True,True,True,False,True,0.5,True,True,True,True,True,True,True,True
Q060,banglish,53,False,True,0.5,True,True,True,True,True,True,True,True,False,True,0.5,True,True,True,True,True,True,True,True
Q061,english,53,False,True,0.5,True,True,True,True,True,True,True,True,False,True,0.5,True,True,True,True,True,True,True,True
Q061,bangla,53,False,True,0.5,True,True,True,True,True,True,True,True,False,True,0.5,True,True,True,True,True,True,True,True
Q061,banglish,53,False,True,0.5,True,True,True,True,True,True,True,True,False,True,0.5,True,True,True,True,True,True,True,True
Q062,english,53,True,True,1.0,True,True,True,True,True,True,True,True,True,True,1.0,True,True,True,True,True,True,True,True
Q062,bangla,53,True,True,1.0,True,True,True,True,True,True,True,True,True,True,1.0,True,True,True,True,True,True,True,True
Q062,banglish,53,True,True,1.0,True,True,True,True,True,True,True,True,True,True,1.0,True,True,True,True,True,True,True,True
Q063,english,53,True,True,1.0,True,True,True,True,True,True,True,True,True,True,1.0,True,True,True,True,True,True,True,True
Q063,bangla,53,True,True,1.0,True,True,True,True,True,True,True,True,True,True,1.0,True,True,True,True,True,True,True,True
Q063,banglish,53,True,True,1.0,True,True,True,True,True,True,True,True,True,True,1.0,True,True,True,True,True,True,True,True
Q064,english,53,False,True,0.5,True,True,True,True,True,True,True,True,False,True,0.5,True,True,True,True,True,True,True,True
Q064,bangla,53,False,True,0.5,True,True,True,True,True,True,True,True,False,True,0.5,True,True,True,True,True,True,True,True
Q064,banglish,53,False,True,0.5,True,True,True,True,True,True,True,True,False,True,0.5,True,True,True,True,True,True,True,True
Q065,english,53,True,True,1.0,True,True,True,True,True,True,True,True,True,True,1.0,True,True,True,True,True,True,True,True
Q065,bangla,53,False,True,0.5,True,True,True,True,True,True,True,True,False,True,0.5,True,True,True,True,True,True,True,True
Q065,banglish,53,False,True,0.5,True,True,True,True,True,True,True,True,False,True,0.5,True,True,True,True,True,True,True,True
Q066,english,53,True,True,1.0,True,True,True,True,True,True,True,True,True,True,1.0,True,True,True,True,True,True,True,True
Q066,bangla,53,True,True,1.0,True,True,True,True,True,True,True,True,True,True,1.0,True,True,True,True,True,True,True,True
Q066,banglish,53,False,True,0.5,True,True,True,True,True,True,True,True,False,True,0.5,True,True,True,True,True,True,True,True
Q067,english,53,True,True,1.0,True,True,True,True,True,True,True,True,True,True,1.0,True,True,True,True,True,True,True,True
Q067,bangla,53,True,True,1.0,True,True,True,True,True,True,True,True,True,True,1.0,True,True,True,True,True,True,True,True
Q067,banglish,53,False,True,0.5,True,True,True,True,True,True,True,True,False,True,0.5,True,True,True,True,True,True,True,True
Q068,english,53,True,True,1.0,True,True,True,True,True,True,True,True,True,True,1.0,True,True,True,True,True,True,True,True
Q068,bangla,53,True,True,1.0,True,True,True,True,True,True,True,True,True,True,1.0,True,True,True,True,True,True,True,True
Q068,banglish,53,True,True,1.0,True,True,True,True,True,True,True,True,True,True,1.0,True,True,True,True,True,True,True,True
Q069,english,53,True,True,1.0,True,True,True,True,True,True,True,True,True,True,1.0,True,True,True,True,True,True,True,True
Q069,bangla,53,True,True,1.0,True,True,True,True,True,True,True,True,True,True,1.0,True,True,True,True,True,True,True,True
Q069,banglish,53,True,True,1.0,True,True,True,True,True,True,True,True,True,True,1.0,True,True,True,True,True,True,True,True
Q070,english,53,False,True,0.5,True,True,True,True,True,True,True,True,False,True,0.5,True,True,True,True,True,True,True,True
Q070,bangla,53,True,True,1.0,True,True,True,True,True,True,True,True,True,True,1.0,True,True,True,True,True,True,True,True
Q070,banglish,53,True,True,1.0,True,True,True,True,True,True,True,True,True,True,1.0,True,True,True,True,True,True,True,True
Q071,english,53,False,True,0.5,True,True,True,True,True,True,True,True,False,True,0.5,True,True,True,True,True,True,True,True
Q071,bangla,53,False,True,0.5,True,True,True,True,True,True,True,True,False,True,0.5,True,True,True,True,True,True,True,True
Q071,banglish,53,False,True,0.5,True,True,True,True,True,True,True,True,False,True,0.5,True,True,True,True,True,True,True,True
Q072,english,54,True,True,1.0,True,True,True,True,True,True,True,True,True,True,1.0,True,True,True,True,True,True,True,True
Q072,bangla,54,False,True,0.5,True,True,True,True,True,True,True,True,False,True,0.5,True,True,True,True,True,True,True,True
Q072,banglish,54,False,True,0.5,True,True,True,True,True,True,True,True,False,True,0.5,True,True,True,True,True,True,True,True
Q073,english,54,True,True,1.0,True,True,True,True,True,True,True,True,True,True,1.0,True,True,True,True,True,True,True,True
Q073,bangla,54,True,True,1.0,True,True,True,True,True,True,True,True,True,True,1.0,True,True,True,True,True,True,True,True
Q073,banglish,54,True,True,1.0,True,True,True,True,True,True,True,True,True,True,1.0,True,True,True,True,True,True,True,True
Q074,english,54,False,True,0.5,True,True,True,True,True,True,True,True,False,True,0.5,True,True,True,True,True,True,True,True
Q074,bangla,54,False,True,0.3333333333333333,True,True,True,True,True,True,True,True,False,True,0.3333333333333333,True,True,True,True,True,True,True,True
Q074,banglish,54,False,True,0.5,True,True,True,True,True,True,True,True,False,True,0.5,True,True,True,True,True,True,True,True
Q075,english,54,True,True,1.0,True,True,True,True,True,True,True,True,True,True,1.0,True,True,True,True,True,True,True,True
Q075,bangla,54,False,True,0.5,True,True,True,True,True,True,True,True,False,True,0.5,True,True,True,True,True,True,True,True
Q075,banglish,54,False,True,0.5,True,True,True,True,True,True,True,True,False,True,0.5,True,True,True,True,True,True,True,True
Q076,english,54,True,True,1.0,True,True,True,True,True,True,True,True,True,True,1.0,True,True,True,True,True,True,True,True
Q076,bangla,54,False,True,0.5,True,True,True,True,True,True,True,True,False,True,0.5,True,True,True,True,True,True,True,True
Q076,banglish,54,True,True,1.0,True,True,True,True,True,True,True,True,True,True,1.0,True,True,True,True,True,True,True,True
Q077,english,54,True,True,1.0,True,True,True,True,True,True,True,True,True,True,1.0,True,True,True,True,True,True,True,True
Q077,bangla,54,False,True,0.5,True,True,True,True,True,True,True,True,False,True,0.5,True,True,True,True,True,True,True,True
Q077,banglish,54,True,True,1.0,True,True,True,True,True,True,True,True,True,True,1.0,True,True,True,True,True,True,True,True
Q078,english,54,True,True,1.0,True,True,True,True,True,True,True,True,True,True,1.0,True,True,True,True,True,True,True,True
Q078,bangla,54,True,True,1.0,True,True,True,True,True,True,True,True,True,True,1.0,True,True,True,True,True,True,True,True
Q078,banglish,54,True,True,1.0,True,True,True,True,True,True,True,True,True,True,1.0,True,True,True,True,True,True,True,True
Q079,english,54,False,True,0.5,True,True,True,True,True,True,True,True,False,True,0.5,True,True,True,True,True,True,True,True
Q079,bangla,54,False,True,0.3333333333333333,True,True,True,True,True,True,True,True,False,True,0.3333333333333333,True,True,True,True,True,True,True,True
Q079,banglish,54,False,False,0,True,True,True,True,True,True,True,True,False,False,0,True,True,True,True,True,True,True,True
Q080,english,54,True,True,1.0,True,True,True,True,True,True,True,True,True,True,1.0,True,True,True,True,True,True,True,True
Q080,bangla,54,False,True,0.5,True,True,True,True,False,True,False,True,False,True,0.5,True,True,True,True,False,True,False,True
Q080,banglish,54,False,True,0.5,True,True,True,True,False,True,False,True,False,True,0.5,True,True,True,True,False,True,False,True
Q081,english,51,False,True,0.5,True,True,True,True,True,True,True,False,False,True,0.5,True,True,True,True,True,True,True,False
Q081,bangla,51,True,True,1.0,True,True,True,True,True,True,True,False,True,True,1.0,True,True,True,True,True,True,True,False
Q081,banglish,51,True,True,1.0,True,True,True,True,True,True,True,False,True,True,1.0,True,True,True,True,True,True,True,False
Q082,english,51,True,True,1.0,True,True,True,True,True,True,True,True,True,True,1.0,True,True,True,True,True,True,True,True
Q082,bangla,51,True,True,1.0,True,True,True,True,True,True,True,True,True,True,1.0,True,True,True,True,True,True,True,True
Q082,banglish,51,True,True,1.0,True,True,True,True,True,True,True,True,True,True,1.0,True,True,True,True,True,True,True,True
Q083,english,51,False,True,0.5,True,True,True,True,False,True,False,True,False,True,0.5,True,True,True,True,False,True,False,True
Q083,bangla,51,False,True,0.5,True,True,True,True,False,True,False,True,False,True,0.5,True,True,True,True,False,True,False,True
Q083,banglish,51,False,True,0.5,True,True,True,True,False,True,False,True,False,True,0.5,True,True,True,True,False,True,False,True
Q085,english,51,True,True,1.0,True,False,True,True,True,True,False,False,True,True,1.0,True,False,True,True,True,True,False,False
Q085,bangla,51,True,True,1.0,True,False,True,True,True,True,False,False,True,True,1.0,True,False,True,True,True,True,False,False
Q085,banglish,51,True,True,1.0,True,False,True,True,True,True,False,False,True,True,1.0,True,False,True,True,True,True,False,False
Q086,english,51,True,True,1.0,True,True,True,True,True,True,True,True,True,True,1.0,True,True,True,True,True,True,True,True
Q086,bangla,51,False,True,0.5,True,True,True,True,True,True,True,True,False,True,0.5,True,True,True,True,True,True,True,True
Q086,banglish,51,False,True,0.5,True,True,True,True,True,True,True,True,False,True,0.5,True,True,True,True,True,True,True,True
Q087,english,51,True,True,1.0,True,True,True,True,True,True,True,True,True,True,1.0,True,True,True,True,True,True,True,True
Q087,bangla,51,False,True,0.5,True,True,True,True,True,True,True,True,False,True,0.5,True,True,True,True,True,True,True,True
Q087,banglish,51,False,True,0.5,True,True,True,True,True,True,True,True,False,True,0.5,True,True,True,True,True,True,True,True
Q088,english,51,True,True,1.0,True,True,True,True,True,True,True,True,True,True,1.0,True,True,True,True,True,True,True,True
Q088,bangla,51,False,True,0.5,True,True,True,True,True,True,True,True,False,True,0.5,True,True,True,True,True,True,True,True
Q088,banglish,51,True,True,1.0,True,True,True,True,True,True,True,True,True,True,1.0,True,True,True,True,True,True,True,True
Q089,english,52,True,True,1.0,True,True,True,True,True,True,True,True,True,True,1.0,True,True,True,True,True,True,True,True
Q089,bangla,52,True,True,1.0,True,True,True,True,True,True,True,True,True,True,1.0,True,True,True,True,True,True,True,True
Q089,banglish,52,True,True,1.0,True,True,True,True,True,True,True,True,True,True,1.0,True,True,True,True,True,True,True,True
Q090,english,52,False,True,0.5,True,True,True,True,True,True,True,True,False,True,0.5,True,True,True,True,True,True,True,True
Q090,bangla,52,False,True,0.5,True,True,True,True,True,True,True,True,False,True,0.5,True,True,True,True,True,True,True,True
Q090,banglish,52,False,True,0.5,True,True,True,True,True,True,True,True,False,True,0.5,True,True,True,True,True,True,True,True
Q091,english,52,True,True,1.0,True,True,True,True,True,True,True,True,True,True,1.0,True,True,True,True,True,True,True,True
Q091,bangla,52,True,True,1.0,True,True,True,True,True,True,True,True,True,True,1.0,True,True,True,True,True,True,True,True
Q091,banglish,52,True,True,1.0,True,True,True,True,True,True,True,True,True,True,1.0,True,True,True,True,True,True,True,True
Q092,english,52,False,True,0.5,True,True,True,True,True,True,True,True,False,True,0.5,True,True,True,True,True,True,True,True
Q092,bangla,52,False,True,0.5,True,True,True,True,True,True,True,True,False,True,0.5,True,True,True,True,True,True,True,True
Q092,banglish,52,False,True,0.5,True,True,True,True,True,True,True,True,False,True,0.5,True,True,True,True,True,True,True,True
Q093,english,52,False,True,0.5,True,True,True,True,True,True,True,True,False,True,0.5,True,True,True,True,True,True,True,True
Q093,bangla,52,False,True,0.5,True,True,True,True,True,True,True,True,False,True,0.5,True,True,True,True,True,True,True,True
Q093,banglish,52,False,True,0.5,True,True,True,True,True,True,True,True,False,True,0.5,True,True,True,True,True,True,True,True
Q094,english,52,False,True,0.5,True,True,True,True,True,True,True,True,False,True,0.5,True,True,True,True,True,True,True,True
Q094,bangla,52,False,True,0.5,True,True,True,True,True,True,True,True,False,True,0.5,True,True,True,True,True,True,True,True
Q094,banglish,52,False,True,0.5,True,True,True,True,True,True,True,True,False,True,0.5,True,True,True,True,True,True,True,True
Q095,english,52,False,True,0.5,True,True,True,True,True,True,True,True,False,True,0.5,True,True,True,True,True,True,True,True
Q095,bangla,52,False,True,0.5,True,True,True,True,True,True,True,True,False,True,0.5,True,True,True,True,True,True,True,True
Q095,banglish,52,False,True,0.5,True,True,True,True,True,True,True,True,False,True,0.5,True,True,True,True,True,True,True,True
Q096,english,52,True,True,1.0,True,True,True,True,True,True,True,True,True,True,1.0,True,True,True,True,True,True,True,True
Q096,bangla,52,True,True,1.0,True,True,True,True,True,True,True,True,True,True,1.0,True,True,True,True,True,True,True,True
Q096,banglish,52,True,True,1.0,True,True,True,True,True,True,True,True,True,True,1.0,True,True,True,True,True,True,True,True
Q097,english,52,False,True,0.5,True,True,True,True,True,True,True,True,False,True,0.5,True,True,True,True,True,True,True,True
Q097,bangla,52,False,True,0.5,True,True,True,True,True,True,True,True,False,True,0.5,True,True,True,True,True,True,True,True
Q097,banglish,52,False,True,0.5,True,True,True,True,True,True,True,True,False,True,0.5,True,True,True,True,True,True,True,True
Q098,english,52,True,True,1.0,True,True,True,True,True,True,True,True,True,True,1.0,True,True,True,True,True,True,True,True
Q098,bangla,52,True,True,1.0,True,True,True,True,True,True,True,True,True,True,1.0,True,True,True,True,True,True,True,True
Q098,banglish,52,False,True,0.5,True,True,True,True,True,True,True,True,False,True,0.5,True,True,True,True,True,True,True,True
Q099,english,52,True,True,1.0,True,True,True,True,True,True,True,True,True,True,1.0,True,True,True,True,True,True,True,True
Q099,bangla,52,False,True,0.5,True,True,True,True,True,True,True,True,False,True,0.5,True,True,True,True,True,True,True,True
Q099,banglish,52,False,True,0.5,True,True,True,True,True,True,True,True,False,True,0.5,True,True,True,True,True,True,True,True
Q100,english,52,False,True,0.5,True,True,True,True,True,True,True,True,False,True,0.5,True,True,True,True,True,True,True,True
Q100,bangla,52,False,True,0.5,True,True,True,True,True,True,True,True,False,True,0.5,True,True,True,True,True,True,True,True
Q100,banglish,52,False,True,0.5,True,True,True,True,True,True,True,True,False,True,0.5,True,True,True,True,True,True,True,True
Q001,english,1,False,True,0.5,False,False,False,True,False,True,False,True,False,True,0.5,False,False,False,True,False,True,False,True
Q001,banglish,1,False,True,0.3333333333333333,False,False,False,True,False,True,False,True,False,True,0.3333333333333333,False,False,False,True,False,True,False,True
Q003,english,2,False,False,0,False,False,False,True,False,True,False,True,False,False,0,False,False,False,True,False,True,False,True
Q006,english,4,False,True,0.5,False,False,False,True,True,True,False,True,False,True,0.5,False,False,False,True,True,True,False,True
Q014,english,11,True,True,1.0,False,False,False,True,True,True,True,True,True,True,1.0,False,False,False,True,True,True,True,True
Q014,banglish,11,True,True,1.0,False,False,False,True,True,True,True,True,True,True,1.0,False,False,False,True,True,True,True,True
Q015,english,17,True,True,1.0,False,False,False,True,True,True,True,True,True,True,1.0,False,False,False,True,True,True,True,True
Q015,bangla,17,True,True,1.0,False,False,False,True,True,True,True,True,True,True,1.0,False,False,False,True,True,True,True,True
Q015,banglish,17,True,True,1.0,False,False,False,True,True,True,True,True,True,True,1.0,False,False,False,True,True,True,True,True
Q016,english,17,True,True,1.0,False,False,False,True,True,True,True,True,True,True,1.0,False,False,False,True,True,True,True,True
Q016,banglish,17,True,True,1.0,False,False,False,True,True,True,True,True,True,True,1.0,False,False,False,True,True,True,True,True
Q017,english,17,True,True,1.0,False,False,False,True,True,True,True,True,True,True,1.0,False,False,False,True,True,True,True,True
Q017,bangla,17,True,True,1.0,False,False,False,True,True,True,True,True,True,True,1.0,False,False,False,True,True,True,True,True
Q017,banglish,17,True,True,1.0,False,False,False,True,True,True,True,True,True,True,1.0,False,False,False,True,True,True,True,True
Q022,bangla,19,False,True,0.5,True,True,True,True,True,True,True,True,False,True,0.5,True,True,True,True,True,True,True,True
Q022,banglish,19,True,True,1.0,True,True,True,True,True,True,True,True,True,True,1.0,True,True,True,True,True,True,True,True
Q023,english,20,True,True,1.0,False,False,False,True,True,True,True,True,True,True,1.0,False,False,False,True,True,True,True,True
Q023,bangla,20,True,True,1.0,False,False,False,True,True,True,True,True,True,True,1.0,False,False,False,True,True,True,True,True
Q023,banglish,20,True,True,1.0,False,False,False,True,True,True,True,True,True,True,1.0,False,False,False,True,True,True,True,True
Q024,english,20,True,True,1.0,False,False,False,True,True,True,True,True,True,True,1.0,False,False,False,True,True,True,True,True
Q024,bangla,20,False,True,0.5,False,False,False,True,True,True,True,True,False,True,0.5,False,False,False,True,True,True,True,True
Q024,banglish,20,True,True,1.0,False,False,False,True,True,True,True,True,True,True,1.0,False,False,False,True,True,True,True,True
Q025,english,20,True,True,1.0,False,False,False,True,True,True,True,True,True,True,1.0,False,False,False,True,True,True,True,True
Q025,bangla,20,True,True,1.0,False,False,False,True,True,True,True,True,True,True,1.0,False,False,False,True,True,True,True,True
Q025,banglish,20,True,True,1.0,False,False,False,True,True,True,True,True,True,True,1.0,False,False,False,True,True,True,True,True
Q027,english,20,True,True,1.0,False,False,False,True,True,True,True,True,True,True,1.0,False,False,False,True,True,True,True,True
Q027,banglish,20,True,True,1.0,False,False,False,True,True,True,True,True,True,True,1.0,False,False,False,True,True,True,True,True
Q028,english,20,True,True,1.0,False,False,False,True,True,True,True,True,True,True,1.0,False,False,False,True,True,True,True,True
Q031,english,22,True,True,1.0,False,False,False,True,True,True,True,True,True,True,1.0,False,False,False,True,True,True,True,True
Q035,english,51,True,True,1.0,True,True,True,True,True,True,True,True,True,True,1.0,True,True,True,True,True,True,True,True
Q035,bangla,51,True,True,1.0,True,True,True,True,True,True,True,True,True,True,1.0,True,True,True,True,True,True,True,True
Q035,banglish,51,True,True,1.0,True,True,True,True,True,True,True,True,True,True,1.0,True,True,True,True,True,True,True,True
Q084,english,51,True,True,1.0,True,True,True,True,True,True,True,True,True,True,1.0,True,True,True,True,True,True,True,True
Q084,bangla,51,True,True,1.0,True,True,True,True,True,True,True,True,True,True,1.0,True,True,True,True,True,True,True,True
Q084,banglish,51,True,True,1.0,True,True,True,True,True,True,True,True,True,True,1.0,True,True,True,True,True,True,True,True
