question_id,english_status,bangla_status,banglish_status,category
Q001,supported,ambiguous,supported,ENGLISH_AND_BANGLISH
Q002,supported,supported,supported,ALL_THREE_SUPPORTED
Q003,supported,insufficient,insufficient,ENGLISH_ONLY
Q004,insufficient,supported,supported,MULTILINGUAL_MISMATCH
Q005,supported,insufficient,supported,ENGLISH_AND_BANGLISH
Q006,supported,insufficient,supported,ENGLISH_AND_BANGLISH
Q007,supported,insufficient,supported,ENGLISH_AND_BANGLISH
Q008,supported,insufficient,supported,ENGLISH_AND_BANGLISH
Q009,supported,supported,supported,ALL_THREE_SUPPORTED
Q010,supported,insufficient,supported,ENGLISH_AND_BANGLISH
Q011,supported,insufficient,supported,ENGLISH_AND_BANGLISH
Q012,insufficient,ambiguous,supported,BANGLISH_ONLY
Q013,supported,supported,supported,ALL_THREE_SUPPORTED
Q014,supported,supported,supported,ALL_THREE_SUPPORTED
Q016,supported,supported,supported,ALL_THREE_SUPPORTED
Q018,ambiguous,ambiguous,ambiguous,NONE_SUPPORTED
Q019,supported,insufficient,supported,ENGLISH_AND_BANGLISH
Q020,supported,insufficient,supported,ENGLISH_AND_BANGLISH
Q021,supported,supported,supported,ALL_THREE_SUPPORTED
Q022,insufficient,supported,supported,MULTILINGUAL_MISMATCH
Q026,supported,supported,supported,ALL_THREE_SUPPORTED
Q027,supported,supported,supported,ALL_THREE_SUPPORTED
Q028,supported,supported,supported,ALL_THREE_SUPPORTED
Q029,supported,supported,supported,ALL_THREE_SUPPORTED
Q030,supported,supported,supported,ALL_THREE_SUPPORTED
Q031,supported,supported,supported,ALL_THREE_SUPPORTED
Q032,supported,supported,supported,ALL_THREE_SUPPORTED
Q033,supported,supported,supported,ALL_THREE_SUPPORTED
Q034,supported,supported,supported,ALL_THREE_SUPPORTED
Q036,insufficient,insufficient,insufficient,NONE_SUPPORTED
Q037,supported,supported,supported,ALL_THREE_SUPPORTED
Q038,supported,supported,supported,ALL_THREE_SUPPORTED
Q039,supported,supported,supported,ALL_THREE_SUPPORTED
Q040,supported,supported,supported,ALL_THREE_SUPPORTED
Q041,supported,supported,supported,ALL_THREE_SUPPORTED
Q042,supported,supported,supported,ALL_THREE_SUPPORTED
Q043,supported,supported,supported,ALL_THREE_SUPPORTED
Q044,supported,supported,supported,ALL_THREE_SUPPORTED
Q045,supported,supported,supported,ALL_THREE_SUPPORTED
Q046,supported,supported,supported,ALL_THREE_SUPPORTED
Q047,supported,supported,supported,ALL_THREE_SUPPORTED
Q048,supported,supported,supported,ALL_THREE_SUPPORTED
Q049,supported,supported,supported,ALL_THREE_SUPPORTED
Q050,supported,supported,supported,ALL_THREE_SUPPORTED
Q051,supported,supported,supported,ALL_THREE_SUPPORTED
Q052,supported,supported,supported,ALL_THREE_SUPPORTED
Q053,supported,supported,supported,ALL_THREE_SUPPORTED
Q054,supported,supported,supported,ALL_THREE_SUPPORTED
Q055,supported,supported,supported,ALL_THREE_SUPPORTED
Q056,supported,supported,supported,ALL_THREE_SUPPORTED
Q057,supported,supported,supported,ALL_THREE_SUPPORTED
Q058,supported,supported,supported,ALL_THREE_SUPPORTED
Q059,supported,supported,supported,ALL_THREE_SUPPORTED
Q060,supported,supported,supported,ALL_THREE_SUPPORTED
Q061,supported,supported,supported,ALL_THREE_SUPPORTED
Q062,supported,supported,supported,ALL_THREE_SUPPORTED
Q063,supported,supported,supported,ALL_THREE_SUPPORTED
Q064,supported,supported,supported,ALL_THREE_SUPPORTED
Q065,supported,supported,supported,ALL_THREE_SUPPORTED
Q066,supported,supported,supported,ALL_THREE_SUPPORTED
Q067,supported,supported,supported,ALL_THREE_SUPPORTED
Q068,supported,supported,supported,ALL_THREE_SUPPORTED
Q069,supported,supported,supported,ALL_THREE_SUPPORTED
Q070,supported,supported,supported,ALL_THREE_SUPPORTED
Q071,supported,supported,supported,ALL_THREE_SUPPORTED
Q072,supported,supported,supported,ALL_THREE_SUPPORTED
Q073,supported,supported,supported,ALL_THREE_SUPPORTED
Q074,supported,supported,supported,ALL_THREE_SUPPORTED
Q075,supported,supported,supported,ALL_THREE_SUPPORTED
Q076,supported,supported,supported,ALL_THREE_SUPPORTED
Q077,supported,supported,supported,ALL_THREE_SUPPORTED
Q078,supported,supported,supported,ALL_THREE_SUPPORTED
Q079,supported,supported,supported,ALL_THREE_SUPPORTED
Q080,supported,supported,supported,ALL_THREE_SUPPORTED
Q081,conflicting,conflicting,conflicting,NONE_SUPPORTED
Q082,supported,supported,supported,ALL_THREE_SUPPORTED
Q083,supported,supported,supported,ALL_THREE_SUPPORTED
Q085,insufficient,insufficient,insufficient,NONE_SUPPORTED
Q086,supported,supported,supported,ALL_THREE_SUPPORTED
Q087,supported,supported,supported,ALL_THREE_SUPPORTED
Q088,supported,supported,supported,ALL_THREE_SUPPORTED
Q089,supported,supported,supported,ALL_THREE_SUPPORTED
Q090,supported,supported,supported,ALL_THREE_SUPPORTED
Q091,supported,supported,supported,ALL_THREE_SUPPORTED
Q092,supported,supported,supported,ALL_THREE_SUPPORTED
Q093,supported,supported,supported,ALL_THREE_SUPPORTED
Q094,supported,supported,supported,ALL_THREE_SUPPORTED
Q095,supported,supported,supported,ALL_THREE_SUPPORTED
Q096,supported,supported,supported,ALL_THREE_SUPPORTED
Q097,supported,supported,supported,ALL_THREE_SUPPORTED
Q098,supported,supported,supported,ALL_THREE_SUPPORTED
Q099,supported,supported,supported,ALL_THREE_SUPPORTED
Q100,supported,supported,supported,ALL_THREE_SUPPORTED
Q015,supported,supported,supported,ALL_THREE_SUPPORTED
Q017,supported,supported,supported,ALL_THREE_SUPPORTED
Q023,supported,supported,supported,ALL_THREE_SUPPORTED
Q024,supported,supported,supported,ALL_THREE_SUPPORTED
Q025,supported,supported,supported,ALL_THREE_SUPPORTED
Q035,supported,supported,supported,ALL_THREE_SUPPORTED
Q084,supported,supported,supported,ALL_THREE_SUPPORTED
